# Wavefront Obj file
# 
# verts: 1944 uv-s: 2929
mtllib big.mtl

g Group65025
#pivot 0.000000 0.000000 0.000000

v -0.179631 -0.014085 0.122289
v -0.140400 -0.014085 0.091357
v -0.508437 -0.014085 -0.087230
v -0.071543 -0.014085 -0.502716
v -0.173077 -0.014085 -0.129624
v -0.058647 -0.014085 0.199237
v -0.070506 -0.014085 -0.214772
v -0.030932 -0.014085 0.173218
v -0.051788 -0.014085 -0.152878
v -0.231738 -0.014085 0.447683
v -0.134730 -0.014085 -0.123729
v -0.358929 -0.014085 0.348173
v -0.171549 -0.014085 -0.006633
v -0.223940 -0.014085 -0.003435
v -0.454546 -0.014085 -0.238558
v -0.407282 -0.014085 0.372312
v -0.173431 -0.014085 0.092085
v -0.152828 -0.014085 0.123789
v -0.147358 -0.014085 0.063379
v -0.173435 -0.014085 0.069677
v -0.112386 -0.014085 0.070387
v -0.121497 -0.014085 0.051604
v -0.131447 -0.014085 0.130911
v -0.116018 -0.014085 0.107181
v -0.096841 -0.014085 0.085775
v -0.534763 -0.014085 -0.074798
v -0.520702 -0.014085 -0.104664
v -0.543880 -0.014085 -0.090932
v -0.088267 -0.014085 -0.498671
v -0.081634 -0.014085 -0.476121
v -0.062751 -0.014085 -0.534094
v -0.081144 -0.014085 -0.520981
v -0.094350 -0.014085 -0.512411
v -0.091701 -0.014085 -0.540010
v -0.074702 -0.014085 -0.553402
v -0.134995 -0.014085 -0.546230
v -0.116092 -0.014085 -0.538588
v -0.103407 -0.014085 -0.526579
v -0.169660 -0.014085 -0.098094
v -0.142476 -0.014085 -0.089478
v -0.072932 -0.014085 0.175272
v -0.055868 -0.014085 0.151430
v -0.210985 -0.014085 0.511165
v -0.221549 -0.014085 0.493856
v -0.228124 -0.014085 0.473652
v -0.248325 -0.014085 0.478946
v -0.275121 -0.014085 0.479241
v -0.080511 -0.014085 -0.185964
v -0.048382 -0.014085 -0.195879
v 0.000000 -0.014085 0.171222
v 0.000000 -0.014085 0.134098
v -0.023059 -0.014085 0.132078
v -0.043678 -0.014085 0.122274
v -0.484474 -0.014085 -0.258583
v -0.468959 -0.014085 -0.265324
v -0.476114 -0.014085 -0.288619
v -0.503487 -0.014085 -0.244813
v -0.474438 -0.014085 -0.309060
v -0.093489 -0.014085 -0.159001
v -0.071457 -0.014085 -0.130207
v -0.023482 -0.014085 -0.147851
v -0.023519 -0.014085 -0.182338
v -0.254016 -0.014085 0.454806
v -0.549958 -0.014085 -0.114545
v -0.565412 -0.014085 -0.043794
v -0.553718 -0.014085 -0.060666
v -0.115824 -0.014085 -0.073976
v -0.104358 -0.014085 -0.096525
v -0.088777 -0.014085 -0.112940
v -0.110846 -0.014085 -0.140699
v -0.386168 -0.014085 0.356901
v -0.357198 -0.014085 0.371245
v -0.385957 -0.014085 0.378024
v -0.135915 -0.014085 -0.005814
v -0.131162 -0.014085 -0.029368
v -0.158647 -0.014085 -0.035953
v -0.182111 -0.014085 -0.045716
v -0.198808 -0.014085 -0.023706
v -0.161990 -0.014085 0.019177
v -0.133250 -0.014085 0.013800
v -0.202314 -0.014085 0.013272
v -0.189103 -0.014085 0.028788
v -0.473554 -0.014085 -0.232350
v -0.405525 -0.014085 0.360752
v -0.425348 -0.014085 0.357532
v -0.374120 -0.014085 0.399630
v -0.360930 -0.014085 0.422032
v -0.343652 -0.014085 0.409719
v -0.352991 -0.014085 0.390685
v -0.293498 -0.014085 0.449848
v -0.272873 -0.014085 0.456202
v -0.301093 -0.014085 0.469203
v -0.175381 -0.014085 0.535032
v -0.194790 -0.014085 0.525136
v -0.133066 -0.014085 0.547809
v -0.089108 -0.014085 0.556296
v -0.044686 -0.014085 0.562008
v 0.000000 -0.014085 0.564143
v -0.573662 -0.014085 -0.001079
v -0.571621 -0.014085 -0.022924
v -0.574127 -0.014085 0.021051
v -0.566183 -0.014085 0.087545
v -0.556241 -0.014085 0.131391
v -0.543406 -0.014085 0.174546
v -0.527530 -0.014085 0.216594
v -0.508506 -0.014085 0.257289
v -0.486105 -0.014085 0.296077
v -0.459496 -0.014085 0.331343
v -0.443710 -0.014085 0.346685
v -0.489496 -0.014085 -0.224671
v -0.502495 -0.014085 -0.211843
v -0.525974 -0.014085 -0.158080
v -0.528965 -0.014085 -0.139292
v -0.527668 -0.014085 -0.120600
v -0.550434 -0.014085 -0.139114
v -0.546140 -0.014085 -0.162296
v -0.519539 -0.014085 -0.225506
v -0.454855 -0.014085 -0.348584
v -0.042809 -0.014085 -0.544403
v -0.050658 -0.014085 -0.563464
v -0.156972 -0.014085 -0.546853
v -0.200359 -0.014085 -0.536048
v -0.242360 -0.014085 -0.518354
v -0.283003 -0.014085 -0.497096
v -0.322004 -0.014085 -0.473005
v -0.358886 -0.014085 -0.445944
v -0.393594 -0.014085 -0.416070
v -0.425985 -0.014085 -0.383771
v -0.179039 -0.014085 0.048434
v -0.154114 -0.014085 0.040897
v -0.128145 -0.014085 0.032723
v -0.124247 -0.014085 -0.051840
v -0.149574 -0.014085 -0.062064
v -0.172657 -0.014085 -0.070931
v 0.000000 -0.014085 -0.146488
v 0.000000 -0.014085 -0.178905
v -0.080034 -0.014085 0.099037
v -0.062359 -0.014085 0.111112
v -0.076123 -0.014085 0.135182
v -0.095441 -0.014085 0.120767
v -0.109638 -0.014085 0.141766
v -0.090701 -0.014085 0.157325
v 0.179631 -0.014085 0.122289
v 0.140400 -0.014085 0.091357
v 0.508437 -0.014085 -0.087230
v 0.071543 -0.014085 -0.502716
v 0.173077 -0.014085 -0.129624
v 0.058647 -0.014085 0.199237
v 0.070506 -0.014085 -0.214772
v 0.030932 -0.014085 0.173218
v 0.051788 -0.014085 -0.152878
v 0.231738 -0.014085 0.447683
v 0.134730 -0.014085 -0.123729
v 0.358929 -0.014085 0.348173
v 0.171549 -0.014085 -0.006633
v 0.223940 -0.014085 -0.003435
v 0.454546 -0.014085 -0.238558
v 0.407282 -0.014085 0.372312
v 0.173431 -0.014085 0.092085
v 0.152828 -0.014085 0.123789
v 0.147358 -0.014085 0.063379
v 0.173435 -0.014085 0.069677
v 0.112386 -0.014085 0.070387
v 0.121497 -0.014085 0.051604
v 0.131447 -0.014085 0.130911
v 0.116018 -0.014085 0.107181
v 0.096841 -0.014085 0.085775
v 0.534763 -0.014085 -0.074798
v 0.520702 -0.014085 -0.104664
v 0.543880 -0.014085 -0.090932
v 0.088267 -0.014085 -0.498671
v 0.081634 -0.014085 -0.476121
v 0.062751 -0.014085 -0.534094
v 0.081144 -0.014085 -0.520981
v 0.094350 -0.014085 -0.512411
v 0.091701 -0.014085 -0.540010
v 0.074702 -0.014085 -0.553402
v 0.134995 -0.014085 -0.546230
v 0.116092 -0.014085 -0.538588
v 0.103407 -0.014085 -0.526579
v 0.169660 -0.014085 -0.098094
v 0.142476 -0.014085 -0.089478
v 0.072932 -0.014085 0.175272
v 0.055868 -0.014085 0.151430
v 0.210985 -0.014085 0.511165
v 0.221549 -0.014085 0.493856
v 0.228124 -0.014085 0.473652
v 0.248325 -0.014085 0.478946
v 0.275121 -0.014085 0.479241
v 0.080511 -0.014085 -0.185964
v 0.048382 -0.014085 -0.195879
v 0.023059 -0.014085 0.132078
v 0.043678 -0.014085 0.122274
v 0.484474 -0.014085 -0.258583
v 0.468959 -0.014085 -0.265324
v 0.476114 -0.014085 -0.288619
v 0.503487 -0.014085 -0.244813
v 0.474438 -0.014085 -0.309060
v 0.093489 -0.014085 -0.159001
v 0.071457 -0.014085 -0.130207
v 0.023482 -0.014085 -0.147851
v 0.023519 -0.014085 -0.182338
v 0.254016 -0.014085 0.454806
v 0.549958 -0.014085 -0.114545
v 0.565412 -0.014085 -0.043794
v 0.553718 -0.014085 -0.060666
v 0.115824 -0.014085 -0.073976
v 0.104358 -0.014085 -0.096525
v 0.088777 -0.014085 -0.112940
v 0.110846 -0.014085 -0.140699
v 0.386168 -0.014085 0.356901
v 0.357198 -0.014085 0.371245
v 0.385957 -0.014085 0.378024
v 0.135915 -0.014085 -0.005814
v 0.131162 -0.014085 -0.029368
v 0.158647 -0.014085 -0.035953
v 0.182111 -0.014085 -0.045716
v 0.198808 -0.014085 -0.023706
v 0.161990 -0.014085 0.019177
v 0.133250 -0.014085 0.013800
v 0.202314 -0.014085 0.013272
v 0.189103 -0.014085 0.028788
v 0.473554 -0.014085 -0.232350
v 0.405525 -0.014085 0.360752
v 0.425348 -0.014085 0.357532
v 0.374120 -0.014085 0.399630
v 0.360930 -0.014085 0.422032
v 0.343652 -0.014085 0.409719
v 0.352991 -0.014085 0.390685
v 0.293498 -0.014085 0.449848
v 0.272873 -0.014085 0.456202
v 0.301093 -0.014085 0.469203
v 0.175381 -0.014085 0.535032
v 0.194790 -0.014085 0.525136
v 0.133066 -0.014085 0.547809
v 0.089108 -0.014085 0.556296
v 0.044686 -0.014085 0.562008
v 0.573662 -0.014085 -0.001079
v 0.571621 -0.014085 -0.022924
v 0.574127 -0.014085 0.021051
v 0.566183 -0.014085 0.087545
v 0.556241 -0.014085 0.131391
v 0.543406 -0.014085 0.174546
v 0.527530 -0.014085 0.216594
v 0.508506 -0.014085 0.257289
v 0.486105 -0.014085 0.296077
v 0.459496 -0.014085 0.331343
v 0.443710 -0.014085 0.346685
v 0.489496 -0.014085 -0.224671
v 0.502495 -0.014085 -0.211843
v 0.525974 -0.014085 -0.158080
v 0.528965 -0.014085 -0.139292
v 0.527668 -0.014085 -0.120600
v 0.550434 -0.014085 -0.139114
v 0.546140 -0.014085 -0.162296
v 0.519539 -0.014085 -0.225506
v 0.454855 -0.014085 -0.348584
v 0.042809 -0.014085 -0.544403
v 0.050658 -0.014085 -0.563464
v 0.156972 -0.014085 -0.546853
v 0.200359 -0.014085 -0.536048
v 0.242360 -0.014085 -0.518354
v 0.283003 -0.014085 -0.497096
v 0.322004 -0.014085 -0.473005
v 0.358886 -0.014085 -0.445944
v 0.393594 -0.014085 -0.416070
v 0.425985 -0.014085 -0.383771
v 0.179039 -0.014085 0.048434
v 0.154114 -0.014085 0.040897
v 0.128145 -0.014085 0.032723
v 0.124247 -0.014085 -0.051840
v 0.149574 -0.014085 -0.062064
v 0.172657 -0.014085 -0.070931
v 0.080034 -0.014085 0.099037
v 0.062359 -0.014085 0.111112
v 0.076123 -0.014085 0.135182
v 0.095441 -0.014085 0.120767
v 0.109638 -0.014085 0.141766
v 0.090701 -0.014085 0.157325
v -0.196872 -0.014085 0.088472
v -0.196872 -0.032984 0.088472
v -0.205397 -0.014085 0.107269
v -0.205397 -0.032984 0.107269
v 0.420369 -0.014085 -0.445009
v 0.420369 -0.032984 -0.445009
v 0.383311 -0.014085 -0.476906
v 0.383311 -0.032984 -0.476906
v -0.171060 -0.014085 0.143911
v -0.171060 -0.032984 0.143911
v -0.155332 -0.014085 0.142623
v -0.155332 -0.032984 0.142623
v 0.439653 -0.014085 -0.259502
v 0.439653 -0.032984 -0.259502
v 0.167064 -0.014085 -0.164533
v 0.167064 -0.032984 -0.164533
v -0.525387 -0.014085 -0.055394
v -0.525387 -0.032984 -0.055394
v -0.507925 -0.014085 -0.059285
v -0.507925 -0.032984 -0.059285
v -0.493274 -0.014085 -0.109567
v -0.493274 -0.032984 -0.109567
v -0.501322 -0.014085 -0.117274
v -0.501322 -0.032984 -0.117274
v 0.018383 -0.014085 -0.108957
v 0.018383 -0.032984 -0.108957
v 0.035030 -0.014085 -0.103877
v 0.035030 -0.032984 -0.103877
v 0.051747 -0.014085 -0.095893
v 0.051747 -0.032984 -0.095893
v -0.084326 -0.014085 -0.604793
v -0.084326 -0.032984 -0.604793
v -0.112269 -0.014085 -0.600463
v -0.112269 -0.032984 -0.600463
v -0.137749 -0.014085 -0.595178
v -0.137749 -0.032984 -0.595178
v 0.193105 -0.014085 -0.118594
v 0.193105 -0.032984 -0.118594
v 0.456174 -0.014085 -0.211204
v 0.456174 -0.032984 -0.211204
v 0.375452 -0.014085 0.329737
v 0.375452 -0.032984 0.329737
v 0.205397 -0.014085 0.107269
v 0.205397 -0.032984 0.107269
v -0.142562 -0.014085 -0.162593
v -0.142562 -0.032984 -0.162593
v -0.167064 -0.014085 -0.164533
v -0.167064 -0.032984 -0.164533
v -0.193105 -0.014085 -0.118594
v -0.193105 -0.032984 -0.118594
v -0.187138 -0.014085 -0.097742
v -0.187138 -0.032984 -0.097742
v -0.037873 -0.014085 0.218367
v -0.037873 -0.032984 0.218367
v -0.016711 -0.014085 0.203198
v -0.016711 -0.032984 0.203198
v -0.091340 -0.014085 0.186234
v -0.091340 -0.032984 0.186234
v -0.087061 -0.014085 0.199498
v -0.087061 -0.032984 0.199498
v 0.078348 -0.014085 -0.075496
v 0.078348 -0.032984 -0.075496
v 0.092241 -0.014085 -0.058015
v 0.092241 -0.032984 -0.058015
v 0.211123 -0.014085 -0.037010
v 0.211123 -0.032984 -0.037010
v 0.197684 -0.014085 -0.054148
v 0.197684 -0.032984 -0.054148
v -0.264705 -0.014085 0.541689
v -0.264705 -0.032984 0.541689
v -0.239335 -0.014085 0.552933
v -0.239335 -0.032984 0.552933
v -0.294846 -0.014085 0.526417
v -0.294846 -0.032984 0.526417
v -0.096501 -0.014085 -0.218896
v -0.096501 -0.032984 -0.218896
v -0.100822 -0.014085 -0.196530
v -0.100822 -0.032984 -0.196530
v 0.102478 -0.014085 -0.495493
v 0.102478 -0.032984 -0.495493
v 0.106897 -0.014085 -0.505934
v 0.106897 -0.032984 -0.505934
v -0.039602 -0.014085 -0.214131
v -0.039602 -0.032984 -0.214131
v -0.051307 -0.014085 -0.226547
v -0.051307 -0.032984 -0.226547
v 0.000000 -0.014085 0.199296
v 0.000000 -0.032984 0.199296
v -0.531905 -0.014085 -0.304768
v -0.531905 -0.032984 -0.304768
v -0.547503 -0.014085 -0.275548
v -0.547503 -0.032984 -0.275548
v -0.517084 -0.014085 -0.329131
v -0.517084 -0.032984 -0.329131
v 0.452728 -0.014085 -0.274987
v 0.452728 -0.032984 -0.274987
v -0.249338 -0.014085 0.425056
v -0.249338 -0.032984 0.425056
v -0.261100 -0.014085 0.430333
v -0.261100 -0.032984 0.430333
v -0.204210 -0.014085 0.454183
v -0.204210 -0.032984 0.454183
v -0.205838 -0.014085 0.471183
v -0.205838 -0.032984 0.471183
v -0.601557 -0.014085 -0.116681
v -0.601557 -0.032984 -0.116681
v -0.607053 -0.014085 -0.084197
v -0.607053 -0.032984 -0.084197
v 0.218723 -0.014085 0.030548
v 0.218723 -0.032984 0.030548
v 0.235171 -0.014085 0.021419
v 0.235171 -0.032984 0.021419
v -0.610301 -0.014085 -0.056159
v -0.610301 -0.032984 -0.056159
v -0.375452 -0.014085 0.329737
v -0.375452 -0.032984 0.329737
v -0.392149 -0.014085 0.339414
v -0.392149 -0.032984 0.339414
v 0.231038 -0.014085 -0.026622
v 0.231038 -0.032984 -0.026622
v 0.000000 -0.014085 -0.111048
v 0.000000 -0.032984 -0.111048
v -0.334740 -0.014085 0.369725
v -0.334740 -0.032984 0.369725
v -0.332386 -0.014085 0.357304
v -0.332386 -0.032984 0.357304
v 0.493274 -0.014085 -0.109567
v 0.493274 -0.032984 -0.109567
v 0.039602 -0.014085 -0.214131
v 0.039602 -0.032984 -0.214131
v 0.022195 -0.014085 -0.206662
v 0.022195 -0.032984 -0.206662
v -0.211123 -0.014085 -0.037010
v -0.211123 -0.032984 -0.037010
v -0.231038 -0.014085 -0.026622
v -0.231038 -0.032984 -0.026622
v -0.235171 -0.014085 0.021419
v -0.235171 -0.032984 0.021419
v -0.218723 -0.014085 0.030548
v -0.218723 -0.032984 0.030548
v -0.439653 -0.014085 -0.259502
v -0.439653 -0.032984 -0.259502
v -0.452728 -0.014085 -0.274987
v -0.452728 -0.032984 -0.274987
v -0.456174 -0.014085 -0.211204
v -0.456174 -0.032984 -0.211204
v -0.467102 -0.014085 -0.210725
v -0.467102 -0.032984 -0.210725
v -0.456384 -0.014085 0.398765
v -0.456384 -0.032984 0.398765
v -0.437458 -0.014085 0.418854
v -0.437458 -0.032984 0.418854
v 0.507925 -0.014085 -0.059285
v 0.507925 -0.032984 -0.059285
v -0.417073 -0.014085 0.438588
v -0.417073 -0.032984 0.438588
v -0.395217 -0.014085 0.457864
v -0.395217 -0.032984 0.457864
v -0.326722 -0.014085 0.397662
v -0.326722 -0.032984 0.397662
v -0.332632 -0.014085 0.385174
v -0.332632 -0.032984 0.385174
v 0.417073 -0.014085 0.438588
v 0.417073 -0.032984 0.438588
v 0.437458 -0.014085 0.418854
v 0.437458 -0.032984 0.418854
v -0.286726 -0.014085 0.429166
v -0.286726 -0.032984 0.429166
v -0.273109 -0.014085 0.431748
v -0.273109 -0.032984 0.431748
v -0.322657 -0.014085 0.510324
v -0.322657 -0.032984 0.510324
v 0.456384 -0.014085 0.398765
v 0.456384 -0.032984 0.398765
v 0.332386 -0.014085 0.357304
v 0.332386 -0.032984 0.357304
v 0.334740 -0.014085 0.369725
v 0.334740 -0.032984 0.369725
v 0.392149 -0.014085 0.339414
v 0.392149 -0.032984 0.339414
v -0.214139 -0.014085 0.562760
v -0.214139 -0.032984 0.562760
v -0.189536 -0.014085 0.571132
v -0.189536 -0.032984 0.571132
v -0.168041 -0.014085 0.518225
v -0.168041 -0.032984 0.518225
v -0.183990 -0.014085 0.509716
v -0.183990 -0.032984 0.509716
v -0.195043 -0.014085 0.499068
v -0.195043 -0.032984 0.499068
v -0.203066 -0.014085 0.484790
v -0.203066 -0.032984 0.484790
v 0.563553 -0.014085 0.231713
v 0.563553 -0.032984 0.231713
v 0.580399 -0.014085 0.186855
v 0.580399 -0.032984 0.186855
v -0.128979 -0.014085 0.529550
v -0.128979 -0.032984 0.529550
v 0.490518 -0.014085 0.357608
v 0.490518 -0.032984 0.357608
v 0.518843 -0.014085 0.316938
v 0.518843 -0.032984 0.316938
v -0.086142 -0.014085 0.537283
v -0.086142 -0.032984 0.537283
v 0.432418 -0.014085 0.331937
v 0.432418 -0.032984 0.331937
v 0.417582 -0.014085 0.340184
v 0.417582 -0.032984 0.340184
v -0.043027 -0.014085 0.543126
v -0.043027 -0.032984 0.543126
v 0.000000 -0.014085 0.545509
v 0.000000 -0.032984 0.545509
v -0.047856 -0.014085 0.600195
v -0.047856 -0.032984 0.600195
v 0.000000 -0.014085 0.602151
v 0.000000 -0.032984 0.602151
v 0.509868 -0.014085 0.209052
v 0.509868 -0.032984 0.209052
v 0.491460 -0.014085 0.248339
v 0.491460 -0.032984 0.248339
v 0.445901 -0.014085 0.319052
v 0.445901 -0.032984 0.319052
v 0.610301 -0.014085 -0.056159
v 0.610301 -0.032984 -0.056159
v 0.607053 -0.014085 -0.084197
v 0.607053 -0.032984 -0.084197
v -0.142095 -0.014085 0.584513
v -0.142095 -0.032984 0.584513
v 0.543065 -0.014085 0.275082
v 0.543065 -0.032984 0.275082
v 0.474493 -0.014085 0.377923
v 0.474493 -0.032984 0.377923
v -0.095285 -0.014085 0.594249
v -0.095285 -0.032984 0.594249
v 0.096501 -0.014085 -0.218896
v 0.096501 -0.032984 -0.218896
v 0.098041 -0.014085 -0.474182
v 0.098041 -0.032984 -0.474182
v 0.047856 -0.014085 0.600195
v 0.047856 -0.032984 0.600195
v 0.601557 -0.014085 -0.116681
v 0.601557 -0.032984 -0.116681
v 0.326722 -0.014085 0.397662
v 0.326722 -0.032984 0.397662
v 0.286726 -0.014085 0.429166
v 0.286726 -0.032984 0.429166
v 0.204210 -0.014085 0.454183
v 0.204210 -0.032984 0.454183
v 0.205838 -0.014085 0.471183
v 0.205838 -0.032984 0.471183
v 0.332632 -0.014085 0.385174
v 0.332632 -0.032984 0.385174
v 0.037873 -0.014085 0.218367
v 0.037873 -0.032984 0.218367
v 0.249338 -0.014085 0.425056
v 0.249338 -0.032984 0.425056
v 0.087061 -0.014085 0.199498
v 0.087061 -0.032984 0.199498
v 0.261100 -0.014085 0.430333
v 0.261100 -0.032984 0.430333
v 0.467102 -0.014085 -0.210725
v 0.467102 -0.032984 -0.210725
v 0.560256 -0.014085 -0.248455
v 0.560256 -0.032984 -0.248455
v 0.547503 -0.014085 -0.275548
v 0.547503 -0.032984 -0.275548
v 0.531905 -0.014085 -0.304768
v 0.531905 -0.032984 -0.304768
v 0.517084 -0.014085 -0.329131
v 0.517084 -0.032984 -0.329131
v 0.043027 -0.014085 0.543126
v 0.043027 -0.032984 0.543126
v 0.016711 -0.014085 0.203198
v 0.016711 -0.032984 0.203198
v 0.604112 -0.014085 0.094281
v 0.604112 -0.032984 0.094281
v 0.612399 -0.014085 0.021821
v 0.612399 -0.032984 0.021821
v 0.051307 -0.014085 -0.226547
v 0.051307 -0.032984 -0.226547
v -0.612247 -0.014085 -0.029111
v -0.612247 -0.032984 -0.029111
v -0.612882 -0.014085 -0.003297
v -0.612882 -0.032984 -0.003297
v -0.555189 -0.014085 0.000435
v -0.555189 -0.032984 0.000435
v -0.552722 -0.014085 -0.018627
v -0.552722 -0.032984 -0.018627
v -0.547451 -0.014085 -0.034624
v -0.547451 -0.032984 -0.034624
v -0.539391 -0.014085 -0.045841
v -0.539391 -0.032984 -0.045841
v -0.555273 -0.014085 0.020455
v -0.555273 -0.032984 0.020455
v 0.593830 -0.014085 0.141043
v 0.593830 -0.032984 0.141043
v -0.547424 -0.014085 0.084046
v -0.547424 -0.032984 0.084046
v 0.486202 -0.014085 -0.197828
v 0.486202 -0.032984 -0.197828
v 0.505611 -0.014085 -0.153930
v 0.505611 -0.032984 -0.153930
v -0.537678 -0.014085 0.126461
v -0.537678 -0.032984 0.126461
v -0.525112 -0.014085 0.168307
v -0.525112 -0.032984 0.168307
v 0.138247 -0.014085 -0.527792
v 0.138247 -0.032984 -0.527792
v 0.155188 -0.014085 -0.528234
v 0.155188 -0.032984 -0.528234
v -0.509868 -0.014085 0.209052
v -0.509868 -0.032984 0.209052
v 0.100822 -0.014085 -0.196530
v 0.100822 -0.032984 -0.196530
v -0.491460 -0.014085 0.248339
v -0.491460 -0.032984 0.248339
v 0.294846 -0.014085 0.526417
v 0.294846 -0.032984 0.526417
v 0.322657 -0.014085 0.510324
v 0.322657 -0.032984 0.510324
v -0.470181 -0.014085 0.285752
v -0.470181 -0.032984 0.285752
v 0.525112 -0.014085 0.168307
v 0.525112 -0.032984 0.168307
v -0.445901 -0.014085 0.319052
v -0.445901 -0.032984 0.319052
v 0.107782 -0.014085 -0.000935
v 0.107782 -0.032984 -0.000935
v 0.107035 -0.014085 0.009263
v 0.107035 -0.032984 0.009263
v -0.432418 -0.014085 0.331937
v -0.432418 -0.032984 0.331937
v -0.417582 -0.014085 0.340184
v -0.417582 -0.032984 0.340184
v -0.405851 -0.014085 0.342377
v -0.405851 -0.032984 0.342377
v -0.490518 -0.014085 0.357608
v -0.490518 -0.032984 0.357608
v -0.474493 -0.014085 0.377923
v -0.474493 -0.032984 0.377923
v -0.518843 -0.014085 0.316938
v -0.518843 -0.032984 0.316938
v 0.264705 -0.014085 0.541689
v 0.264705 -0.032984 0.541689
v -0.543065 -0.014085 0.275082
v -0.543065 -0.032984 0.275082
v 0.086142 -0.014085 0.537283
v 0.086142 -0.032984 0.537283
v -0.563553 -0.014085 0.231713
v -0.563553 -0.032984 0.231713
v -0.580399 -0.014085 0.186855
v -0.580399 -0.032984 0.186855
v 0.239335 -0.014085 0.552933
v 0.239335 -0.032984 0.552933
v -0.593830 -0.014085 0.141043
v -0.593830 -0.032984 0.141043
v 0.506188 -0.014085 -0.126757
v 0.506188 -0.032984 -0.126757
v 0.501322 -0.014085 -0.117274
v 0.501322 -0.032984 -0.117274
v -0.604112 -0.014085 0.094281
v -0.604112 -0.032984 0.094281
v 0.477461 -0.014085 -0.206314
v 0.477461 -0.032984 -0.206314
v -0.612399 -0.014085 0.021821
v -0.612399 -0.032984 0.021821
v -0.477461 -0.014085 -0.206314
v -0.477461 -0.032984 -0.206314
v -0.486202 -0.014085 -0.197828
v -0.486202 -0.032984 -0.197828
v -0.505611 -0.014085 -0.153930
v -0.505611 -0.032984 -0.153930
v 0.470181 -0.014085 0.285752
v 0.470181 -0.032984 0.285752
v -0.507715 -0.014085 -0.138534
v -0.507715 -0.032984 -0.138534
v -0.506188 -0.014085 -0.126757
v -0.506188 -0.032984 -0.126757
v -0.587827 -0.014085 -0.172860
v -0.587827 -0.032984 -0.172860
v -0.595045 -0.014085 -0.146003
v -0.595045 -0.032984 -0.146003
v 0.189566 -0.014085 -0.075134
v 0.189566 -0.032984 -0.075134
v 0.187138 -0.014085 -0.097742
v 0.187138 -0.032984 -0.097742
v 0.128979 -0.014085 0.529550
v 0.128979 -0.032984 0.529550
v 0.091340 -0.014085 0.186234
v 0.091340 -0.032984 0.186234
v -0.560256 -0.014085 -0.248455
v -0.560256 -0.032984 -0.248455
v 0.168041 -0.014085 0.518225
v 0.168041 -0.032984 0.518225
v 0.273109 -0.014085 0.431748
v 0.273109 -0.032984 0.431748
v 0.142562 -0.014085 -0.162593
v 0.142562 -0.032984 -0.162593
v 0.171060 -0.014085 0.143911
v 0.171060 -0.032984 0.143911
v 0.095285 -0.014085 0.594249
v 0.095285 -0.032984 0.594249
v 0.142095 -0.014085 0.584513
v 0.142095 -0.032984 0.584513
v 0.057099 -0.014085 -0.481144
v 0.057099 -0.032984 -0.481144
v 0.125548 -0.014085 -0.167063
v 0.125548 -0.032984 -0.167063
v 0.110853 -0.014085 -0.178513
v 0.110853 -0.032984 -0.178513
v 0.048681 -0.014085 -0.509326
v 0.048681 -0.032984 -0.509326
v 0.103853 -0.014085 0.024799
v 0.103853 -0.032984 0.024799
v 0.196872 -0.014085 0.088472
v 0.196872 -0.032984 0.088472
v 0.194177 -0.014085 0.071137
v 0.194177 -0.032984 0.071137
v 0.197425 -0.014085 0.055001
v 0.197425 -0.032984 0.055001
v 0.205640 -0.014085 0.041876
v 0.205640 -0.032984 0.041876
v 0.405851 -0.014085 0.342377
v 0.405851 -0.032984 0.342377
v 0.100347 -0.014085 -0.041876
v 0.100347 -0.032984 -0.041876
v 0.587827 -0.014085 -0.172860
v 0.587827 -0.032984 -0.172860
v 0.113923 -0.014085 -0.516048
v 0.113923 -0.032984 -0.516048
v 0.189536 -0.014085 0.571132
v 0.189536 -0.032984 0.571132
v 0.214139 -0.014085 0.562760
v 0.214139 -0.032984 0.562760
v 0.525387 -0.014085 -0.055394
v 0.525387 -0.032984 -0.055394
v 0.539391 -0.014085 -0.045841
v 0.539391 -0.032984 -0.045841
v 0.311119 -0.014085 -0.456985
v 0.311119 -0.032984 -0.456985
v 0.346702 -0.014085 -0.430836
v 0.346702 -0.032984 -0.430836
v 0.486697 -0.014085 -0.372167
v 0.486697 -0.032984 -0.372167
v 0.454796 -0.014085 -0.410212
v 0.454796 -0.032984 -0.410212
v -0.457857 -0.014085 -0.289409
v -0.457857 -0.032984 -0.289409
v -0.456949 -0.014085 -0.304216
v -0.456949 -0.032984 -0.304216
v -0.439895 -0.014085 -0.337939
v -0.439895 -0.032984 -0.337939
v 0.194162 -0.014085 -0.518618
v 0.194162 -0.032984 -0.518618
v -0.486697 -0.014085 -0.372167
v -0.486697 -0.032984 -0.372167
v 0.137749 -0.014085 -0.595178
v 0.137749 -0.032984 -0.595178
v 0.112269 -0.014085 -0.600463
v 0.112269 -0.032984 -0.600463
v 0.084326 -0.014085 -0.604793
v 0.084326 -0.032984 -0.604793
v 0.068420 -0.014085 -0.084381
v 0.068420 -0.032984 -0.084381
v 0.507715 -0.014085 -0.138534
v 0.507715 -0.032984 -0.138534
v 0.547451 -0.014085 -0.034624
v 0.547451 -0.032984 -0.034624
v 0.155332 -0.014085 0.142623
v 0.155332 -0.032984 0.142623
v 0.203066 -0.014085 0.484790
v 0.203066 -0.032984 0.484790
v 0.056378 -0.014085 -0.607929
v 0.056378 -0.032984 -0.607929
v -0.056378 -0.014085 -0.607929
v -0.056378 -0.032984 -0.607929
v -0.032542 -0.014085 -0.522887
v -0.032542 -0.032984 -0.522887
v 0.032542 -0.014085 -0.522887
v 0.032542 -0.032984 -0.522887
v 0.195043 -0.014085 0.499068
v 0.195043 -0.032984 0.499068
v -0.048681 -0.014085 -0.509326
v -0.048681 -0.032984 -0.509326
v 0.183990 -0.014085 0.509716
v 0.183990 -0.032984 0.509716
v -0.163782 -0.014085 -0.588614
v -0.163782 -0.032984 -0.588614
v -0.212789 -0.014085 -0.572400
v -0.212789 -0.032984 -0.572400
v -0.194162 -0.014085 -0.518618
v -0.194162 -0.032984 -0.518618
v -0.155188 -0.014085 -0.528234
v -0.155188 -0.032984 -0.528234
v 0.547423 -0.014085 0.084046
v 0.547423 -0.032984 0.084046
v 0.537677 -0.014085 0.126461
v 0.537677 -0.032984 0.126461
v 0.612882 -0.014085 -0.003297
v 0.612882 -0.032984 -0.003297
v 0.552722 -0.014085 -0.018627
v 0.552722 -0.032984 -0.018627
v -0.234162 -0.014085 -0.501292
v -0.234162 -0.032984 -0.501292
v -0.273401 -0.014085 -0.480394
v -0.273401 -0.032984 -0.480394
v -0.311119 -0.014085 -0.456985
v -0.311119 -0.032984 -0.456985
v -0.346702 -0.014085 -0.430836
v -0.346702 -0.032984 -0.430836
v 0.234162 -0.014085 -0.501292
v 0.234162 -0.032984 -0.501292
v -0.380189 -0.014085 -0.401790
v -0.380189 -0.032984 -0.401790
v -0.411825 -0.014085 -0.370550
v -0.411825 -0.032984 -0.370550
v -0.454796 -0.014085 -0.410212
v -0.454796 -0.032984 -0.410212
v -0.420369 -0.014085 -0.445009
v -0.420369 -0.032984 -0.445009
v 0.395217 -0.014085 0.457864
v 0.395217 -0.032984 0.457864
v -0.383311 -0.014085 -0.476906
v -0.383311 -0.032984 -0.476906
v -0.343686 -0.014085 -0.505748
v -0.343686 -0.032984 -0.505748
v -0.301899 -0.014085 -0.531025
v -0.301899 -0.032984 -0.531025
v 0.595045 -0.014085 -0.146003
v 0.595045 -0.032984 -0.146003
v -0.258418 -0.014085 -0.553076
v -0.258418 -0.032984 -0.553076
v 0.555189 -0.014085 0.000435
v 0.555189 -0.032984 0.000435
v -0.138247 -0.014085 -0.527792
v -0.138247 -0.032984 -0.527792
v -0.122839 -0.014085 -0.522961
v -0.122839 -0.032984 -0.522961
v -0.113923 -0.014085 -0.516048
v -0.113923 -0.032984 -0.516048
v -0.106897 -0.014085 -0.505934
v -0.106897 -0.032984 -0.505934
v -0.102478 -0.014085 -0.495493
v -0.102478 -0.032984 -0.495493
v -0.098041 -0.014085 -0.474182
v -0.098041 -0.032984 -0.474182
v 0.439895 -0.014085 -0.337939
v 0.439895 -0.032984 -0.337939
v 0.456949 -0.014085 -0.304216
v 0.456949 -0.032984 -0.304216
v -0.057099 -0.014085 -0.481144
v -0.057099 -0.032984 -0.481144
v 0.380189 -0.014085 -0.401790
v 0.380189 -0.032984 -0.401790
v 0.612247 -0.014085 -0.029111
v 0.612247 -0.032984 -0.029111
v 0.212789 -0.014085 -0.572400
v 0.212789 -0.032984 -0.572400
v 0.163782 -0.014085 -0.588614
v 0.163782 -0.032984 -0.588614
v 0.457857 -0.014085 -0.289409
v 0.457857 -0.032984 -0.289409
v 0.555273 -0.014085 0.020455
v 0.555273 -0.032984 0.020455
v -0.205640 -0.014085 0.041876
v -0.205640 -0.032984 0.041876
v -0.197425 -0.014085 0.055001
v -0.197425 -0.032984 0.055001
v -0.194177 -0.014085 0.071137
v -0.194177 -0.032984 0.071137
v -0.098141 -0.014085 0.039996
v -0.098141 -0.032984 0.039996
v -0.103853 -0.014085 0.024799
v -0.103853 -0.032984 0.024799
v -0.107035 -0.014085 0.009263
v -0.107035 -0.032984 0.009263
v -0.107782 -0.014085 -0.000935
v -0.107782 -0.032984 -0.000935
v -0.105789 -0.014085 -0.023793
v -0.105789 -0.032984 -0.023793
v -0.100347 -0.014085 -0.041876
v -0.100347 -0.032984 -0.041876
v -0.092241 -0.014085 -0.058015
v -0.092241 -0.032984 -0.058015
v -0.189566 -0.014085 -0.075134
v -0.189566 -0.032984 -0.075134
v -0.197684 -0.014085 -0.054148
v -0.197684 -0.032984 -0.054148
v -0.078348 -0.014085 -0.075496
v -0.078348 -0.032984 -0.075496
v -0.068420 -0.014085 -0.084381
v -0.068420 -0.032984 -0.084381
v -0.051747 -0.014085 -0.095893
v -0.051747 -0.032984 -0.095893
v -0.035030 -0.014085 -0.103877
v -0.035030 -0.032984 -0.103877
v -0.018383 -0.014085 -0.108957
v -0.018383 -0.032984 -0.108957
v 0.000000 -0.014085 -0.204120
v 0.000000 -0.032984 -0.204120
v -0.022195 -0.014085 -0.206662
v -0.022195 -0.032984 -0.206662
v -0.090865 -0.014085 0.052896
v -0.090865 -0.032984 0.052896
v -0.079192 -0.014085 0.066885
v -0.079192 -0.032984 0.066885
v -0.065619 -0.014085 0.078699
v -0.065619 -0.032984 0.078699
v -0.049786 -0.014085 0.088286
v -0.049786 -0.032984 0.088286
v -0.033743 -0.014085 0.094984
v -0.033743 -0.032984 0.094984
v -0.017758 -0.014085 0.098806
v -0.017758 -0.032984 0.098806
v 0.000000 -0.014085 0.100447
v 0.000000 -0.032984 0.100447
v -0.103380 -0.014085 0.170863
v -0.103380 -0.032984 0.170863
v -0.120223 -0.014085 0.157417
v -0.120223 -0.032984 0.157417
v -0.138006 -0.014085 0.147412
v -0.138006 -0.032984 0.147412
v 0.065619 -0.014085 0.078699
v 0.065619 -0.032984 0.078699
v 0.049786 -0.014085 0.088286
v 0.049786 -0.032984 0.088286
v 0.017758 -0.014085 0.098806
v 0.017758 -0.032984 0.098806
v 0.120223 -0.014085 0.157417
v 0.120223 -0.032984 0.157417
v 0.138006 -0.014085 0.147412
v 0.138006 -0.032984 0.147412
v 0.103380 -0.014085 0.170863
v 0.103380 -0.032984 0.170863
v 0.079192 -0.014085 0.066885
v 0.079192 -0.032984 0.066885
v 0.033743 -0.014085 0.094984
v 0.033743 -0.032984 0.094984
v 0.090865 -0.014085 0.052896
v 0.090865 -0.032984 0.052896
v 0.098141 -0.014085 0.039996
v 0.098141 -0.032984 0.039996
v 0.273401 -0.014085 -0.480394
v 0.273401 -0.032984 -0.480394
v 0.411825 -0.014085 -0.370550
v 0.411825 -0.032984 -0.370550
v 0.343686 -0.014085 -0.505748
v 0.343686 -0.032984 -0.505748
v 0.301899 -0.014085 -0.531025
v 0.301899 -0.032984 -0.531025
v 0.258418 -0.014085 -0.553076
v 0.258418 -0.032984 -0.553076
v -0.110853 -0.014085 -0.178513
v -0.110853 -0.032984 -0.178513
v -0.125548 -0.014085 -0.167063
v -0.125548 -0.032984 -0.167063
v 0.122839 -0.014085 -0.522961
v 0.122839 -0.032984 -0.522961
v 0.105789 -0.014085 -0.023793
v 0.105789 -0.032984 -0.023793
v -0.179631 -0.032984 0.122289
v -0.137782 -0.032984 0.088601
v -0.508437 -0.032984 -0.087230
v -0.071543 -0.032984 -0.502716
v -0.173077 -0.032984 -0.129624
v -0.058647 -0.032984 0.199237
v -0.070506 -0.032984 -0.214772
v -0.031059 -0.032984 0.175374
v -0.231738 -0.032984 0.447683
v -0.137452 -0.032984 -0.123827
v -0.358929 -0.032984 0.348173
v -0.177025 -0.032984 -0.007312
v -0.223940 -0.032984 -0.003435
v -0.454546 -0.032984 -0.238558
v -0.407282 -0.032984 0.372312
v -0.173431 -0.032984 0.092085
v -0.152828 -0.032984 0.123789
v -0.146080 -0.032984 0.061886
v -0.173435 -0.032984 0.069677
v -0.131447 -0.032984 0.130911
v -0.113261 -0.032984 0.103695
v -0.534763 -0.032984 -0.074798
v -0.520702 -0.032984 -0.104664
v -0.543880 -0.032984 -0.090932
v -0.088267 -0.032984 -0.498671
v -0.081634 -0.032984 -0.476121
v -0.062751 -0.032984 -0.534094
v -0.081144 -0.032984 -0.520981
v -0.094350 -0.032984 -0.512411
v -0.091701 -0.032984 -0.540010
v -0.074702 -0.032984 -0.553402
v -0.134995 -0.032984 -0.546230
v -0.116092 -0.032984 -0.538588
v -0.103407 -0.032984 -0.526579
v -0.169660 -0.032984 -0.098094
v -0.143026 -0.032984 -0.089363
v -0.072932 -0.032984 0.175272
v -0.055024 -0.032984 0.150395
v -0.210985 -0.032984 0.511165
v -0.221549 -0.032984 0.493856
v -0.228124 -0.032984 0.473652
v -0.248325 -0.032984 0.478946
v -0.275121 -0.032984 0.479241
v -0.080511 -0.032984 -0.185964
v -0.048382 -0.032984 -0.195879
v 0.000000 -0.032984 0.171987
v -0.484474 -0.032984 -0.258583
v -0.468959 -0.032984 -0.265324
v -0.476114 -0.032984 -0.288619
v -0.503487 -0.032984 -0.244813
v -0.474438 -0.032984 -0.309060
v -0.093154 -0.032984 -0.161545
v -0.023983 -0.032984 -0.183827
v -0.254016 -0.032984 0.454806
v -0.549958 -0.032984 -0.114545
v -0.565412 -0.032984 -0.043794
v -0.553718 -0.032984 -0.060666
v -0.111140 -0.032984 -0.141330
v -0.386168 -0.032984 0.356901
v -0.357198 -0.032984 0.371245
v -0.385957 -0.032984 0.378024
v -0.160103 -0.032984 -0.036150
v -0.182111 -0.032984 -0.045716
v -0.198808 -0.032984 -0.023706
v -0.163496 -0.032984 0.018768
v -0.202314 -0.032984 0.013272
v -0.189103 -0.032984 0.028788
v -0.473554 -0.032984 -0.232350
v -0.405525 -0.032984 0.360752
v -0.425348 -0.032984 0.357532
v -0.374120 -0.032984 0.399630
v -0.360930 -0.032984 0.422032
v -0.343652 -0.032984 0.409719
v -0.352991 -0.032984 0.390685
v -0.293498 -0.032984 0.449848
v -0.272873 -0.032984 0.456202
v -0.301093 -0.032984 0.469203
v -0.175381 -0.032984 0.535032
v -0.194790 -0.032984 0.525136
v -0.133066 -0.032984 0.547809
v -0.089108 -0.032984 0.556296
v -0.044686 -0.032984 0.562008
v 0.000000 -0.032984 0.564143
v -0.573662 -0.032984 -0.001079
v -0.571621 -0.032984 -0.022924
v -0.574127 -0.032984 0.021051
v -0.566183 -0.032984 0.087545
v -0.556241 -0.032984 0.131391
v -0.543406 -0.032984 0.174546
v -0.527530 -0.032984 0.216594
v -0.508506 -0.032984 0.257289
v -0.486105 -0.032984 0.296077
v -0.459496 -0.032984 0.331343
v -0.443710 -0.032984 0.346685
v -0.489496 -0.032984 -0.224671
v -0.502495 -0.032984 -0.211843
v -0.525974 -0.032984 -0.158080
v -0.528965 -0.032984 -0.139292
v -0.527668 -0.032984 -0.120600
v -0.550434 -0.032984 -0.139114
v -0.546140 -0.032984 -0.162296
v -0.519539 -0.032984 -0.225506
v -0.454855 -0.032984 -0.348584
v -0.042809 -0.032984 -0.544403
v -0.050658 -0.032984 -0.563464
v -0.156972 -0.032984 -0.546853
v -0.200359 -0.032984 -0.536048
v -0.242360 -0.032984 -0.518354
v -0.283003 -0.032984 -0.497096
v -0.322004 -0.032984 -0.473005
v -0.358886 -0.032984 -0.445944
v -0.393594 -0.032984 -0.416070
v -0.425985 -0.032984 -0.383771
v -0.179039 -0.032984 0.048434
v -0.154116 -0.032984 0.040274
v -0.149717 -0.032984 -0.062061
v -0.172657 -0.032984 -0.070931
v -0.000000 -0.032984 -0.179658
v -0.074232 -0.032984 0.131985
v -0.093705 -0.032984 0.118068
v -0.110571 -0.032984 0.142588
v -0.090701 -0.032984 0.157325
v 0.179631 -0.032984 0.122289
v 0.137782 -0.032984 0.088601
v 0.508437 -0.032984 -0.087230
v 0.071543 -0.032984 -0.502716
v 0.173077 -0.032984 -0.129624
v 0.058647 -0.032984 0.199237
v 0.070506 -0.032984 -0.214772
v 0.031059 -0.032984 0.175374
v 0.231738 -0.032984 0.447683
v 0.137452 -0.032984 -0.123827
v 0.358929 -0.032984 0.348173
v 0.177025 -0.032984 -0.007312
v 0.223940 -0.032984 -0.003435
v 0.454546 -0.032984 -0.238558
v 0.407282 -0.032984 0.372312
v 0.173431 -0.032984 0.092085
v 0.152828 -0.032984 0.123789
v 0.146080 -0.032984 0.061886
v 0.173435 -0.032984 0.069677
v 0.131447 -0.032984 0.130911
v 0.113261 -0.032984 0.103695
v 0.534763 -0.032984 -0.074798
v 0.520702 -0.032984 -0.104664
v 0.543880 -0.032984 -0.090932
v 0.088267 -0.032984 -0.498671
v 0.081634 -0.032984 -0.476121
v 0.062751 -0.032984 -0.534094
v 0.081144 -0.032984 -0.520981
v 0.094350 -0.032984 -0.512411
v 0.091701 -0.032984 -0.540010
v 0.074702 -0.032984 -0.553402
v 0.134995 -0.032984 -0.546230
v 0.116092 -0.032984 -0.538588
v 0.103407 -0.032984 -0.526579
v 0.169660 -0.032984 -0.098094
v 0.143026 -0.032984 -0.089363
v 0.072932 -0.032984 0.175272
v 0.055024 -0.032984 0.150395
v 0.210985 -0.032984 0.511165
v 0.221549 -0.032984 0.493856
v 0.228124 -0.032984 0.473652
v 0.248325 -0.032984 0.478946
v 0.275121 -0.032984 0.479241
v 0.080511 -0.032984 -0.185964
v 0.048382 -0.032984 -0.195879
v 0.484474 -0.032984 -0.258583
v 0.468959 -0.032984 -0.265324
v 0.476114 -0.032984 -0.288619
v 0.503487 -0.032984 -0.244813
v 0.474438 -0.032984 -0.309060
v 0.093154 -0.032984 -0.161545
v 0.023983 -0.032984 -0.183827
v 0.254016 -0.032984 0.454806
v 0.549958 -0.032984 -0.114545
v 0.565412 -0.032984 -0.043794
v 0.553718 -0.032984 -0.060666
v 0.111140 -0.032984 -0.141331
v 0.386168 -0.032984 0.356901
v 0.357198 -0.032984 0.371245
v 0.385957 -0.032984 0.378024
v 0.160103 -0.032984 -0.036150
v 0.182111 -0.032984 -0.045716
v 0.198808 -0.032984 -0.023706
v 0.163496 -0.032984 0.018768
v 0.202314 -0.032984 0.013272
v 0.189103 -0.032984 0.028788
v 0.473554 -0.032984 -0.232350
v 0.405525 -0.032984 0.360752
v 0.425348 -0.032984 0.357532
v 0.374120 -0.032984 0.399630
v 0.360930 -0.032984 0.422032
v 0.343652 -0.032984 0.409719
v 0.352991 -0.032984 0.390685
v 0.293498 -0.032984 0.449848
v 0.272873 -0.032984 0.456202
v 0.301093 -0.032984 0.469203
v 0.175381 -0.032984 0.535032
v 0.194790 -0.032984 0.525136
v 0.133066 -0.032984 0.547809
v 0.089108 -0.032984 0.556296
v 0.044686 -0.032984 0.562008
v 0.573662 -0.032984 -0.001079
v 0.571621 -0.032984 -0.022924
v 0.574127 -0.032984 0.021051
v 0.566183 -0.032984 0.087545
v 0.556241 -0.032984 0.131391
v 0.543406 -0.032984 0.174546
v 0.527530 -0.032984 0.216594
v 0.508506 -0.032984 0.257289
v 0.486105 -0.032984 0.296077
v 0.459496 -0.032984 0.331343
v 0.443710 -0.032984 0.346685
v 0.489496 -0.032984 -0.224671
v 0.502495 -0.032984 -0.211843
v 0.525974 -0.032984 -0.158080
v 0.528965 -0.032984 -0.139292
v 0.527668 -0.032984 -0.120600
v 0.550434 -0.032984 -0.139114
v 0.546140 -0.032984 -0.162296
v 0.519539 -0.032984 -0.225506
v 0.454855 -0.032984 -0.348584
v 0.042809 -0.032984 -0.544403
v 0.050658 -0.032984 -0.563464
v 0.156972 -0.032984 -0.546853
v 0.200359 -0.032984 -0.536048
v 0.242360 -0.032984 -0.518354
v 0.283003 -0.032984 -0.497096
v 0.322004 -0.032984 -0.473005
v 0.358886 -0.032984 -0.445944
v 0.393594 -0.032984 -0.416070
v 0.425985 -0.032984 -0.383771
v 0.179039 -0.032984 0.048434
v 0.154116 -0.032984 0.040274
v 0.149717 -0.032984 -0.062061
v 0.172657 -0.032984 -0.070931
v 0.074232 -0.032984 0.131985
v 0.093705 -0.032984 0.118068
v 0.110571 -0.032984 0.142588
v 0.090701 -0.032984 0.157325
v -0.000007 0.000032 0.709587
v -0.000007 0.000032 -0.709581
v 0.611508 0.000034 -0.001536
v 0.611701 0.000032 -0.032429
v 0.603987 0.000032 -0.087749
v 0.592065 0.000032 -0.150258
v 0.612125 0.000032 0.031529
v 0.603947 0.000032 0.087065
v 0.592245 0.000032 0.150315
v 0.574514 0.000032 0.203042
v 0.551388 0.000032 0.265475
v 0.523881 0.000032 0.314771
v 0.483419 0.000032 0.371574
v 0.444057 0.000032 0.419659
v 0.389913 0.000032 0.471227
v 0.337753 0.000032 0.508177
v 0.281961 0.000032 0.543055
v 0.228935 0.000032 0.567847
v 0.166691 0.000032 0.589626
v 0.109220 0.000032 0.602887
v 0.040900 0.000032 0.610538
v -0.000009 0.000032 0.610205
v -0.040923 0.000032 0.610610
v -0.109319 0.000032 0.603340
v -0.166842 0.000032 0.590102
v -0.228953 0.000032 0.567847
v -0.281895 0.000032 0.542893
v -0.337666 0.000032 0.508021
v -0.389871 0.000032 0.471155
v -0.444076 0.000032 0.419659
v -0.483479 0.000032 0.371608
v -0.524065 0.000032 0.314870
v -0.551452 0.000032 0.265497
v -0.574527 0.000032 0.203041
v -0.592089 0.000032 0.150271
v -0.603880 0.000032 0.087052
v -0.612114 0.000032 0.031528
v -0.611110 0.000032 -0.000551
v -0.611747 0.000032 -0.032430
v -0.604102 0.000032 -0.087763
v -0.592255 0.000032 -0.150302
v -0.574229 0.000032 -0.202773
v -0.550678 0.000032 -0.264962
v -0.522611 0.000032 -0.315580
v -0.482402 0.000032 -0.371320
v -0.443030 0.000032 -0.419400
v -0.389677 0.000032 -0.470173
v -0.337239 0.000032 -0.507905
v -0.280918 0.000032 -0.542251
v -0.228421 0.000032 -0.566190
v -0.166099 0.000032 -0.585621
v -0.107667 0.000032 -0.597909
v -0.039512 0.000032 -0.605956
v -0.000008 0.000032 -0.607586
v 0.039495 0.000032 -0.605970
v 0.107656 0.000032 -0.597951
v 0.166106 0.000032 -0.585705
v 0.228404 0.000032 -0.566191
v 0.280858 0.000032 -0.542173
v 0.337139 0.000032 -0.507780
v 0.389622 0.000032 -0.470129
v 0.443014 0.000032 -0.419401
v 0.482410 0.000032 -0.371341
v 0.522724 0.000032 -0.315657
v 0.550690 0.000032 -0.264975
v 0.574207 0.000032 -0.202771
v -0.000007 0.000032 0.826380
v -0.000007 -0.049438 0.826380
v 0.051354 0.000032 0.824024
v 0.051354 -0.049438 0.824024
v 0.037343 0.000032 0.712476
v 0.037343 -0.049438 0.712476
v -0.000007 0.000032 -0.823687
v -0.000007 -0.049438 -0.823687
v -0.049724 0.000032 -0.824431
v -0.049724 -0.049438 -0.824431
v -0.035291 0.000032 -0.709579
v -0.035291 -0.049438 -0.709579
v -0.037357 0.000032 0.712476
v -0.037357 -0.049438 0.712476
v -0.051368 0.000032 0.824024
v -0.051368 -0.049438 0.824024
v 0.035277 0.000032 -0.709579
v 0.035277 -0.049438 -0.709579
v 0.049709 0.000032 -0.824431
v 0.049709 -0.049438 -0.824431
v 0.073734 0.000032 0.590019
v 0.073734 -0.009862 0.590019
v 0.073737 -0.019756 0.590017
v 0.073737 -0.029650 0.590017
v 0.073737 -0.039544 0.590017
v 0.073737 -0.049438 0.590017
v -0.000019 0.000032 0.597529
v -0.000019 -0.009862 0.597529
v -0.000019 -0.019756 0.597529
v -0.000019 -0.029650 0.597529
v -0.000019 -0.039544 0.597529
v -0.000019 -0.049438 0.597529
v -0.073775 0.000032 -0.576912
v -0.073775 -0.009862 -0.576912
v -0.073775 -0.019756 -0.576912
v -0.073774 -0.029650 -0.576916
v -0.073774 -0.039544 -0.576916
v -0.073774 -0.049438 -0.576916
v -0.000018 0.000032 -0.584746
v -0.000018 -0.009862 -0.584746
v -0.000018 -0.019756 -0.584746
v -0.000018 -0.029650 -0.584746
v -0.000018 -0.039544 -0.584746
v -0.000018 -0.049438 -0.584746
v -0.073775 0.000032 0.590016
v -0.073775 -0.009862 0.590016
v -0.073775 -0.019756 0.590016
v -0.073775 -0.029650 0.590016
v -0.073775 -0.039544 0.590016
v -0.073775 -0.049438 0.590016
v 0.073737 0.000032 -0.576916
v 0.073737 -0.009862 -0.576916
v 0.073737 -0.019756 -0.576916
v 0.073735 -0.029650 -0.576916
v 0.073735 -0.039544 -0.576916
v 0.073735 -0.049438 -0.576916
v 0.139389 0.000032 0.578036
v 0.139389 -0.009862 0.578036
v 0.139389 -0.019756 0.578036
v 0.139389 -0.029650 0.578036
v 0.139388 -0.039544 0.578037
v 0.139389 -0.049438 0.578036
v -0.132879 0.000032 -0.567111
v -0.132879 -0.009862 -0.567111
v -0.132879 -0.019756 -0.567111
v -0.132879 -0.029650 -0.567111
v -0.132879 -0.039544 -0.567111
v -0.132879 -0.049438 -0.567111
v -0.139427 0.000032 0.578035
v -0.139425 -0.009862 0.578034
v -0.139427 -0.019756 0.578035
v -0.139427 -0.029650 0.578035
v -0.139426 -0.039544 0.578035
v -0.139427 -0.049438 0.578038
v 0.132842 0.000032 -0.567111
v 0.132842 -0.009862 -0.567111
v 0.132842 -0.019756 -0.567111
v 0.132842 -0.029650 -0.567111
v 0.132842 -0.039544 -0.567111
v 0.132842 -0.049438 -0.567111
v 0.194134 0.000032 0.561962
v 0.194133 -0.009862 0.561963
v 0.194133 -0.019756 0.561963
v 0.194134 -0.029650 0.561962
v 0.194134 -0.039544 0.561965
v 0.194134 -0.049438 0.561965
v -0.190707 0.000032 -0.549015
v -0.190707 -0.009862 -0.549015
v -0.190707 -0.019756 -0.549015
v -0.190707 -0.029650 -0.549015
v -0.190707 -0.039544 -0.549015
v -0.190707 -0.049438 -0.549015
v -0.194169 0.000032 0.561963
v -0.194169 -0.009862 0.561965
v -0.194169 -0.019756 0.561965
v -0.194169 -0.029650 0.561965
v -0.194170 -0.039544 0.561962
v -0.194170 -0.049438 0.561962
v 0.190671 0.000032 -0.549014
v 0.190671 -0.009862 -0.549014
v 0.190671 -0.019756 -0.549014
v 0.190671 -0.029650 -0.549014
v 0.190671 -0.039544 -0.549014
v 0.190671 -0.049438 -0.549014
v 0.117264 0.000032 0.705393
v 0.117264 -0.049438 0.705393
v 0.123380 0.000032 0.820145
v 0.123380 -0.049438 0.820145
v 0.225695 0.000032 0.798440
v 0.225695 -0.049438 0.798440
v 0.184629 0.000032 0.690946
v 0.184629 -0.049438 0.690946
v -0.116865 0.000032 -0.700843
v -0.116865 -0.049438 -0.700843
v -0.123806 0.000032 -0.816439
v -0.123806 -0.049438 -0.816439
v -0.225709 0.000032 -0.793907
v -0.225709 -0.049438 -0.793907
v -0.184643 0.000032 -0.688460
v -0.184643 -0.049438 -0.688460
v -0.184644 0.000032 0.690946
v -0.184644 -0.049438 0.690946
v -0.225709 0.000032 0.798440
v -0.225709 -0.049438 0.798440
v -0.123394 0.000032 0.820145
v -0.123394 -0.049438 0.820145
v -0.117278 0.000032 0.705393
v -0.117278 -0.049438 0.705393
v 0.184628 0.000032 -0.688460
v 0.184628 -0.049438 -0.688460
v 0.225695 0.000032 -0.793907
v 0.225695 -0.049438 -0.793907
v 0.123791 0.000032 -0.816439
v 0.123791 -0.049438 -0.816439
v 0.116851 0.000032 -0.700843
v 0.116851 -0.049438 -0.700843
v 0.243078 0.000032 0.537512
v 0.243077 -0.009862 0.537512
v 0.243077 -0.019756 0.537512
v 0.243077 -0.029650 0.537510
v 0.243077 -0.039544 0.537510
v 0.243078 -0.049438 0.537512
v -0.240560 0.000032 -0.533654
v -0.240560 -0.009862 -0.533654
v -0.240560 -0.019756 -0.533654
v -0.240560 -0.029650 -0.533654
v -0.240560 -0.039544 -0.533654
v -0.240560 -0.049438 -0.533654
v -0.243116 0.000032 0.537511
v -0.243116 -0.009862 0.537511
v -0.243116 -0.019756 0.537511
v -0.243117 -0.029650 0.537512
v -0.243117 -0.039544 0.537512
v -0.243117 -0.049438 0.537511
v 0.240523 0.000032 -0.533652
v 0.240523 -0.009862 -0.533652
v 0.240523 -0.019756 -0.533652
v 0.240523 -0.029650 -0.533652
v 0.240523 -0.039544 -0.533652
v 0.240523 -0.049438 -0.533652
v 0.290379 0.000032 0.513990
v 0.290379 -0.009862 0.513990
v 0.290380 -0.019756 0.513990
v 0.290380 -0.029650 0.513990
v 0.290380 -0.039544 0.513990
v 0.290380 -0.049438 0.513990
v -0.285309 0.000032 -0.510144
v -0.285309 -0.009862 -0.510144
v -0.285309 -0.019756 -0.510144
v -0.285309 -0.029650 -0.510144
v -0.285309 -0.039544 -0.510144
v -0.285309 -0.049438 -0.510144
v -0.290417 0.000032 0.513990
v -0.290417 -0.009862 0.513990
v -0.290417 -0.019756 0.513990
v -0.290417 -0.029650 0.513990
v -0.290417 -0.039544 0.513990
v -0.290418 -0.049438 0.513991
v 0.285271 0.000032 -0.510144
v 0.285271 -0.009862 -0.510144
v 0.285271 -0.019756 -0.510144
v 0.285271 -0.029650 -0.510144
v 0.285271 -0.039544 -0.510144
v 0.285271 -0.049438 -0.510144
v 0.260450 0.000032 0.665878
v 0.260450 -0.049438 0.665878
v 0.288322 0.000032 0.773912
v 0.288322 -0.049438 0.773912
v 0.385421 0.000032 0.732805
v 0.385421 -0.049438 0.732805
v 0.323510 0.000032 0.636822
v 0.323510 -0.049438 0.636822
v -0.260465 0.000032 -0.664630
v -0.260465 -0.049438 -0.664630
v -0.288336 0.000032 -0.773906
v -0.288336 -0.049438 -0.773906
v -0.385436 0.000032 -0.732799
v -0.385436 -0.049438 -0.732799
v -0.323524 0.000032 -0.636816
v -0.323524 -0.049438 -0.636816
v -0.323524 0.000032 0.636822
v -0.323524 -0.049438 0.636822
v -0.385436 0.000032 0.732805
v -0.385436 -0.049438 0.732805
v -0.288336 0.000032 0.773912
v -0.288336 -0.049438 0.773912
v -0.260465 0.000032 0.665878
v -0.260465 -0.049438 0.665878
v 0.323510 0.000032 -0.636816
v 0.323510 -0.049438 -0.636816
v 0.385421 0.000032 -0.732799
v 0.385421 -0.049438 -0.732799
v 0.288322 0.000032 -0.773906
v 0.288322 -0.049438 -0.773906
v 0.260450 0.000032 -0.664630
v 0.260450 -0.049438 -0.664630
v 0.337620 0.000032 0.479989
v 0.337620 -0.009862 0.479989
v 0.337620 -0.019756 0.479989
v 0.337620 -0.029650 0.479989
v 0.337620 -0.039544 0.479989
v 0.337620 -0.049438 0.479989
v -0.335104 0.000032 -0.478692
v -0.335104 -0.009862 -0.478692
v -0.335104 -0.019756 -0.478692
v -0.335104 -0.029650 -0.478692
v -0.335104 -0.039544 -0.478692
v -0.335104 -0.049438 -0.478691
v -0.337656 0.000032 0.479989
v -0.337656 -0.009862 0.479989
v -0.337656 -0.019756 0.479989
v -0.337656 -0.029650 0.479989
v -0.337656 -0.039544 0.479989
v -0.337656 -0.049438 0.479989
v 0.335067 0.000032 -0.478690
v 0.335067 -0.009862 -0.478690
v 0.335067 -0.019756 -0.478690
v 0.335067 -0.029650 -0.478690
v 0.335067 -0.039544 -0.478690
v 0.335066 -0.049438 -0.478692
v 0.390622 0.000032 0.596223
v 0.390622 -0.049438 0.596223
v 0.443636 0.000032 0.699475
v 0.443636 -0.049438 0.699475
v 0.530180 0.000032 0.636410
v 0.530180 -0.049438 0.636410
v 0.448669 0.000032 0.555750
v 0.448669 -0.049438 0.555750
v -0.390637 0.000032 -0.596218
v -0.390637 -0.049438 -0.596218
v -0.443651 0.000032 -0.699470
v -0.443651 -0.049438 -0.699470
v -0.530194 0.000032 -0.636405
v -0.530194 -0.049438 -0.636405
v -0.448684 0.000032 -0.555744
v -0.448684 -0.049438 -0.555744
v -0.448684 0.000032 0.555750
v -0.448684 -0.049438 0.555750
v -0.530194 0.000032 0.636410
v -0.530194 -0.049438 0.636410
v -0.443651 0.000032 0.699475
v -0.443651 -0.049438 0.699475
v -0.390637 0.000032 0.596223
v -0.390637 -0.049438 0.596223
v 0.448669 0.000032 -0.555744
v 0.448669 -0.049438 -0.555744
v 0.530180 0.000032 -0.636405
v 0.530180 -0.049438 -0.636405
v 0.443636 0.000032 -0.699470
v 0.443636 -0.049438 -0.699470
v 0.390622 0.000032 -0.596218
v 0.390622 -0.049438 -0.596218
v 0.397372 0.000032 0.435736
v 0.397372 -0.009862 0.435736
v 0.397372 -0.019756 0.435736
v 0.397373 -0.029650 0.435734
v 0.397373 -0.039544 0.435734
v 0.397373 -0.049438 0.435734
v -0.396138 0.000032 -0.430616
v -0.396138 -0.009862 -0.430616
v -0.396138 -0.019756 -0.430616
v -0.396137 -0.029650 -0.430615
v -0.396137 -0.039544 -0.430615
v -0.396137 -0.049438 -0.430615
v -0.397411 0.000032 0.435732
v -0.397411 -0.009862 0.435732
v -0.397411 -0.019756 0.435732
v -0.397412 -0.029650 0.435734
v -0.397412 -0.039544 0.435734
v -0.397412 -0.049438 0.435734
v 0.396099 0.000032 -0.430616
v 0.396099 -0.009862 -0.430616
v 0.396099 -0.019756 -0.430616
v 0.396100 -0.029650 -0.430618
v 0.396100 -0.039544 -0.430618
v 0.396100 -0.049438 -0.430618
v 0.460983 0.000032 0.370305
v 0.460983 -0.009862 0.370305
v 0.460980 -0.019756 0.370304
v 0.460980 -0.029650 0.370304
v 0.460980 -0.039544 0.370304
v 0.460980 -0.049438 0.370304
v -0.455919 0.000032 -0.369014
v -0.455919 -0.009862 -0.369014
v -0.455919 -0.019756 -0.369014
v -0.455919 -0.029650 -0.369014
v -0.455919 -0.039544 -0.369014
v -0.455919 -0.049438 -0.369014
v -0.461018 0.000032 0.370305
v -0.461018 -0.009862 0.370305
v -0.461018 -0.019756 0.370305
v -0.461018 -0.029650 0.370305
v -0.461018 -0.039544 0.370305
v -0.461018 -0.049438 0.370305
v 0.455879 0.000032 -0.369014
v 0.455879 -0.009862 -0.369014
v 0.455879 -0.019756 -0.369014
v 0.455877 -0.029650 -0.369013
v 0.455877 -0.039544 -0.369013
v 0.455877 -0.049438 -0.369013
v 0.508458 0.000032 0.500359
v 0.508458 -0.049438 0.500359
v 0.579093 0.000034 0.592633
v 0.579093 -0.049437 0.592633
v 0.651628 0.000032 0.510175
v 0.651628 -0.049438 0.510175
v 0.553527 0.000032 0.448346
v 0.553527 -0.049438 0.448346
v -0.508472 0.000032 -0.500354
v -0.508472 -0.049438 -0.500354
v -0.579107 0.000034 -0.592628
v -0.579107 -0.049437 -0.592628
v -0.651642 0.000032 -0.510169
v -0.651642 -0.049438 -0.510169
v -0.553541 0.000032 -0.448341
v -0.553541 -0.049438 -0.448341
v -0.553541 0.000032 0.448346
v -0.553541 -0.049438 0.448346
v -0.651642 0.000032 0.510175
v -0.651642 -0.049438 0.510175
v -0.579107 0.000034 0.592633
v -0.579107 -0.049437 0.592633
v -0.508472 0.000032 0.500359
v -0.508472 -0.049438 0.500359
v 0.553527 0.000032 -0.448341
v 0.553527 -0.049438 -0.448341
v 0.651628 0.000032 -0.510169
v 0.651628 -0.049438 -0.510169
v 0.579093 0.000034 -0.592628
v 0.579093 -0.049437 -0.592628
v 0.508458 0.000032 -0.500354
v 0.508458 -0.049438 -0.500354
v 0.501776 0.000032 0.310312
v 0.501776 -0.009862 0.310312
v 0.501777 -0.019756 0.310315
v 0.501777 -0.029650 0.310315
v 0.501777 -0.039544 0.310315
v 0.501777 -0.049438 0.310315
v -0.496720 0.000032 -0.309021
v -0.496722 -0.009862 -0.309022
v -0.496722 -0.019756 -0.309022
v -0.496720 -0.029650 -0.309021
v -0.496720 -0.039544 -0.309021
v -0.496722 -0.049438 -0.309022
v -0.501817 0.000032 0.310312
v -0.501817 -0.009862 0.310312
v -0.501817 -0.019756 0.310313
v -0.501817 -0.029650 0.310313
v -0.501817 -0.039544 0.310312
v -0.501817 -0.049438 0.310312
v 0.496682 0.000032 -0.309021
v 0.496682 -0.009862 -0.309022
v 0.496682 -0.019756 -0.309022
v 0.496680 -0.029650 -0.309021
v 0.496680 -0.039544 -0.309021
v 0.496682 -0.049438 -0.309021
v 0.535103 0.000032 0.246521
v 0.535103 -0.009862 0.246521
v 0.535101 -0.019756 0.246522
v 0.535101 -0.029650 0.246522
v 0.535101 -0.039544 0.246522
v 0.535101 -0.049438 0.246522
v -0.528776 0.000032 -0.250328
v -0.528776 -0.009862 -0.250328
v -0.528776 -0.019756 -0.250328
v -0.528776 -0.029650 -0.250328
v -0.528775 -0.039544 -0.250327
v -0.528775 -0.049438 -0.250327
v -0.535137 0.000032 0.246522
v -0.535137 -0.009862 0.246522
v -0.535137 -0.019756 0.246522
v -0.535137 -0.029650 0.246522
v -0.535137 -0.039544 0.246522
v -0.535137 -0.049438 0.246522
v 0.528740 0.000032 -0.250328
v 0.528740 -0.009862 -0.250328
v 0.528741 -0.019756 -0.250327
v 0.528741 -0.029650 -0.250327
v 0.528740 -0.039544 -0.250328
v 0.528740 -0.049438 -0.250328
v 0.602660 0.000032 0.384871
v 0.602660 -0.049438 0.384871
v 0.689950 0.000032 0.457452
v 0.689950 -0.049438 0.457452
v 0.743433 0.000032 0.367235
v 0.743433 -0.049438 0.367235
v 0.637713 0.000032 0.326137
v 0.637713 -0.049438 0.326137
v -0.602675 0.000032 -0.384866
v -0.602675 -0.049438 -0.384866
v -0.689964 0.000032 -0.457446
v -0.689964 -0.049438 -0.457446
v -0.743448 0.000032 -0.367230
v -0.743448 -0.049438 -0.367230
v -0.637728 0.000032 -0.326131
v -0.637728 -0.049438 -0.326131
v -0.637728 0.000032 0.326137
v -0.637728 -0.049438 0.326137
v -0.743448 0.000032 0.367235
v -0.743448 -0.049438 0.367235
v -0.689964 0.000032 0.457452
v -0.689964 -0.049438 0.457452
v -0.602675 0.000032 0.384871
v -0.602675 -0.049438 0.384871
v 0.637713 0.000032 -0.326131
v 0.637713 -0.049438 -0.326131
v 0.743433 0.000032 -0.367230
v 0.743433 -0.049438 -0.367230
v 0.689950 0.000032 -0.457446
v 0.689950 -0.049438 -0.457446
v 0.602660 0.000032 -0.384866
v 0.602660 -0.049438 -0.384866
v 0.551349 0.000032 0.202545
v 0.551349 -0.009862 0.202545
v 0.551349 -0.019756 0.202545
v 0.551349 -0.029650 0.202545
v 0.551349 -0.039544 0.202545
v 0.551349 -0.049438 0.202545
v -0.547804 0.000032 -0.200060
v -0.547804 -0.009862 -0.200060
v -0.547804 -0.019756 -0.200060
v -0.547804 -0.029650 -0.200060
v -0.547804 -0.039544 -0.200060
v -0.547804 -0.049438 -0.200060
v -0.551385 0.000032 0.202545
v -0.551385 -0.009862 0.202545
v -0.551385 -0.019756 0.202545
v -0.551385 -0.029650 0.202545
v -0.551385 -0.039544 0.202545
v -0.551385 -0.049438 0.202545
v 0.547764 0.000032 -0.200059
v 0.547764 -0.009862 -0.200059
v 0.547764 -0.019756 -0.200059
v 0.547764 -0.029650 -0.200059
v 0.547765 -0.039544 -0.200060
v 0.547765 -0.049438 -0.200060
v 0.566263 0.000032 0.147429
v 0.566261 -0.009862 0.147430
v 0.566261 -0.019756 0.147430
v 0.566261 -0.029650 0.147430
v 0.566261 -0.039544 0.147428
v 0.566261 -0.049438 0.147429
v -0.564840 0.000032 -0.146144
v -0.564840 -0.009862 -0.146144
v -0.564840 -0.019756 -0.146144
v -0.564838 -0.029650 -0.146143
v -0.564838 -0.039544 -0.146143
v -0.564838 -0.049438 -0.146143
v -0.566296 0.000032 0.147429
v -0.566296 -0.009862 0.147428
v -0.566296 -0.019756 0.147427
v -0.566296 -0.029650 0.147427
v -0.566296 -0.039544 0.147428
v -0.566296 -0.049438 0.147429
v 0.564799 0.000032 -0.146143
v 0.564799 -0.009862 -0.146144
v 0.564799 -0.019756 -0.146144
v 0.564801 -0.029650 -0.146144
v 0.564801 -0.039544 -0.146144
v 0.564801 -0.049438 -0.146144
v 0.666883 0.000032 0.251687
v 0.666883 -0.049438 0.251687
v 0.772430 0.000032 0.304440
v 0.772430 -0.049438 0.304440
v 0.804172 0.000032 0.203862
v 0.804172 -0.049438 0.203862
v 0.690055 0.000032 0.185343
v 0.690055 -0.049438 0.185343
v -0.666898 0.000032 -0.251682
v -0.666898 -0.049438 -0.251682
v -0.772444 0.000032 -0.304435
v -0.772444 -0.049438 -0.304435
v -0.804187 0.000032 -0.203857
v -0.804187 -0.049438 -0.203857
v -0.690069 0.000032 -0.185338
v -0.690069 -0.049438 -0.185338
v -0.690069 0.000032 0.185343
v -0.690069 -0.049438 0.185343
v -0.804187 0.000032 0.203862
v -0.804187 -0.049438 0.203862
v -0.772444 0.000032 0.304440
v -0.772444 -0.049438 0.304440
v -0.666898 0.000032 0.251687
v -0.666898 -0.049438 0.251687
v 0.690055 0.000032 -0.185338
v 0.690055 -0.049438 -0.185338
v 0.804172 0.000032 -0.203857
v 0.804172 -0.049438 -0.203857
v 0.772430 0.000032 -0.304435
v 0.772430 -0.049438 -0.304435
v 0.666883 0.000032 -0.251682
v 0.666883 -0.049438 -0.251682
v 0.581122 0.000032 0.061384
v 0.581124 -0.009862 0.061383
v 0.581126 -0.019756 0.061384
v 0.581123 -0.029650 0.061384
v 0.581121 -0.039544 0.061383
v 0.581126 -0.049438 0.061384
v 0.575206 0.000032 0.112381
v 0.575207 -0.009862 0.112381
v 0.575206 -0.019756 0.112380
v 0.575206 -0.029650 0.112381
v 0.575206 -0.039544 0.112381
v 0.575206 -0.049438 0.112380
v -0.581807 0.000032 -0.064755
v -0.581810 -0.009862 -0.064756
v -0.581808 -0.019756 -0.064756
v -0.581809 -0.029650 -0.064754
v -0.581808 -0.039544 -0.064754
v -0.581807 -0.049438 -0.064756
v -0.575200 0.000032 -0.112338
v -0.575201 -0.009862 -0.112339
v -0.575200 -0.019756 -0.112338
v -0.575201 -0.029650 -0.112339
v -0.575202 -0.039544 -0.112339
v -0.575201 -0.049438 -0.112339
v -0.575241 0.000032 0.112382
v -0.575243 -0.009862 0.112384
v -0.575240 -0.019756 0.112384
v -0.575243 -0.029650 0.112382
v -0.575243 -0.039544 0.112384
v -0.575242 -0.049438 0.112381
v -0.581157 0.000032 0.061386
v -0.581155 -0.009862 0.061384
v -0.581155 -0.019756 0.061383
v -0.581158 -0.029650 0.061384
v -0.581155 -0.039544 0.061384
v -0.581155 -0.049438 0.061384
v 0.705346 0.000032 -0.108475
v 0.705346 -0.049438 -0.108475
v 0.575163 0.000032 -0.112338
v 0.575164 -0.009862 -0.112337
v 0.575165 -0.019756 -0.112338
v 0.575163 -0.029650 -0.112337
v 0.575165 -0.039544 -0.112338
v 0.575163 -0.049438 -0.112337
v 0.587206 0.000032 0.024749
v 0.587208 -0.009862 0.024751
v 0.587208 -0.019756 0.024751
v 0.587208 -0.029650 0.024748
v 0.587209 -0.039544 0.024748
v 0.587209 -0.049438 0.024748
v -0.585187 0.000032 -0.029091
v -0.585186 -0.009862 -0.029090
v -0.585185 -0.019756 -0.029092
v -0.585189 -0.029650 -0.029092
v -0.585187 -0.039544 -0.029094
v -0.585186 -0.049438 -0.029093
v -0.587242 0.000032 0.024750
v -0.587242 -0.009862 0.024752
v -0.587243 -0.019756 0.024750
v -0.587242 -0.029650 0.024750
v -0.587240 -0.039544 0.024750
v -0.587245 -0.049438 0.024748
v 0.581771 0.000032 -0.064753
v 0.581771 -0.009862 -0.064754
v 0.581770 -0.019756 -0.064754
v 0.581771 -0.029650 -0.064753
v 0.581773 -0.039544 -0.064753
v 0.581771 -0.049438 -0.064753
v 0.585148 0.000032 -0.029093
v 0.585148 -0.009862 -0.029094
v 0.585149 -0.019756 -0.029092
v 0.585148 -0.029650 -0.029094
v 0.585147 -0.039544 -0.029094
v 0.585149 -0.049438 -0.029092
v 0.705346 0.000032 0.108480
v 0.705346 -0.049438 0.108480
v 0.816410 0.000032 0.137664
v 0.816410 -0.049438 0.137664
v 0.828416 0.000032 0.030856
v 0.828416 -0.049438 0.030856
v 0.715673 0.000032 0.038532
v 0.715673 -0.049438 0.038532
v -0.705360 0.000032 -0.108475
v -0.705360 -0.049438 -0.108475
v -0.816425 0.000032 -0.137658
v -0.816425 -0.049438 -0.137658
v -0.828431 0.000032 -0.030851
v -0.828431 -0.049438 -0.030851
v -0.715687 0.000032 -0.038526
v -0.715687 -0.049438 -0.038526
v -0.715687 0.000032 0.038532
v -0.715687 -0.049438 0.038532
v -0.828431 0.000032 0.030856
v -0.828431 -0.049438 0.030856
v -0.816425 0.000032 0.137664
v -0.816425 -0.049438 0.137664
v -0.705360 0.000032 0.108480
v -0.705360 -0.049438 0.108480
v 0.715673 0.000032 -0.038526
v 0.715673 -0.049438 -0.038526
v 0.828416 0.000032 -0.030851
v 0.828416 -0.049438 -0.030851
v 0.816410 0.000032 -0.137658
v 0.816410 -0.049438 -0.137658
v 0.587852 0.000032 0.000007
v 0.587856 -0.009862 0.000009
v 0.587853 -0.019756 0.000009
v 0.587856 -0.029650 0.000009
v 0.587854 -0.039544 0.000008
v 0.587852 -0.049438 0.000008
v -0.587896 0.000032 0.000005
v -0.587895 -0.009862 0.000010
v -0.587896 -0.019756 0.000008
v -0.587896 -0.029650 0.000009
v -0.587897 -0.039544 0.000010
v -0.587895 -0.049438 0.000008
v 0.714507 0.000034 -0.002245
v 0.714507 -0.049437 -0.002245
v -0.713868 0.000034 -0.000806
v -0.713868 -0.049437 -0.000806
v -0.000007 -0.049438 0.709587
v -0.000007 -0.049438 -0.709581
v 0.611624 -0.049438 -0.001536
v 0.611859 -0.049438 -0.032438
v 0.604084 -0.049438 -0.087763
v 0.592234 -0.049438 -0.150301
v 0.612287 -0.049438 0.031538
v 0.603948 -0.049438 0.087064
v 0.592245 -0.049438 0.150315
v 0.574514 -0.049438 0.203042
v 0.551434 -0.049438 0.265497
v 0.524169 -0.049438 0.314942
v 0.484064 -0.049438 0.372074
v 0.444111 -0.049438 0.419711
v 0.389935 -0.049438 0.471255
v 0.337753 -0.049438 0.508177
v 0.281961 -0.049438 0.543055
v 0.228935 -0.049438 0.567847
v 0.166816 -0.049438 0.590068
v 0.109299 -0.049438 0.603321
v 0.040910 -0.049438 0.610680
v -0.000010 -0.049438 0.610265
v -0.040927 -0.049438 0.610680
v -0.109319 -0.049438 0.603340
v -0.166842 -0.049438 0.590102
v -0.228953 -0.049438 0.567845
v -0.281979 -0.049438 0.543055
v -0.337768 -0.049438 0.508176
v -0.389954 -0.049438 0.471255
v -0.444130 -0.049438 0.419711
v -0.484077 -0.049438 0.372069
v -0.524190 -0.049438 0.314945
v -0.551452 -0.049438 0.265497
v -0.574532 -0.049438 0.203043
v -0.592260 -0.049438 0.150314
v -0.603966 -0.049438 0.087064
v -0.612304 -0.049438 0.031537
v -0.611194 -0.049438 -0.000551
v -0.611876 -0.049438 -0.032437
v -0.604101 -0.049438 -0.087763
v -0.592254 -0.049438 -0.150302
v -0.574229 -0.049438 -0.202773
v -0.550706 -0.049438 -0.264976
v -0.522941 -0.049438 -0.315775
v -0.483194 -0.049438 -0.371932
v -0.443069 -0.049438 -0.419438
v -0.389688 -0.049438 -0.470186
v -0.337238 -0.049438 -0.507904
v -0.280918 -0.049438 -0.542251
v -0.228421 -0.049438 -0.566190
v -0.166122 -0.049438 -0.585706
v -0.107674 -0.049438 -0.597951
v -0.039513 -0.049438 -0.605973
v -0.000007 -0.049438 -0.607603
v 0.039495 -0.049438 -0.605973
v 0.107656 -0.049438 -0.597951
v 0.166106 -0.049438 -0.585705
v 0.228404 -0.049438 -0.566191
v 0.280899 -0.049438 -0.542252
v 0.337221 -0.049438 -0.507905
v 0.389670 -0.049438 -0.470186
v 0.443052 -0.049438 -0.419438
v 0.483175 -0.049438 -0.371932
v 0.522925 -0.049438 -0.315777
v 0.550689 -0.049438 -0.264975
v 0.574210 -0.049438 -0.202773
# 1944 positions

vt 0.251044 0.454776
vt 0.256753 0.453525
vt 0.256256 0.458859
vt 0.260336 0.446383
vt 0.260660 0.449545
vt 0.257281 0.449688
vt 0.257785 0.446449
vt 0.227971 0.344053
vt 0.226907 0.341523
vt 0.231184 0.339261
vt 0.232808 0.343039
vt 0.093532 0.301219
vt 0.097890 0.315357
vt 0.092386 0.316071
vt 0.087721 0.303878
vt 0.267633 0.457037
vt 0.262605 0.457951
vt 0.261369 0.453018
vt 0.266224 0.452372
vt 0.263033 0.445743
vt 0.264373 0.448813
vt 0.228047 0.346587
vt 0.233110 0.347011
vt 0.132549 0.464961
vt 0.126162 0.468577
vt 0.123993 0.464535
vt 0.128193 0.459986
vt 0.265213 0.444443
vt 0.267931 0.447143
vt 0.188205 0.305122
vt 0.191181 0.297036
vt 0.196492 0.298995
vt 0.192811 0.307035
vt 0.121759 0.474799
vt 0.127890 0.474482
vt 0.122121 0.541004
vt 0.116304 0.538606
vt 0.166034 0.544719
vt 0.168635 0.546979
vt 0.166971 0.550743
vt 0.162677 0.547329
vt 0.267488 0.441611
vt 0.271084 0.443811
vt 0.158250 0.542110
vt 0.159992 0.550030
vt 0.155390 0.545588
vt 0.100834 0.311353
vt 0.099298 0.298896
vt 0.244769 0.499550
vt 0.245019 0.495924
vt 0.248850 0.495796
vt 0.248900 0.500385
vt 0.268967 0.438094
vt 0.273018 0.439257
vt 0.173602 0.301340
vt 0.175298 0.292837
vt 0.103115 0.312666
vt 0.102338 0.317039
vt 0.120701 0.460814
vt 0.124454 0.456257
vt 0.103469 0.548989
vt 0.098724 0.547629
vt 0.099921 0.543631
vt 0.104117 0.544674
vt 0.149614 0.544273
vt 0.152476 0.548301
vt 0.148723 0.549976
vt 0.147120 0.545411
vt 0.105414 0.308774
vt 0.131817 0.446986
vt 0.134813 0.448926
vt 0.274058 0.419012
vt 0.282661 0.418518
vt 0.282960 0.429672
vt 0.274315 0.429273
vt 0.163586 0.299833
vt 0.164641 0.291163
vt 0.232851 0.351506
vt 0.227251 0.348917
vt 0.146079 0.451714
vt 0.146263 0.463720
vt 0.139981 0.463775
vt 0.141843 0.451373
vt 0.272943 0.408742
vt 0.281614 0.407589
vt 0.130589 0.543775
vt 0.127537 0.547774
vt 0.124769 0.545006
vt 0.129001 0.541976
vt 0.239509 0.346880
vt 0.239647 0.350685
vt 0.722435 0.837126
vt 0.720955 0.826237
vt 0.725118 0.825472
vt 0.726643 0.836699
vt 0.129551 0.554065
vt 0.127340 0.563984
vt 0.120662 0.562946
vt 0.124442 0.551951
vt 0.153478 0.298989
vt 0.153925 0.290227
vt 0.236017 0.356348
vt 0.193737 0.405694
vt 0.186914 0.401567
vt 0.152534 0.464554
vt 0.152180 0.470854
vt 0.146241 0.469256
vt 0.271100 0.398584
vt 0.279753 0.396750
vt 0.010277 0.438418
vt 0.010000 0.432178
vt 0.021078 0.429650
vt 0.023841 0.433281
vt 0.186245 0.396463
vt 0.474536 0.928500
vt 0.481305 0.937331
vt 0.478089 0.940101
vt 0.471115 0.931016
vt 0.268461 0.388626
vt 0.276967 0.386069
vt 0.143354 0.298876
vt 0.143130 0.290088
vt 0.240338 0.354881
vt 0.121194 0.470602
vt 0.119893 0.466930
vt 0.265053 0.378891
vt 0.273329 0.375674
vt 0.027539 0.436313
vt 0.024774 0.440116
vt 0.164628 0.380551
vt 0.159351 0.383716
vt 0.157074 0.378860
vt 0.160337 0.376159
vt 0.723029 0.848255
vt 0.727266 0.848165
vt 0.031095 0.472985
vt 0.019411 0.478805
vt 0.017161 0.472645
vt 0.027480 0.468386
vt 0.133256 0.299535
vt 0.132350 0.290836
vt 0.170073 0.380964
vt 0.170617 0.385992
vt 0.166817 0.387482
vt 0.117817 0.464132
vt 0.114702 0.462129
vt 0.116707 0.457899
vt 0.260947 0.369442
vt 0.268861 0.365591
vt 0.025835 0.401331
vt 0.021604 0.400399
vt 0.024044 0.390617
vt 0.028139 0.391812
vt 0.187023 0.448830
vt 0.187159 0.453092
vt 0.182612 0.453433
vt 0.182089 0.447329
vt 0.244303 0.493488
vt 0.247375 0.492151
vt 0.010263 0.420247
vt 0.011344 0.409204
vt 0.019783 0.410312
vt 0.018994 0.420231
vt 0.123283 0.301061
vt 0.121582 0.292491
vt 0.132169 0.477870
vt 0.128046 0.539657
vt 0.151386 0.542461
vt 0.255946 0.360495
vt 0.263511 0.355771
vt 0.022516 0.445711
vt 0.011009 0.445988
vt 0.161593 0.390705
vt 0.155015 0.391405
vt 0.155014 0.385215
vt 0.181279 0.551208
vt 0.183612 0.559819
vt 0.172103 0.562658
vt 0.171392 0.552070
vt 0.150189 0.554670
vt 0.155549 0.552887
vt 0.113705 0.303757
vt 0.110727 0.295103
vt 0.101438 0.558015
vt 0.095976 0.556035
vt 0.257013 0.371319
vt 0.252485 0.362752
vt 0.245152 0.489087
vt 0.248033 0.487025
vt 0.251152 0.490803
vt 0.154579 0.404700
vt 0.152381 0.404023
vt 0.240938 0.489398
vt 0.236838 0.486716
vt 0.238595 0.483438
vt 0.242773 0.486682
vt 0.260960 0.380522
vt 0.109193 0.305811
vt 0.105153 0.296803
vt 0.170063 0.392788
vt 0.166252 0.396617
vt 0.012105 0.453137
vt 0.022492 0.451978
vt 0.031475 0.465770
vt 0.034700 0.469286
vt 0.159207 0.406990
vt 0.192051 0.418627
vt 0.195003 0.422210
vt 0.191118 0.425597
vt 0.187039 0.420941
vt 0.027172 0.451968
vt 0.106996 0.314099
vt 0.106495 0.317215
vt 0.101938 0.323465
vt 0.096957 0.321940
vt 0.184281 0.415511
vt 0.169879 0.424229
vt 0.168837 0.419790
vt 0.264295 0.389932
vt 0.108417 0.311820
vt 0.097851 0.328284
vt 0.095439 0.326774
vt 0.182773 0.408559
vt 0.191318 0.410672
vt 0.190858 0.414606
vt 0.238266 0.510513
vt 0.241408 0.513246
vt 0.234259 0.520596
vt 0.231358 0.517475
vt 0.111364 0.309385
vt 0.091545 0.586559
vt 0.101231 0.586559
vt 0.101231 0.590813
vt 0.091545 0.590813
vt 0.266850 0.399543
vt 0.115175 0.307613
vt 0.134200 0.470873
vt 0.135979 0.474545
vt 0.259437 0.484133
vt 0.268282 0.488994
vt 0.265328 0.494590
vt 0.255354 0.488343
vt 0.268652 0.409374
vt 0.081536 0.586559
vt 0.081536 0.590813
vt 0.107157 0.321508
vt 0.094049 0.545915
vt 0.095719 0.542011
vt 0.105170 0.454890
vt 0.112010 0.456062
vt 0.110848 0.461274
vt 0.106209 0.461523
vt 0.124152 0.305245
vt 0.167790 0.416980
vt 0.129389 0.379578
vt 0.134626 0.379550
vt 0.053184 0.509973
vt 0.049914 0.512817
vt 0.043620 0.504944
vt 0.047087 0.502449
vt 0.067199 0.523582
vt 0.064395 0.526909
vt 0.056884 0.520138
vt 0.059909 0.517050
vt 0.165267 0.412635
vt 0.176006 0.404562
vt 0.013138 0.398592
vt 0.015777 0.388163
vt 0.269805 0.419319
vt 0.133744 0.303843
vt 0.212991 0.306858
vt 0.209223 0.320653
vt 0.205092 0.321240
vt 0.203681 0.316106
vt 0.226476 0.527369
vt 0.223763 0.523986
vt 0.270151 0.429132
vt 0.201100 0.312269
vt 0.207374 0.303874
vt 0.189405 0.543992
vt 0.191019 0.548044
vt 0.180272 0.547200
vt 0.107900 0.544878
vt 0.108350 0.549395
vt 0.143496 0.303197
vt 0.240215 0.526814
vt 0.232034 0.534117
vt 0.090751 0.553877
vt 0.184754 0.459623
vt 0.183481 0.465409
vt 0.178442 0.464481
vt 0.177897 0.459357
vt 0.219358 0.310678
vt 0.214676 0.321318
vt 0.209543 0.539078
vt 0.218234 0.533567
vt 0.223316 0.540801
vt 0.214027 0.546741
vt 0.083034 0.535159
vt 0.080762 0.538806
vt 0.072387 0.533133
vt 0.074941 0.529643
vt 0.153294 0.303337
vt 0.070649 0.341998
vt 0.067032 0.347239
vt 0.063601 0.345508
vt 0.064906 0.340632
vt 0.248003 0.518839
vt 0.243474 0.503136
vt 0.247228 0.505041
vt 0.108576 0.398624
vt 0.102863 0.401415
vt 0.282326 0.441277
vt 0.163102 0.304129
vt 0.076835 0.340158
vt 0.110849 0.392645
vt 0.043351 0.518608
vt 0.036564 0.510102
vt 0.281560 0.447272
vt 0.131347 0.549579
vt 0.065449 0.335963
vt 0.070979 0.336744
vt 0.198542 0.539923
vt 0.200440 0.543903
vt 0.267766 0.462903
vt 0.279195 0.459258
vt 0.277556 0.465371
vt 0.172798 0.305558
vt 0.076693 0.337260
vt 0.215765 0.529972
vt 0.019477 0.425110
vt 0.023120 0.420067
vt 0.023596 0.424107
vt 0.135530 0.550492
vt 0.136329 0.545883
vt 0.170178 0.428390
vt 0.190556 0.433147
vt 0.186027 0.437273
vt 0.169874 0.432298
vt 0.139886 0.375376
vt 0.263127 0.462978
vt 0.186783 0.309123
vt 0.134760 0.555066
vt 0.024921 0.427296
vt 0.076241 0.546208
vt 0.067283 0.540225
vt 0.163862 0.540707
vt 0.255420 0.509903
vt 0.258932 0.504990
vt 0.257771 0.463356
vt 0.190978 0.310782
vt 0.253091 0.340745
vt 0.256988 0.345857
vt 0.249268 0.353138
vt 0.245119 0.351104
vt 0.010003 0.426091
vt 0.027255 0.430147
vt 0.199396 0.317892
vt 0.200254 0.321613
vt 0.238182 0.341764
vt 0.248241 0.335072
vt 0.071557 0.586559
vt 0.071557 0.590813
vt 0.256088 0.480919
vt 0.252425 0.476996
vt 0.197702 0.315281
vt 0.105118 0.433372
vt 0.101240 0.434922
vt 0.099005 0.431139
vt 0.102813 0.428176
vt 0.197229 0.309255
vt 0.194777 0.312863
vt 0.111320 0.406362
vt 0.118522 0.403381
vt 0.128400 0.412379
vt 0.126286 0.415419
vt 0.103316 0.444104
vt 0.107312 0.444079
vt 0.107052 0.449146
vt 0.102899 0.448129
vt 0.109482 0.413152
vt 0.103754 0.410918
vt 0.104309 0.407094
vt 0.109495 0.426458
vt 0.111780 0.431993
vt 0.115663 0.448873
vt 0.201858 0.301246
vt 0.124484 0.419008
vt 0.407740 0.918534
vt 0.407740 0.908721
vt 0.411995 0.908721
vt 0.411995 0.918534
vt 0.029881 0.431842
vt 0.196332 0.430061
vt 0.197221 0.435052
vt 0.193659 0.436487
vt 0.122944 0.430446
vt 0.123656 0.434551
vt 0.113100 0.437216
vt 0.101339 0.451322
vt 0.164425 0.443085
vt 0.061616 0.586559
vt 0.061616 0.590813
vt 0.204309 0.551892
vt 0.194200 0.556254
vt 0.188797 0.456565
vt 0.242762 0.491183
vt 0.205539 0.327779
vt 0.208979 0.332790
vt 0.120583 0.452801
vt 0.106223 0.419387
vt 0.123369 0.422867
vt 0.199334 0.424953
vt 0.168803 0.436325
vt 0.183184 0.441959
vt 0.166855 0.440009
vt 0.126994 0.441960
vt 0.129100 0.444543
vt 0.199638 0.325594
vt 0.114510 0.442495
vt 0.101565 0.414101
vt 0.053625 0.327399
vt 0.059296 0.322329
vt 0.067581 0.330320
vt 0.188311 0.443968
vt 0.132930 0.545061
vt 0.027254 0.381073
vt 0.031163 0.382595
vt 0.060130 0.340359
vt 0.051623 0.586559
vt 0.051623 0.590813
vt 0.110910 0.544105
vt 0.112843 0.548324
vt 0.122856 0.426533
vt 0.055634 0.341159
vt 0.049187 0.331799
vt 0.106578 0.438745
vt 0.125020 0.438366
vt 0.119992 0.548741
vt 0.114772 0.397590
vt 0.393264 0.802511
vt 0.393264 0.797864
vt 0.397519 0.797864
vt 0.397519 0.802511
vt 0.117357 0.545506
vt 0.114058 0.541950
vt 0.165784 0.563765
vt 0.140672 0.473130
vt 0.140182 0.469174
vt 0.158385 0.564636
vt 0.393264 0.972700
vt 0.393264 0.963011
vt 0.397519 0.963011
vt 0.397519 0.972700
vt 0.102678 0.439555
vt 0.113981 0.392832
vt 0.151662 0.565088
vt 0.041615 0.586559
vt 0.041615 0.590813
vt 0.171744 0.460007
vt 0.161382 0.445941
vt 0.180023 0.399695
vt 0.181383 0.396003
vt 0.031801 0.586558
vt 0.031801 0.590813
vt 0.393264 0.900560
vt 0.393264 0.896768
vt 0.397519 0.896768
vt 0.397519 0.900560
vt 0.152382 0.540209
vt 0.475399 0.767937
vt 0.472212 0.772575
vt 0.468611 0.770325
vt 0.471924 0.765475
vt 0.244996 0.483510
vt 0.241664 0.478709
vt 0.038432 0.471759
vt 0.034654 0.477235
vt 0.032688 0.439196
vt 0.035991 0.444738
vt 0.033920 0.446772
vt 0.029369 0.443285
vt 0.045640 0.478984
vt 0.043127 0.474010
vt 0.252291 0.484250
vt 0.248260 0.479263
vt 0.154554 0.477452
vt 0.158508 0.474156
vt 0.125946 0.386223
vt 0.128370 0.382982
vt 0.132116 0.385048
vt 0.128870 0.388949
vt 0.150126 0.451336
vt 0.280579 0.453047
vt 0.122391 0.389133
vt 0.124711 0.392371
vt 0.262129 0.500088
vt 0.098959 0.423219
vt 0.096576 0.429156
vt 0.119992 0.395332
vt 0.118191 0.391565
vt 0.039996 0.486964
vt 0.035721 0.487172
vt 0.036671 0.482752
vt 0.040499 0.484324
vt 0.033579 0.432891
vt 0.096649 0.417297
vt 0.123957 0.400859
vt 0.035389 0.463206
vt 0.037523 0.465467
vt 0.086605 0.317005
vt 0.087777 0.321635
vt 0.075254 0.328871
vt 0.071813 0.325696
vt 0.128472 0.397914
vt 0.133088 0.394989
vt 0.040589 0.467174
vt 0.252011 0.449223
vt 0.138018 0.405147
vt 0.134428 0.407027
vt 0.081887 0.306884
vt 0.064947 0.317812
vt 0.393264 0.933615
vt 0.393264 0.923818
vt 0.397519 0.923818
vt 0.397519 0.933615
vt 0.022765 0.586558
vt 0.022765 0.590813
vt 0.131120 0.409563
vt 0.246814 0.356402
vt 0.032062 0.452240
vt 0.210202 0.326638
vt 0.211256 0.331735
vt 0.243782 0.354993
vt 0.113405 0.561437
vt 0.700840 0.775277
vt 0.694171 0.765754
vt 0.697517 0.763170
vt 0.704380 0.772971
vt 0.019281 0.377969
vt 0.690373 0.761053
vt 0.693582 0.758286
vt 0.028735 0.358631
vt 0.036192 0.363025
vt 0.031359 0.371876
vt 0.023605 0.368091
vt 0.138263 0.391082
vt 0.141907 0.403843
vt 0.681992 0.752153
vt 0.677309 0.747904
vt 0.679989 0.744635
vt 0.684890 0.749038
vt 0.207371 0.535286
vt 0.426459 0.811783
vt 0.426459 0.815852
vt 0.422205 0.815852
vt 0.422205 0.811783
vt 0.034609 0.349611
vt 0.041569 0.354501
vt 0.144546 0.391528
vt 0.145208 0.403373
vt 0.426459 0.819307
vt 0.422205 0.819307
vt 0.036489 0.491910
vt 0.027419 0.495810
vt 0.024534 0.490307
vt 0.140453 0.383322
vt 0.145153 0.385155
vt 0.161924 0.837240
vt 0.161924 0.832494
vt 0.166178 0.832494
vt 0.166178 0.837240
vt 0.173847 0.465109
vt 0.050761 0.526455
vt 0.166319 0.475758
vt 0.426459 0.822994
vt 0.422205 0.822994
vt 0.041296 0.340756
vt 0.047712 0.346672
vt 0.190665 0.439523
vt 0.133558 0.564673
vt 0.034103 0.482174
vt 0.107265 0.559821
vt 0.161924 0.851891
vt 0.166178 0.851891
vt 0.166036 0.462124
vt 0.157603 0.448496
vt 0.143130 0.378702
vt 0.656875 0.732727
vt 0.659137 0.729165
vt 0.039066 0.479008
vt 0.042243 0.481694
vt 0.161924 0.825873
vt 0.166178 0.825873
vt 0.426459 0.826120
vt 0.422205 0.826120
vt 0.042099 0.494632
vt 0.038409 0.496477
vt 0.040506 0.490750
vt 0.407740 0.728997
vt 0.407740 0.725551
vt 0.411995 0.725551
vt 0.411995 0.728997
vt 0.180626 0.827605
vt 0.180626 0.831157
vt 0.176371 0.831157
vt 0.176371 0.827605
vt 0.160213 0.466209
vt 0.154928 0.449853
vt 0.407740 0.895869
vt 0.407740 0.892234
vt 0.411995 0.892234
vt 0.411995 0.895869
vt 0.569130 0.713679
vt 0.558264 0.715441
vt 0.557341 0.711295
vt 0.568537 0.709469
vt 0.137251 0.731848
vt 0.137251 0.735346
vt 0.132996 0.735346
vt 0.132996 0.731848
vt 0.105438 0.765388
vt 0.105438 0.770553
vt 0.101184 0.770553
vt 0.101184 0.765388
vt 0.393264 0.893659
vt 0.397519 0.893659
vt 0.105438 0.774804
vt 0.101184 0.774804
vt 0.393264 0.889843
vt 0.393264 0.885815
vt 0.397519 0.885815
vt 0.397519 0.889843
vt 0.393264 0.817547
vt 0.393264 0.813651
vt 0.397519 0.813651
vt 0.397519 0.817547
vt 0.173108 0.390215
vt 0.170246 0.467254
vt 0.035186 0.373766
vt 0.105438 0.755861
vt 0.105438 0.759516
vt 0.101184 0.759516
vt 0.101184 0.755861
vt 0.174574 0.396838
vt 0.176843 0.393639
vt 0.167919 0.470459
vt 0.393264 0.810166
vt 0.393264 0.806460
vt 0.397519 0.806460
vt 0.397519 0.810166
vt 0.039939 0.365200
vt 0.407740 0.889694
vt 0.411995 0.889694
vt 0.170832 0.400919
vt 0.137251 0.748893
vt 0.137251 0.751428
vt 0.132996 0.751428
vt 0.132996 0.748893
vt 0.045064 0.356849
vt 0.547431 0.718135
vt 0.536203 0.721896
vt 0.534652 0.717931
vt 0.546188 0.714073
vt 0.162550 0.409612
vt 0.043386 0.467696
vt 0.030364 0.500833
vt 0.478923 0.763332
vt 0.475601 0.760695
vt 0.050636 0.349584
vt 0.407740 0.884370
vt 0.407740 0.879469
vt 0.411995 0.879469
vt 0.411995 0.884370
vt 0.137251 0.729174
vt 0.132996 0.729174
vt 0.058782 0.533659
vt 0.452926 0.880250
vt 0.458951 0.899475
vt 0.455011 0.900978
vt 0.448837 0.881341
vt 0.137251 0.903617
vt 0.137251 0.906126
vt 0.132996 0.906126
vt 0.132996 0.903617
vt 0.235450 0.336812
vt 0.060520 0.344976
vt 0.199756 0.586559
vt 0.204398 0.586559
vt 0.204398 0.590813
vt 0.199756 0.590813
vt 0.105438 0.786896
vt 0.105438 0.791457
vt 0.101184 0.791457
vt 0.101184 0.786896
vt 0.027531 0.447124
vt 0.032638 0.449174
vt 0.056867 0.345490
vt 0.191602 0.586559
vt 0.195562 0.586559
vt 0.195562 0.590813
vt 0.191602 0.590813
vt 0.105438 0.783897
vt 0.101184 0.783897
vt 0.051377 0.343412
vt 0.053727 0.346936
vt 0.651455 0.729447
vt 0.645817 0.726471
vt 0.647663 0.722657
vt 0.653509 0.725753
vt 0.023948 0.410948
vt 0.393264 0.727327
vt 0.393264 0.724640
vt 0.397519 0.724640
vt 0.397519 0.727327
vt 0.045064 0.336280
vt 0.393264 0.909394
vt 0.393264 0.904887
vt 0.397519 0.904887
vt 0.397519 0.909394
vt 0.149737 0.391612
vt 0.148863 0.403418
vt 0.224378 0.326043
vt 0.221838 0.329922
vt 0.121274 0.810888
vt 0.121274 0.871109
vt 0.117020 0.871109
vt 0.117020 0.810888
vt 0.243608 0.330169
vt 0.230018 0.318175
vt 0.488468 0.945409
vt 0.496261 0.952866
vt 0.493531 0.956105
vt 0.485480 0.948412
vt 0.146546 0.380686
vt 0.407740 0.928542
vt 0.411995 0.928542
vt 0.150068 0.385718
vt 0.150198 0.381325
vt 0.150673 0.474490
vt 0.407740 0.978151
vt 0.407740 0.968465
vt 0.411995 0.968465
vt 0.411995 0.978151
vt 0.136889 0.449919
vt 0.612962 0.715497
vt 0.602106 0.713727
vt 0.602525 0.709494
vt 0.613701 0.711308
vt 0.591136 0.712797
vt 0.580099 0.712789
vt 0.579841 0.708547
vt 0.591220 0.708550
vt 0.153625 0.380676
vt 0.623831 0.718101
vt 0.624891 0.713988
vt 0.021876 0.484695
vt 0.145735 0.473146
vt 0.450861 0.827528
vt 0.449568 0.838300
vt 0.445354 0.837987
vt 0.446673 0.826884
vt 0.171810 0.548005
vt 0.407740 0.958456
vt 0.411995 0.958456
vt 0.072231 0.332676
vt 0.407740 0.938536
vt 0.411995 0.938536
vt 0.252955 0.445625
vt 0.219869 0.323237
vt 0.224975 0.314453
vt 0.271012 0.605333
vt 0.207975 0.605333
vt 0.207975 0.601079
vt 0.271012 0.601079
vt 0.077381 0.334626
vt 0.640496 0.723983
vt 0.634894 0.721698
vt 0.636305 0.717692
vt 0.642141 0.720066
vt 0.218144 0.327751
vt 0.079040 0.331982
vt 0.468074 0.918447
vt 0.471249 0.923654
vt 0.467705 0.925978
vt 0.464423 0.920582
vt 0.214117 0.326487
vt 0.105438 0.752527
vt 0.101184 0.752527
vt 0.088922 0.326171
vt 0.180626 0.844649
vt 0.180626 0.849044
vt 0.176371 0.849044
vt 0.176371 0.844649
vt 0.213645 0.331494
vt 0.180626 0.835204
vt 0.176371 0.835204
vt 0.216240 0.332142
vt 0.092534 0.321233
vt 0.092025 0.325953
vt 0.105438 0.748426
vt 0.101184 0.748426
vt 0.219295 0.333848
vt 0.105438 0.736294
vt 0.105438 0.740208
vt 0.101184 0.740208
vt 0.101184 0.736294
vt 0.147457 0.914802
vt 0.147457 0.852885
vt 0.151711 0.852885
vt 0.151711 0.914802
vt 0.184058 0.605333
vt 0.120025 0.605333
vt 0.120025 0.601079
vt 0.184058 0.601079
vt 0.161924 0.755409
vt 0.161924 0.750380
vt 0.166178 0.750380
vt 0.166178 0.755409
vt 0.105438 0.732594
vt 0.101184 0.732594
vt 0.105438 0.744375
vt 0.101184 0.744375
vt 0.180626 0.839797
vt 0.176371 0.839797
vt 0.105438 0.878842
vt 0.105438 0.882857
vt 0.101184 0.882857
vt 0.101184 0.878842
vt 0.161924 0.856637
vt 0.166178 0.856637
vt 0.121274 0.803288
vt 0.121274 0.807335
vt 0.117020 0.807335
vt 0.117020 0.803288
vt 0.121274 0.798695
vt 0.117020 0.798695
vt 0.121274 0.793843
vt 0.117020 0.793843
vt 0.121274 0.789448
vt 0.117020 0.789448
vt 0.105438 0.874828
vt 0.101184 0.874828
vt 0.105438 0.871128
vt 0.101184 0.871128
vt 0.105438 0.867214
vt 0.101184 0.867214
vt 0.105438 0.863047
vt 0.101184 0.863047
vt 0.105438 0.858996
vt 0.101184 0.858996
vt 0.105438 0.854895
vt 0.101184 0.854895
vt 0.105438 0.851561
vt 0.101184 0.851561
vt 0.161924 0.764702
vt 0.161924 0.760438
vt 0.166178 0.760438
vt 0.166178 0.764702
vt 0.105438 0.803711
vt 0.105438 0.807876
vt 0.101184 0.807876
vt 0.101184 0.803711
vt 0.105438 0.811794
vt 0.101184 0.811794
vt 0.105438 0.815965
vt 0.101184 0.815965
vt 0.105438 0.820526
vt 0.101184 0.820526
vt 0.105438 0.823525
vt 0.101184 0.823525
vt 0.105438 0.828552
vt 0.101184 0.828552
vt 0.147457 0.847829
vt 0.147457 0.842926
vt 0.151711 0.842926
vt 0.151711 0.847829
vt 0.147457 0.837860
vt 0.151711 0.837860
vt 0.147457 0.832742
vt 0.151711 0.832742
vt 0.105438 0.832618
vt 0.101184 0.832618
vt 0.105438 0.836869
vt 0.101184 0.836869
vt 0.105438 0.842034
vt 0.101184 0.842034
vt 0.105438 0.844336
vt 0.101184 0.844336
vt 0.105438 0.847906
vt 0.101184 0.847906
vt 0.203329 0.605333
vt 0.199379 0.605333
vt 0.199379 0.601079
vt 0.203329 0.601079
vt 0.195674 0.605333
vt 0.195674 0.601079
vt 0.192188 0.605333
vt 0.192188 0.601079
vt 0.188293 0.605333
vt 0.188293 0.601079
vt 0.407740 0.989998
vt 0.407740 0.986658
vt 0.411995 0.986658
vt 0.411995 0.989998
vt 0.502571 0.740646
vt 0.497645 0.744481
vt 0.494944 0.741218
vt 0.500049 0.737253
vt 0.209526 0.586559
vt 0.266997 0.586559
vt 0.266997 0.590813
vt 0.209526 0.590813
vt 0.482872 0.758685
vt 0.479697 0.755882
vt 0.407740 0.948477
vt 0.411995 0.948477
vt 0.161924 0.768544
vt 0.166178 0.768544
vt 0.393264 0.943451
vt 0.397519 0.943451
vt 0.459701 0.796597
vt 0.455979 0.806643
vt 0.451932 0.805361
vt 0.455761 0.795017
vt 0.271897 0.586559
vt 0.271897 0.590813
vt 0.274449 0.586559
vt 0.274449 0.590813
vt 0.010002 0.586558
vt 0.012775 0.586558
vt 0.012775 0.590813
vt 0.010002 0.590813
vt 0.015315 0.586558
vt 0.015315 0.590813
vt 0.018950 0.586558
vt 0.018950 0.590813
vt 0.706485 0.784905
vt 0.710198 0.782880
vt 0.711323 0.794762
vt 0.715175 0.793025
vt 0.492551 0.748905
vt 0.489679 0.745793
vt 0.715396 0.804966
vt 0.719372 0.803539
vt 0.718614 0.815503
vt 0.722699 0.814404
vt 0.451503 0.873876
vt 0.447336 0.874731
vt 0.601491 0.896391
vt 0.604410 0.890099
vt 0.609145 0.892572
vt 0.608178 0.897113
vt 0.570234 0.722462
vt 0.580511 0.721628
vt 0.596442 0.893097
vt 0.598529 0.885561
vt 0.597047 0.899172
vt 0.594384 0.896853
vt 0.535480 0.746563
vt 0.540973 0.744750
vt 0.577501 0.798232
vt 0.571754 0.803775
vt 0.603527 0.881416
vt 0.607405 0.886042
vt 0.596262 0.878017
vt 0.600414 0.875821
vt 0.591627 0.891544
vt 0.592010 0.885184
vt 0.591402 0.878742
vt 0.688870 0.902515
vt 0.691968 0.908281
vt 0.687660 0.910501
vt 0.685031 0.907481
vt 0.693403 0.901002
vt 0.695773 0.906586
vt 0.689095 0.896441
vt 0.691578 0.896127
vt 0.593199 0.826794
vt 0.596735 0.815658
vt 0.601151 0.820339
vt 0.596858 0.828065
vt 0.589135 0.826041
vt 0.590164 0.817172
vt 0.665950 0.768878
vt 0.668427 0.771856
vt 0.664202 0.775046
vt 0.660446 0.770838
vt 0.662697 0.764610
vt 0.668561 0.762024
vt 0.670136 0.766861
vt 0.671369 0.770184
vt 0.686465 0.756688
vt 0.674600 0.764839
vt 0.673329 0.760142
vt 0.683257 0.769526
vt 0.678817 0.768377
vt 0.674912 0.768839
vt 0.566657 0.803104
vt 0.531552 0.751327
vt 0.473619 0.859828
vt 0.534099 0.842259
vt 0.536739 0.848442
vt 0.474137 0.865383
vt 0.634012 0.849929
vt 0.629170 0.855173
vt 0.623111 0.853083
vt 0.626320 0.845852
vt 0.632976 0.839883
vt 0.637633 0.842815
vt 0.636143 0.854609
vt 0.632281 0.857583
vt 0.569316 0.894244
vt 0.562989 0.894945
vt 0.561214 0.889365
vt 0.567802 0.885828
vt 0.575115 0.891806
vt 0.576987 0.896251
vt 0.574432 0.898080
vt 0.576776 0.827552
vt 0.574643 0.821498
vt 0.579729 0.818927
vt 0.581625 0.826227
vt 0.557184 0.814133
vt 0.558875 0.817749
vt 0.552915 0.819501
vt 0.552466 0.815440
vt 0.575222 0.885203
vt 0.560909 0.983822
vt 0.554792 0.982545
vt 0.555075 0.971162
vt 0.559277 0.969384
vt 0.563155 0.966579
vt 0.566141 0.970203
vt 0.570994 0.973777
vt 0.568416 0.985006
vt 0.552292 0.837159
vt 0.558086 0.839166
vt 0.556740 0.843469
vt 0.550479 0.842123
vt 0.627062 0.820784
vt 0.632303 0.823541
vt 0.630072 0.828165
vt 0.624985 0.827339
vt 0.634123 0.744329
vt 0.637264 0.744823
vt 0.636517 0.748128
vt 0.633521 0.746809
vt 0.615355 0.829474
vt 0.620536 0.821237
vt 0.621401 0.816751
vt 0.625179 0.816064
vt 0.562504 0.881343
vt 0.567481 0.874618
vt 0.571902 0.877321
vt 0.558742 0.886427
vt 0.576926 0.878284
vt 0.722152 0.866430
vt 0.707403 0.868367
vt 0.705521 0.865067
vt 0.709913 0.861805
vt 0.721073 0.873770
vt 0.708987 0.873403
vt 0.712335 0.857895
vt 0.722731 0.860074
vt 0.536449 0.739802
vt 0.540684 0.740214
vt 0.623678 0.833954
vt 0.615820 0.836204
vt 0.609595 0.826605
vt 0.614241 0.820366
vt 0.567270 0.962330
vt 0.573462 0.960512
vt 0.574908 0.963022
vt 0.570377 0.966551
vt 0.561414 0.959862
vt 0.559429 0.963170
vt 0.706292 0.916276
vt 0.700018 0.903143
vt 0.709653 0.909679
vt 0.545663 0.819813
vt 0.547316 0.825721
vt 0.542035 0.826654
vt 0.540296 0.822808
vt 0.703134 0.921774
vt 0.693349 0.917947
vt 0.693491 0.913361
vt 0.616213 0.852312
vt 0.617186 0.846700
vt 0.616603 0.841648
vt 0.624321 0.839589
vt 0.603682 0.961177
vt 0.609145 0.960044
vt 0.610863 0.964019
vt 0.607448 0.966395
vt 0.547487 0.814665
vt 0.605194 0.823714
vt 0.600438 0.830128
vt 0.600280 0.965109
vt 0.596396 0.961840
vt 0.597633 0.959281
vt 0.604599 0.970186
vt 0.617252 0.871959
vt 0.610695 0.867337
vt 0.612992 0.862437
vt 0.618848 0.864927
vt 0.624401 0.866305
vt 0.624466 0.872517
vt 0.612073 0.875354
vt 0.607590 0.870533
vt 0.626286 0.879547
vt 0.620149 0.879681
vt 0.615690 0.880724
vt 0.505468 0.766674
vt 0.511216 0.764680
vt 0.609285 0.809857
vt 0.605771 0.814081
vt 0.603111 0.808306
vt 0.607152 0.806176
vt 0.628481 0.871764
vt 0.630679 0.876302
vt 0.624985 0.885554
vt 0.620796 0.885007
vt 0.699338 0.867970
vt 0.699457 0.862191
vt 0.703879 0.861144
vt 0.695936 0.873124
vt 0.701912 0.871639
vt 0.697842 0.874678
vt 0.609223 0.972016
vt 0.610442 0.969684
vt 0.614466 0.971735
vt 0.614630 0.983364
vt 0.608529 0.984460
vt 0.501842 0.771796
vt 0.555544 0.826239
vt 0.553798 0.832183
vt 0.547610 0.830290
vt 0.602226 0.985276
vt 0.599583 0.972500
vt 0.595718 0.985766
vt 0.594209 0.974779
vt 0.592689 0.970275
vt 0.596926 0.968072
vt 0.591218 0.965836
vt 0.593954 0.964356
vt 0.450447 0.867595
vt 0.465260 0.867165
vt 0.464507 0.872642
vt 0.578239 0.970866
vt 0.579756 0.966200
vt 0.573640 0.969288
vt 0.576924 0.964864
vt 0.577049 0.975390
vt 0.561872 0.831162
vt 0.559714 0.835063
vt 0.575593 0.985696
vt 0.462157 0.863286
vt 0.449718 0.861430
vt 0.464029 0.861431
vt 0.468048 0.863320
vt 0.561806 0.822659
vt 0.565893 0.827534
vt 0.471373 0.869795
vt 0.477724 0.870603
vt 0.475638 0.872540
vt 0.469313 0.859355
vt 0.548889 0.981039
vt 0.543287 0.979315
vt 0.545457 0.970845
vt 0.550292 0.971587
vt 0.546312 0.966788
vt 0.550333 0.967332
vt 0.553750 0.966838
vt 0.557110 0.965281
vt 0.461545 0.819070
vt 0.453003 0.816981
vt 0.464328 0.809362
vt 0.536058 0.967565
vt 0.537717 0.963682
vt 0.458282 0.848906
vt 0.449140 0.849428
vt 0.458256 0.838964
vt 0.526932 0.963252
vt 0.528916 0.959405
vt 0.463093 0.852631
vt 0.464632 0.856101
vt 0.460892 0.858191
vt 0.459055 0.853780
vt 0.518124 0.958329
vt 0.520348 0.954690
vt 0.508678 0.748105
vt 0.521984 0.740286
vt 0.523241 0.745034
vt 0.511772 0.751550
vt 0.509752 0.952740
vt 0.512250 0.949351
vt 0.513633 0.965676
vt 0.504678 0.959642
vt 0.577886 0.809943
vt 0.584457 0.810025
vt 0.584730 0.818010
vt 0.465741 0.820109
vt 0.463765 0.829659
vt 0.459487 0.828957
vt 0.571900 0.815123
vt 0.462399 0.848509
vt 0.487218 0.754050
vt 0.499554 0.761275
vt 0.499042 0.765403
vt 0.493731 0.765436
vt 0.590035 0.808995
vt 0.489382 0.766922
vt 0.532847 0.975437
vt 0.449266 0.855241
vt 0.523033 0.970942
vt 0.597498 0.797700
vt 0.631461 0.751261
vt 0.634687 0.753102
vt 0.601652 0.801924
vt 0.501944 0.946394
vt 0.501609 0.756212
vt 0.473340 0.878674
vt 0.476320 0.889747
vt 0.472312 0.892571
vt 0.468660 0.878572
vt 0.483696 0.900531
vt 0.487780 0.905396
vt 0.485207 0.908268
vt 0.480848 0.905724
vt 0.469525 0.873876
vt 0.473949 0.875620
vt 0.548178 0.878591
vt 0.549361 0.884847
vt 0.483605 0.894073
vt 0.543014 0.874820
vt 0.570155 0.824388
vt 0.566945 0.819144
vt 0.476512 0.903940
vt 0.478750 0.898808
vt 0.480782 0.893431
vt 0.529506 0.749961
vt 0.531217 0.745179
vt 0.595983 0.805818
vt 0.517679 0.730706
vt 0.523565 0.727481
vt 0.527456 0.738934
vt 0.530278 0.724300
vt 0.541316 0.731185
vt 0.538284 0.734651
vt 0.532739 0.738972
vt 0.506461 0.758105
vt 0.505593 0.761904
vt 0.556668 0.877582
vt 0.555100 0.870302
vt 0.561221 0.866653
vt 0.563606 0.871178
vt 0.504767 0.943194
vt 0.555212 0.884917
vt 0.471899 0.790628
vt 0.464144 0.786823
vt 0.479297 0.777520
vt 0.606714 0.802357
vt 0.699856 0.926900
vt 0.696495 0.931612
vt 0.689116 0.926689
vt 0.691689 0.922513
vt 0.685567 0.924462
vt 0.687689 0.920726
vt 0.688873 0.917163
vt 0.688909 0.914081
vt 0.686215 0.930710
vt 0.682881 0.928060
vt 0.467808 0.799865
vt 0.675846 0.941614
vt 0.672923 0.938456
vt 0.524316 0.749753
vt 0.514909 0.755022
vt 0.668213 0.948209
vt 0.665503 0.944839
vt 0.504799 0.751722
vt 0.508721 0.754554
vt 0.660147 0.954287
vt 0.657642 0.950725
vt 0.628385 0.733818
vt 0.630552 0.730202
vt 0.634438 0.733242
vt 0.631384 0.736173
vt 0.651678 0.959764
vt 0.649459 0.956051
vt 0.593718 0.801185
vt 0.642824 0.964597
vt 0.640905 0.960709
vt 0.468346 0.895039
vt 0.471673 0.900355
vt 0.461724 0.906140
vt 0.633612 0.968664
vt 0.632086 0.964666
vt 0.468462 0.810722
vt 0.624102 0.971514
vt 0.623268 0.967461
vt 0.565067 0.837761
vt 0.566304 0.835817
vt 0.619223 0.972205
vt 0.619120 0.968003
vt 0.615351 0.967537
vt 0.612943 0.966381
vt 0.626269 0.980439
vt 0.620681 0.982001
vt 0.637522 0.741038
vt 0.641436 0.740180
vt 0.640799 0.745040
vt 0.636772 0.976795
vt 0.465059 0.912968
vt 0.646700 0.972439
vt 0.497758 0.936383
vt 0.494662 0.939408
vt 0.656163 0.967332
vt 0.479310 0.910267
vt 0.665182 0.961491
vt 0.478858 0.914818
vt 0.673708 0.955018
vt 0.511187 0.759856
vt 0.510792 0.762214
vt 0.681757 0.947928
vt 0.527037 0.749392
vt 0.527308 0.744455
vt 0.692992 0.936017
vt 0.703755 0.875159
vt 0.699116 0.876867
vt 0.704399 0.879212
vt 0.699577 0.879563
vt 0.701495 0.892072
vt 0.697254 0.890084
vt 0.462525 0.839256
vt 0.475177 0.896499
vt 0.699516 0.895859
vt 0.695569 0.893141
vt 0.696785 0.899059
vt 0.693718 0.895060
vt 0.703378 0.898780
vt 0.705703 0.894024
vt 0.714636 0.897702
vt 0.712399 0.903519
vt 0.548814 0.872333
vt 0.563958 0.814449
vt 0.561460 0.811424
vt 0.564930 0.807664
vt 0.568141 0.809937
vt 0.491099 0.929211
vt 0.487880 0.931939
vt 0.544018 0.871843
vt 0.719699 0.880341
vt 0.709300 0.879030
vt 0.485612 0.921892
vt 0.481999 0.923918
vt 0.478431 0.892052
vt 0.581660 0.801832
vt 0.535377 0.853506
vt 0.639799 0.755478
vt 0.585316 0.803267
vt 0.589496 0.803129
vt 0.640082 0.749637
vt 0.645104 0.751516
vt 0.563548 0.840997
vt 0.540984 0.837239
vt 0.544924 0.839763
vt 0.541910 0.843811
vt 0.538164 0.840004
vt 0.542867 0.830443
vt 0.546779 0.835182
vt 0.542576 0.833903
vt 0.466442 0.858063
vt 0.573147 0.829397
vt 0.646296 0.740040
vt 0.645879 0.745152
vt 0.634204 0.741557
vt 0.479865 0.919517
vt 0.494397 0.770018
vt 0.498186 0.770166
vt 0.590669 0.725958
vt 0.580739 0.726002
vt 0.590810 0.721594
vt 0.550128 0.726636
vt 0.560047 0.724043
vt 0.706718 0.859216
vt 0.708507 0.856414
vt 0.709957 0.848033
vt 0.714103 0.848163
vt 0.621271 0.726338
vt 0.620068 0.730326
vt 0.636828 0.737161
vt 0.584600 0.825926
vt 0.512479 0.757526
vt 0.547967 0.848112
vt 0.555846 0.848080
vt 0.556566 0.852940
vt 0.550227 0.854238
vt 0.491459 0.770956
vt 0.544256 0.856461
vt 0.541366 0.852307
vt 0.538375 0.855374
vt 0.483875 0.911108
vt 0.670326 0.755108
vt 0.651980 0.741462
vt 0.666344 0.757472
vt 0.650874 0.745959
vt 0.661596 0.759982
vt 0.649847 0.751232
vt 0.483373 0.914783
vt 0.483901 0.918203
vt 0.687302 0.772357
vt 0.693697 0.780107
vt 0.690228 0.782412
vt 0.684476 0.775480
vt 0.475767 0.792516
vt 0.471816 0.801487
vt 0.482276 0.773559
vt 0.485506 0.769862
vt 0.488401 0.773140
vt 0.698892 0.788935
vt 0.695103 0.790890
vt 0.703324 0.798238
vt 0.699335 0.799937
vt 0.707067 0.807837
vt 0.702931 0.809245
vt 0.710032 0.817683
vt 0.705782 0.818746
vt 0.610523 0.728125
vt 0.611303 0.723932
vt 0.712229 0.827741
vt 0.707868 0.828485
vt 0.463897 0.878451
vt 0.713684 0.837931
vt 0.709330 0.838373
vt 0.485458 0.776284
vt 0.681353 0.773303
vt 0.677922 0.772111
vt 0.675385 0.772163
vt 0.672756 0.773047
vt 0.670558 0.774342
vt 0.666896 0.777603
vt 0.543860 0.734396
vt 0.551470 0.730561
vt 0.570801 0.726849
vt 0.541699 0.736934
vt 0.482816 0.779935
vt 0.616925 0.885309
vt 0.613697 0.886588
vt 0.611249 0.882938
vt 0.607749 0.878239
vt 0.610968 0.889076
vt 0.604139 0.873283
vt 0.597732 0.870590
vt 0.600795 0.868594
vt 0.603448 0.866201
vt 0.604948 0.864452
vt 0.607650 0.860044
vt 0.609094 0.856041
vt 0.614758 0.857445
vt 0.609801 0.852034
vt 0.620711 0.858990
vt 0.626073 0.860483
vt 0.629694 0.861995
vt 0.628351 0.866872
vt 0.609652 0.847009
vt 0.609069 0.844075
vt 0.607635 0.839766
vt 0.605730 0.836093
vt 0.603450 0.832957
vt 0.609547 0.817844
vt 0.612935 0.813275
vt 0.617262 0.815778
vt 0.594696 0.871963
vt 0.590722 0.872950
vt 0.586595 0.878910
vt 0.586697 0.873289
vt 0.581788 0.878745
vt 0.582560 0.872920
vt 0.578777 0.872002
vt 0.575395 0.870573
vt 0.571998 0.868517
vt 0.581057 0.884952
vt 0.586478 0.884911
vt 0.586236 0.890614
vt 0.580732 0.890917
vt 0.581221 0.895066
vt 0.586068 0.894870
vt 0.590617 0.895420
vt 0.559363 0.862137
vt 0.553639 0.864649
vt 0.563153 0.855851
vt 0.564710 0.859699
vt 0.557805 0.857587
vt 0.569043 0.865868
vt 0.552100 0.859451
vt 0.546716 0.861347
vt 0.542692 0.862751
vt 0.540843 0.858558
vt 0.548028 0.866702
vt 0.543917 0.867446
vt 0.562306 0.851902
vt 0.566691 0.863050
vt 0.562096 0.847813
vt 0.562528 0.844509
vt 0.600624 0.726697
vt 0.601099 0.722388
vt 0.560902 0.728333
vt 0.629444 0.832767
vt 0.630534 0.836804
vt 0.633518 0.739114
vt 0.569737 0.831947
vt 0.407740 0.798542
vt 0.407740 0.733559
vt 0.411995 0.733559
vt 0.411995 0.798542
vt 0.115997 0.605333
vt 0.115997 0.601079
vt 0.147457 0.737960
vt 0.147457 0.735451
vt 0.151711 0.735451
vt 0.151711 0.737960
vt 0.105438 0.795628
vt 0.105438 0.799546
vt 0.101184 0.799546
vt 0.101184 0.795628
vt 0.689527 0.753751
vt 0.137251 0.753890
vt 0.137251 0.816674
vt 0.132996 0.816674
vt 0.132996 0.753890
vt 0.393264 0.734827
vt 0.397519 0.734827
vt 0.186069 0.586559
vt 0.186069 0.590813
vt 0.147457 0.827859
vt 0.151711 0.827859
vt 0.426459 0.908516
vt 0.426459 0.914378
vt 0.422205 0.914378
vt 0.422205 0.908516
vt 0.121274 0.786311
vt 0.117020 0.786311
vt 0.105438 0.778870
vt 0.101184 0.778870
vt 0.137251 0.831741
vt 0.137251 0.836644
vt 0.132996 0.836644
vt 0.132996 0.831741
vt 0.560221 0.988029
vt 0.553902 0.986714
vt 0.567974 0.989252
vt 0.407740 0.886922
vt 0.411995 0.886922
vt 0.426459 0.904653
vt 0.422205 0.904653
vt 0.726357 0.866925
vt 0.725240 0.874511
vt 0.726961 0.860329
vt 0.121274 0.720855
vt 0.121274 0.723758
vt 0.117020 0.723758
vt 0.117020 0.720855
vt 0.426459 0.979342
vt 0.422204 0.979342
vt 0.426459 0.983186
vt 0.422204 0.983186
vt 0.713509 0.911465
vt 0.710041 0.918265
vt 0.393264 0.821782
vt 0.397519 0.821782
vt 0.706785 0.923946
vt 0.275357 0.605333
vt 0.275357 0.601079
vt 0.137251 0.841701
vt 0.132996 0.841701
vt 0.121274 0.873955
vt 0.117020 0.873955
vt 0.161924 0.746116
vt 0.166178 0.746116
vt 0.116524 0.586559
vt 0.121086 0.586559
vt 0.121086 0.590813
vt 0.116524 0.590813
vt 0.147457 0.765075
vt 0.151711 0.765075
vt 0.147457 0.762613
vt 0.151711 0.762613
vt 0.615507 0.987519
vt 0.609208 0.988646
vt 0.602687 0.989496
vt 0.595954 0.990000
vt 0.121274 0.877465
vt 0.121274 0.880576
vt 0.117020 0.880576
vt 0.117020 0.877465
vt 0.446249 0.868228
vt 0.121274 0.892037
vt 0.117020 0.892037
vt 0.121274 0.895157
vt 0.117020 0.895157
vt 0.121274 0.718133
vt 0.117020 0.718133
vt 0.575411 0.989936
vt 0.445496 0.861858
vt 0.180626 0.764537
vt 0.180626 0.767383
vt 0.176371 0.767383
vt 0.176371 0.764537
vt 0.393264 0.730483
vt 0.397519 0.730483
vt 0.547796 0.985148
vt 0.541999 0.983359
vt 0.426459 0.730812
vt 0.426459 0.734881
vt 0.422205 0.734881
vt 0.422205 0.730812
vt 0.426459 0.727357
vt 0.422205 0.727357
vt 0.426459 0.986312
vt 0.426459 0.989999
vt 0.422204 0.989999
vt 0.422204 0.986312
vt 0.448874 0.816011
vt 0.426459 0.744037
vt 0.422205 0.744037
vt 0.444906 0.849432
vt 0.426459 0.753836
vt 0.422205 0.753836
vt 0.393264 0.989998
vt 0.393264 0.986176
vt 0.397519 0.986176
vt 0.397519 0.989998
vt 0.426459 0.763631
vt 0.422205 0.763631
vt 0.426459 0.773332
vt 0.422205 0.773332
vt 0.511480 0.969333
vt 0.502227 0.963105
vt 0.393264 0.953244
vt 0.397519 0.953244
vt 0.393264 0.981978
vt 0.397519 0.981978
vt 0.484188 0.751099
vt 0.531289 0.979373
vt 0.445035 0.855456
vt 0.521188 0.974755
vt 0.407740 0.821999
vt 0.411995 0.821999
vt 0.180626 0.746455
vt 0.180626 0.757917
vt 0.176371 0.757917
vt 0.176371 0.746455
vt 0.426459 0.829965
vt 0.422205 0.829965
vt 0.180626 0.761027
vt 0.176371 0.761027
vt 0.426459 0.894929
vt 0.422205 0.894929
vt 0.180626 0.852182
vt 0.180626 0.914735
vt 0.176371 0.914735
vt 0.176371 0.852182
vt 0.180626 0.917637
vt 0.176371 0.917637
vt 0.515488 0.727075
vt 0.521578 0.723718
vt 0.528520 0.720428
vt 0.426459 0.783033
vt 0.422205 0.783033
vt 0.426459 0.900790
vt 0.422205 0.900790
vt 0.460342 0.784955
vt 0.161924 0.742275
vt 0.166178 0.742275
vt 0.703387 0.929256
vt 0.699889 0.934154
vt 0.105280 0.605333
vt 0.100953 0.605333
vt 0.100953 0.601079
vt 0.105280 0.601079
vt 0.109071 0.605333
vt 0.109071 0.601079
vt 0.112181 0.605333
vt 0.112181 0.601079
vt 0.096446 0.605333
vt 0.096446 0.601079
vt 0.082022 0.605333
vt 0.082022 0.601079
vt 0.137251 0.746151
vt 0.132996 0.746151
vt 0.072224 0.605333
vt 0.072224 0.601079
vt 0.062389 0.605333
vt 0.062389 0.601079
vt 0.407740 0.899684
vt 0.411995 0.899684
vt 0.052595 0.605333
vt 0.052595 0.601079
vt 0.407740 0.816871
vt 0.411995 0.816871
vt 0.042828 0.605333
vt 0.042828 0.601078
vt 0.457877 0.907873
vt 0.033139 0.605333
vt 0.033139 0.601078
vt 0.023862 0.605333
vt 0.023862 0.601078
vt 0.105438 0.763086
vt 0.101184 0.763086
vt 0.019663 0.605333
vt 0.019663 0.601078
vt 0.015842 0.605333
vt 0.015842 0.601078
vt 0.013156 0.605333
vt 0.013156 0.601078
vt 0.010000 0.605333
vt 0.010000 0.601078
vt 0.627567 0.984496
vt 0.621768 0.986113
vt 0.638381 0.980728
vt 0.461315 0.914918
vt 0.648612 0.976231
vt 0.426459 0.792828
vt 0.422205 0.792828
vt 0.658365 0.970961
vt 0.667654 0.964945
vt 0.676431 0.958286
vt 0.137251 0.726775
vt 0.132996 0.726775
vt 0.684715 0.950958
vt 0.696233 0.938733
vt 0.147457 0.760078
vt 0.151711 0.760078
vt 0.147457 0.757335
vt 0.151711 0.757335
vt 0.147457 0.746530
vt 0.151711 0.746530
vt 0.147457 0.743032
vt 0.151711 0.743032
vt 0.147457 0.740359
vt 0.151711 0.740359
vt 0.718649 0.899055
vt 0.716354 0.905100
vt 0.137251 0.821557
vt 0.137251 0.826676
vt 0.132996 0.826676
vt 0.132996 0.821557
vt 0.426459 0.802627
vt 0.422205 0.802627
vt 0.723821 0.881306
vt 0.180626 0.920359
vt 0.176371 0.920359
vt 0.180626 0.923479
vt 0.176371 0.923479
vt 0.407740 0.804075
vt 0.411995 0.804075
vt 0.161924 0.920587
vt 0.161924 0.863258
vt 0.166178 0.863258
vt 0.166178 0.920587
vt 0.407740 0.808035
vt 0.411995 0.808035
vt 0.407740 0.812229
vt 0.411995 0.812229
vt 0.113078 0.586559
vt 0.113078 0.590813
vt 0.109739 0.586559
vt 0.109739 0.590813
vt 0.176193 0.988419
vt 0.164753 0.986656
vt 0.170567 0.962024
vt 0.178998 0.962277
vt 0.216126 0.619082
vt 0.227271 0.620124
vt 0.221244 0.645475
vt 0.213349 0.644619
vt 0.187290 0.963824
vt 0.187745 0.989127
vt 0.205453 0.643762
vt 0.205018 0.617706
vt 0.172228 0.939120
vt 0.165375 0.933733
vt 0.181702 0.937198
vt 0.181394 0.940034
vt 0.219672 0.668766
vt 0.226635 0.676097
vt 0.210320 0.672559
vt 0.210872 0.667446
vt 0.198393 0.937296
vt 0.190542 0.941112
vt 0.193626 0.672526
vt 0.201993 0.666851
vt 0.157121 0.935752
vt 0.150969 0.929459
vt 0.234729 0.672216
vt 0.239624 0.679720
vt 0.213377 0.936197
vt 0.206028 0.941135
vt 0.180161 0.673289
vt 0.186545 0.666995
vt 0.144578 0.931391
vt 0.139105 0.924534
vt 0.247507 0.676379
vt 0.252126 0.685168
vt 0.226018 0.933919
vt 0.219224 0.939558
vt 0.166782 0.675938
vt 0.173169 0.668321
vt 0.152844 0.958501
vt 0.148700 0.984036
vt 0.126326 0.976704
vt 0.138114 0.953636
vt 0.239286 0.649403
vt 0.243643 0.623697
vt 0.265903 0.631212
vt 0.254153 0.653815
vt 0.205356 0.964167
vt 0.220784 0.962555
vt 0.227394 0.987598
vt 0.203971 0.990000
vt 0.186987 0.643743
vt 0.171519 0.644870
vt 0.164892 0.620272
vt 0.188247 0.617706
vt 0.131173 0.925006
vt 0.128742 0.917874
vt 0.260982 0.682235
vt 0.262910 0.689810
vt 0.237564 0.929624
vt 0.233663 0.936073
vt 0.155253 0.678168
vt 0.158754 0.671179
vt 0.119904 0.918170
vt 0.118724 0.911460
vt 0.272150 0.688861
vt 0.272354 0.696153
vt 0.248718 0.925498
vt 0.246115 0.931762
vt 0.144670 0.682346
vt 0.146434 0.675283
vt 0.121747 0.946184
vt 0.112891 0.969687
vt 0.092155 0.958134
vt 0.108335 0.938150
vt 0.270541 0.660980
vt 0.279427 0.637197
vt 0.300163 0.648750
vt 0.283979 0.668731
vt 0.238363 0.958770
vt 0.253177 0.953782
vt 0.264733 0.976749
vt 0.242012 0.983621
vt 0.153975 0.648367
vt 0.139188 0.653062
vt 0.127667 0.630074
vt 0.150398 0.623235
vt 0.108261 0.909008
vt 0.108973 0.902703
vt 0.283922 0.697910
vt 0.282735 0.704396
vt 0.260111 0.919026
vt 0.259439 0.925299
vt 0.132763 0.688178
vt 0.133005 0.681617
vt 0.094296 0.927433
vt 0.079926 0.949255
vt 0.062086 0.933041
vt 0.082284 0.916965
vt 0.298013 0.679438
vt 0.312378 0.657611
vt 0.330220 0.673822
vt 0.310023 0.689900
vt 0.269178 0.946312
vt 0.283144 0.938648
vt 0.299456 0.958657
vt 0.278571 0.970697
vt 0.123186 0.660522
vt 0.109212 0.668171
vt 0.092934 0.648135
vt 0.113836 0.636126
vt 0.097482 0.899472
vt 0.096671 0.891347
vt 0.294742 0.707621
vt 0.295229 0.716631
vt 0.274553 0.910558
vt 0.272012 0.918305
vt 0.117939 0.697459
vt 0.120347 0.688771
vt 0.086612 0.886615
vt 0.084018 0.875158
vt 0.305452 0.720274
vt 0.307115 0.731862
vt 0.290367 0.897447
vt 0.285385 0.908085
vt 0.103066 0.709797
vt 0.107168 0.698831
vt 0.070243 0.903115
vt 0.052195 0.922053
vt 0.037962 0.901838
vt 0.061416 0.890380
vt 0.322060 0.703740
vt 0.340102 0.684797
vt 0.354340 0.705008
vt 0.330886 0.716470
vt 0.297861 0.927693
vt 0.309200 0.917136
vt 0.329674 0.933326
vt 0.311458 0.950042
vt 0.094490 0.679119
vt 0.083141 0.689666
vt 0.062689 0.673439
vt 0.080929 0.656750
vt 0.078966 0.874897
vt 0.076340 0.860740
vt 0.313098 0.731986
vt 0.314792 0.746275
vt 0.300946 0.885003
vt 0.295364 0.898279
vt 0.092480 0.722235
vt 0.097186 0.708632
vt 0.071284 0.861201
vt 0.070425 0.845653
vt 0.320745 0.745432
vt 0.320543 0.760185
vt 0.309942 0.871530
vt 0.305816 0.886559
vt 0.083881 0.734594
vt 0.086813 0.720118
vt 0.051955 0.874980
vt 0.030655 0.889105
vt 0.020874 0.867616
vt 0.045532 0.860983
vt 0.340342 0.731862
vt 0.361632 0.717727
vt 0.371421 0.739212
vt 0.346764 0.745854
vt 0.321729 0.904116
vt 0.330989 0.891815
vt 0.353665 0.903552
vt 0.339526 0.922461
vt 0.070606 0.702683
vt 0.061335 0.714977
vt 0.038675 0.703205
vt 0.052840 0.684316
vt 0.066320 0.849500
vt 0.067852 0.835415
vt 0.325799 0.757438
vt 0.323583 0.771894
vt 0.314642 0.862080
vt 0.313138 0.876170
vt 0.078405 0.745384
vt 0.079326 0.730783
vt 0.062655 0.834964
vt 0.065847 0.822716
vt 0.329562 0.771924
vt 0.326088 0.784370
vt 0.319310 0.850105
vt 0.319810 0.862749
vt 0.073285 0.757039
vt 0.072554 0.744136
vt 0.040803 0.843611
vt 0.015898 0.852853
vt 0.011235 0.829573
vt 0.037225 0.828199
vt 0.351487 0.763218
vt 0.376383 0.753960
vt 0.381056 0.777238
vt 0.355067 0.778625
vt 0.339314 0.875859
vt 0.346100 0.861569
vt 0.371197 0.868458
vt 0.361672 0.890207
vt 0.053001 0.730934
vt 0.046205 0.745220
vt 0.021116 0.738299
vt 0.030666 0.716561
vt 0.058874 0.808290
vt 0.064604 0.803095
vt 0.064693 0.814654
vt 0.059962 0.822731
vt 0.333461 0.798384
vt 0.327914 0.802994
vt 0.327588 0.792186
vt 0.332324 0.784102
vt 0.325016 0.851363
vt 0.322159 0.842477
vt 0.324716 0.831207
vt 0.329182 0.837500
vt 0.063099 0.769159
vt 0.040920 0.762056
vt 0.067284 0.755456
vt 0.070146 0.764354
vt 0.058388 0.795661
vt 0.064129 0.794747
vt 0.333833 0.810951
vt 0.327807 0.811056
vt 0.326964 0.823156
vt 0.332367 0.825273
vt 0.067514 0.774846
vt 0.065894 0.782746
vt 0.060032 0.781354
vt 0.035661 0.810621
vt 0.010093 0.814453
vt 0.010000 0.790257
vt 0.035045 0.794714
vt 0.356626 0.796193
vt 0.382186 0.792340
vt 0.382296 0.816535
vt 0.357245 0.812096
vt 0.351380 0.844741
vt 0.355380 0.829336
vt 0.380799 0.830333
vt 0.375539 0.853951
vt 0.036911 0.777462
vt 0.011492 0.776438
vt 0.016775 0.752826
vt 0.059327 0.788274
vt 0.064584 0.789194
vt 0.332918 0.818070
vt 0.327709 0.817634
vt 0.036293 0.785613
vt 0.355925 0.820491
vt 0.500704 0.253143
vt 0.489129 0.253143
vt 0.489129 0.242006
vt 0.500704 0.242006
vt 0.526013 0.253143
vt 0.526013 0.242006
vt 0.688522 0.278441
vt 0.677329 0.278441
vt 0.677329 0.267304
vt 0.688522 0.267304
vt 0.714581 0.278441
vt 0.714581 0.267304
vt 0.477555 0.253143
vt 0.452246 0.253143
vt 0.452246 0.242006
vt 0.477555 0.242006
vt 0.666135 0.278441
vt 0.640077 0.278441
vt 0.640077 0.267304
vt 0.666135 0.267304
vt 0.663348 0.448217
vt 0.663348 0.431527
vt 0.665575 0.431527
vt 0.665575 0.448217
vt 0.667803 0.431527
vt 0.667803 0.448217
vt 0.670030 0.431527
vt 0.670030 0.448217
vt 0.672257 0.431527
vt 0.672257 0.448217
vt 0.674485 0.431527
vt 0.674485 0.448217
vt 0.419058 0.303138
vt 0.402360 0.303138
vt 0.402360 0.300911
vt 0.419058 0.300911
vt 0.402360 0.298684
vt 0.419058 0.298684
vt 0.402360 0.296456
vt 0.419058 0.296456
vt 0.402360 0.294229
vt 0.419058 0.294229
vt 0.402360 0.292002
vt 0.419058 0.292002
vt 0.663348 0.464906
vt 0.665575 0.464906
vt 0.667803 0.464906
vt 0.670030 0.464906
vt 0.672257 0.464906
vt 0.674485 0.464906
vt 0.435754 0.303138
vt 0.435754 0.300911
vt 0.435754 0.298684
vt 0.435754 0.296456
vt 0.435754 0.294229
vt 0.435754 0.292002
vt 0.663348 0.416503
vt 0.665575 0.416503
vt 0.667803 0.416503
vt 0.670030 0.416503
vt 0.672257 0.416503
vt 0.674485 0.416503
vt 0.388873 0.303138
vt 0.388873 0.300911
vt 0.388873 0.298684
vt 0.388873 0.296456
vt 0.388873 0.294229
vt 0.388873 0.292002
vt 0.663348 0.479930
vt 0.665575 0.479930
vt 0.667803 0.479930
vt 0.670030 0.479930
vt 0.672257 0.479930
vt 0.674485 0.479930
vt 0.449242 0.303138
vt 0.449242 0.300911
vt 0.449242 0.298684
vt 0.449242 0.296456
vt 0.449242 0.294229
vt 0.449242 0.292002
vt 0.663348 0.403659
vt 0.665575 0.403659
vt 0.667803 0.403659
vt 0.670030 0.403659
vt 0.672257 0.403659
vt 0.674485 0.403659
vt 0.375233 0.303138
vt 0.375233 0.300911
vt 0.375233 0.298684
vt 0.375233 0.296456
vt 0.375233 0.294229
vt 0.375233 0.292002
vt 0.663348 0.492773
vt 0.665575 0.492773
vt 0.667803 0.492773
vt 0.670030 0.492773
vt 0.672257 0.492773
vt 0.674485 0.492773
vt 0.462883 0.303138
vt 0.462883 0.300911
vt 0.462883 0.298684
vt 0.462883 0.296456
vt 0.462883 0.294229
vt 0.462883 0.292002
vt 0.569944 0.253143
vt 0.544075 0.253143
vt 0.544075 0.242006
vt 0.569944 0.242006
vt 0.593490 0.253143
vt 0.593490 0.242007
vt 0.619394 0.253143
vt 0.619394 0.242007
vt 0.759119 0.278441
vt 0.733049 0.278441
vt 0.733049 0.267304
vt 0.759119 0.267304
vt 0.782613 0.278441
vt 0.782613 0.267304
vt 0.808088 0.278441
vt 0.808088 0.267304
vt 0.384769 0.253143
vt 0.358865 0.253143
vt 0.358865 0.242006
vt 0.384769 0.242006
vt 0.408315 0.253143
vt 0.408315 0.242006
vt 0.434184 0.253143
vt 0.434184 0.242006
vt 0.572044 0.278441
vt 0.546569 0.278441
vt 0.546569 0.267304
vt 0.572044 0.267304
vt 0.595539 0.278441
vt 0.595539 0.267304
vt 0.621608 0.278441
vt 0.621608 0.267304
vt 0.663348 0.391343
vt 0.665575 0.391343
vt 0.667803 0.391343
vt 0.670030 0.391343
vt 0.672257 0.391343
vt 0.674485 0.391343
vt 0.363489 0.303138
vt 0.363489 0.300911
vt 0.363489 0.298684
vt 0.363489 0.296456
vt 0.363489 0.294229
vt 0.363489 0.292002
vt 0.663348 0.505091
vt 0.665575 0.505091
vt 0.667803 0.505091
vt 0.670030 0.505091
vt 0.672257 0.505091
vt 0.674485 0.505091
vt 0.474626 0.303138
vt 0.474626 0.300911
vt 0.474626 0.298684
vt 0.474626 0.296456
vt 0.474626 0.294229
vt 0.474626 0.292002
vt 0.663348 0.379450
vt 0.665575 0.379450
vt 0.667803 0.379450
vt 0.670030 0.379450
vt 0.672257 0.379450
vt 0.674485 0.379450
vt 0.352110 0.303138
vt 0.352110 0.300911
vt 0.352110 0.298684
vt 0.352110 0.296456
vt 0.352110 0.294229
vt 0.352110 0.292002
vt 0.663348 0.516983
vt 0.665575 0.516983
vt 0.667803 0.516983
vt 0.670030 0.516983
vt 0.672257 0.516983
vt 0.674485 0.516983
vt 0.486005 0.303138
vt 0.486005 0.300911
vt 0.486005 0.298684
vt 0.486005 0.296456
vt 0.486005 0.294229
vt 0.486005 0.292002
vt 0.662488 0.253143
vt 0.637372 0.253143
vt 0.637372 0.242007
vt 0.662488 0.242007
vt 0.686225 0.253143
vt 0.686225 0.242007
vt 0.711938 0.253143
vt 0.711938 0.242007
vt 0.851367 0.278441
vt 0.825980 0.278441
vt 0.825980 0.267304
vt 0.851367 0.267304
vt 0.875104 0.278441
vt 0.875104 0.267304
vt 0.964201 0.320540
vt 0.989913 0.320540
vt 0.989913 0.331676
vt 0.964201 0.331676
vt 0.292034 0.253143
vt 0.266321 0.253143
vt 0.266321 0.242006
vt 0.292034 0.242006
vt 0.315771 0.253143
vt 0.315771 0.242006
vt 0.340887 0.253143
vt 0.340887 0.242006
vt 0.479553 0.278441
vt 0.453841 0.278441
vt 0.453841 0.267304
vt 0.479553 0.267304
vt 0.503290 0.278441
vt 0.503290 0.267304
vt 0.528677 0.278441
vt 0.528677 0.267304
vt 0.663348 0.366348
vt 0.665575 0.366348
vt 0.667803 0.366348
vt 0.670030 0.366348
vt 0.672257 0.366348
vt 0.674485 0.366348
vt 0.338851 0.303138
vt 0.338851 0.300911
vt 0.338851 0.298684
vt 0.338851 0.296456
vt 0.338851 0.294229
vt 0.338851 0.292002
vt 0.663348 0.530085
vt 0.665575 0.530085
vt 0.667803 0.530085
vt 0.670030 0.530085
vt 0.672257 0.530085
vt 0.674485 0.530085
vt 0.499264 0.303138
vt 0.499264 0.300911
vt 0.499264 0.298684
vt 0.499264 0.296456
vt 0.499264 0.294229
vt 0.499264 0.292002
vt 0.755724 0.253143
vt 0.729595 0.253143
vt 0.729595 0.242007
vt 0.755724 0.242007
vt 0.779830 0.253143
vt 0.779830 0.242007
vt 0.805645 0.253143
vt 0.805645 0.242007
vt 0.920415 0.320540
vt 0.946543 0.320540
vt 0.946543 0.331676
vt 0.920415 0.331676
vt 0.896308 0.320540
vt 0.896308 0.331676
vt 0.870493 0.320540
vt 0.870493 0.331676
vt 0.198428 0.253143
vt 0.172614 0.253143
vt 0.172614 0.242006
vt 0.198428 0.242006
vt 0.222535 0.253143
vt 0.222535 0.242006
vt 0.248663 0.253143
vt 0.248663 0.242006
vt 0.385948 0.278441
vt 0.360133 0.278441
vt 0.360133 0.267304
vt 0.385948 0.267304
vt 0.410055 0.278441
vt 0.410055 0.267304
vt 0.436183 0.278441
vt 0.436183 0.267304
vt 0.663348 0.349609
vt 0.665575 0.349609
vt 0.667803 0.349609
vt 0.670030 0.349609
vt 0.672257 0.349609
vt 0.674485 0.349609
vt 0.321361 0.303138
vt 0.321361 0.300911
vt 0.321361 0.298684
vt 0.321361 0.296456
vt 0.321361 0.294229
vt 0.321361 0.292002
vt 0.663348 0.546825
vt 0.665575 0.546825
vt 0.667803 0.546825
vt 0.670030 0.546825
vt 0.672257 0.546825
vt 0.674485 0.546825
vt 0.516754 0.303138
vt 0.516754 0.300911
vt 0.516754 0.298684
vt 0.516754 0.296456
vt 0.516754 0.294229
vt 0.516754 0.292002
vt 0.735829 0.303138
vt 0.715286 0.303138
vt 0.715286 0.300911
vt 0.735829 0.300911
vt 0.715286 0.298684
vt 0.735829 0.298684
vt 0.715286 0.296456
vt 0.735829 0.296456
vt 0.715286 0.294229
vt 0.735829 0.294229
vt 0.715286 0.292002
vt 0.735829 0.292002
vt 0.302036 0.303138
vt 0.302036 0.300911
vt 0.302036 0.298684
vt 0.302036 0.296456
vt 0.302036 0.294229
vt 0.302036 0.292002
vt 0.663348 0.567367
vt 0.665575 0.567367
vt 0.667803 0.567367
vt 0.670030 0.567367
vt 0.672257 0.567367
vt 0.674485 0.567367
vt 0.536078 0.303138
vt 0.536078 0.300911
vt 0.536078 0.298684
vt 0.536078 0.296456
vt 0.536078 0.294229
vt 0.536078 0.292002
vt 0.850153 0.253143
vt 0.823993 0.253143
vt 0.823993 0.242007
vt 0.850153 0.242007
vt 0.874876 0.253143
vt 0.874876 0.242007
vt 0.687188 0.409566
vt 0.687188 0.383462
vt 0.698324 0.383462
vt 0.698324 0.409566
vt 0.825986 0.320540
vt 0.852146 0.320540
vt 0.852146 0.331676
vt 0.825986 0.331676
vt 0.801263 0.320540
vt 0.801263 0.331676
vt 0.775158 0.320540
vt 0.775158 0.331676
vt 0.103383 0.253143
vt 0.077278 0.253143
vt 0.077278 0.242006
vt 0.103383 0.242006
vt 0.128106 0.253143
vt 0.128106 0.242006
vt 0.154266 0.253143
vt 0.154266 0.242006
vt 0.290902 0.278441
vt 0.264798 0.278441
vt 0.264798 0.267304
vt 0.290902 0.267304
vt 0.315625 0.278441
vt 0.315625 0.267304
vt 0.341785 0.278441
vt 0.341785 0.267304
vt 0.698955 0.303138
vt 0.698955 0.300911
vt 0.698955 0.298684
vt 0.698955 0.296456
vt 0.698955 0.294229
vt 0.698955 0.292002
vt 0.285704 0.303138
vt 0.285704 0.300911
vt 0.285704 0.298684
vt 0.285704 0.296456
vt 0.285704 0.294229
vt 0.285704 0.292002
vt 0.663348 0.583700
vt 0.665575 0.583700
vt 0.667803 0.583700
vt 0.670030 0.583700
vt 0.672257 0.583700
vt 0.674485 0.583700
vt 0.552411 0.303138
vt 0.552411 0.300911
vt 0.552411 0.298684
vt 0.552411 0.296456
vt 0.552411 0.294229
vt 0.552411 0.292002
vt 0.682752 0.303138
vt 0.682752 0.300911
vt 0.682752 0.298684
vt 0.682752 0.296456
vt 0.682752 0.294229
vt 0.682752 0.292002
vt 0.270648 0.303138
vt 0.270648 0.300911
vt 0.270648 0.298684
vt 0.270648 0.296456
vt 0.270648 0.294229
vt 0.270648 0.292002
vt 0.663348 0.599901
vt 0.665575 0.599901
vt 0.667803 0.599901
vt 0.670030 0.599901
vt 0.672257 0.599901
vt 0.674485 0.599901
vt 0.567467 0.303138
vt 0.567467 0.300911
vt 0.567467 0.298684
vt 0.567467 0.296456
vt 0.567467 0.294229
vt 0.567467 0.292002
vt 0.687188 0.453192
vt 0.687188 0.427636
vt 0.698324 0.427636
vt 0.698324 0.453192
vt 0.687188 0.476802
vt 0.698324 0.476802
vt 0.687188 0.502337
vt 0.698324 0.502337
vt 0.731533 0.320540
vt 0.757088 0.320540
vt 0.757088 0.331676
vt 0.731533 0.331676
vt 0.707923 0.320540
vt 0.707923 0.331676
vt 0.682388 0.320540
vt 0.682388 0.331676
vt 0.264565 0.320540
vt 0.290100 0.320540
vt 0.290100 0.331676
vt 0.264565 0.331676
vt 0.033652 0.253143
vt 0.010042 0.253143
vt 0.010042 0.242006
vt 0.033652 0.242006
vt 0.059208 0.253143
vt 0.059208 0.242006
vt 0.197562 0.278441
vt 0.172027 0.278441
vt 0.172027 0.267304
vt 0.197562 0.267304
vt 0.221172 0.278441
vt 0.221172 0.267304
vt 0.246728 0.278441
vt 0.246728 0.267304
vt 0.672198 0.303138
vt 0.672198 0.300911
vt 0.672198 0.298684
vt 0.672198 0.296456
vt 0.672198 0.294229
vt 0.672198 0.292002
vt 0.663348 0.715187
vt 0.663348 0.703087
vt 0.665575 0.703087
vt 0.665575 0.715187
vt 0.667803 0.703087
vt 0.667803 0.715187
vt 0.670030 0.703087
vt 0.670030 0.715187
vt 0.672257 0.703087
vt 0.672257 0.715187
vt 0.674485 0.703087
vt 0.674485 0.715187
vt 0.663348 0.610455
vt 0.665575 0.610455
vt 0.667803 0.610455
vt 0.670030 0.610455
vt 0.672257 0.610455
vt 0.674485 0.610455
vt 0.579566 0.303138
vt 0.579566 0.300911
vt 0.579566 0.298684
vt 0.579566 0.296456
vt 0.579566 0.294229
vt 0.579566 0.292002
vt 0.659345 0.303138
vt 0.659345 0.300911
vt 0.659345 0.298684
vt 0.659345 0.296456
vt 0.659345 0.294229
vt 0.659345 0.292002
vt 0.663348 0.690359
vt 0.665575 0.690359
vt 0.667803 0.690359
vt 0.670030 0.690359
vt 0.672257 0.690359
vt 0.674485 0.690359
vt 0.663348 0.623309
vt 0.665575 0.623309
vt 0.667803 0.623309
vt 0.670030 0.623309
vt 0.672257 0.623309
vt 0.674485 0.623309
vt 0.592295 0.303138
vt 0.592295 0.300911
vt 0.592295 0.298684
vt 0.592295 0.296456
vt 0.592295 0.294229
vt 0.592295 0.292002
vt 0.687188 0.546900
vt 0.687188 0.520337
vt 0.698324 0.520337
vt 0.698324 0.546900
vt 0.687188 0.570643
vt 0.698324 0.570643
vt 0.687188 0.596669
vt 0.698324 0.596669
vt 0.637825 0.320540
vt 0.664388 0.320540
vt 0.664388 0.331676
vt 0.637825 0.331676
vt 0.614082 0.320540
vt 0.614082 0.331676
vt 0.588056 0.320540
vt 0.588056 0.331676
vt 0.358406 0.320540
vt 0.384432 0.320540
vt 0.384432 0.331676
vt 0.358406 0.331676
vt 0.334663 0.320540
vt 0.334663 0.331676
vt 0.308100 0.320540
vt 0.308100 0.331676
vt 0.103721 0.278441
vt 0.077695 0.278441
vt 0.077695 0.267304
vt 0.103721 0.267304
vt 0.127464 0.278441
vt 0.127464 0.267304
vt 0.154027 0.278441
vt 0.154027 0.267304
vt 0.651202 0.303138
vt 0.639644 0.303138
vt 0.639644 0.300911
vt 0.651202 0.300911
vt 0.639644 0.298684
vt 0.651202 0.298684
vt 0.639644 0.296456
vt 0.651202 0.296456
vt 0.639644 0.294229
vt 0.651202 0.294229
vt 0.639644 0.292002
vt 0.651202 0.292002
vt 0.663348 0.682399
vt 0.663348 0.671584
vt 0.665575 0.671584
vt 0.665575 0.682399
vt 0.667803 0.671584
vt 0.667803 0.682399
vt 0.670030 0.671584
vt 0.670030 0.682399
vt 0.672257 0.671584
vt 0.672257 0.682399
vt 0.674485 0.671584
vt 0.674485 0.682399
vt 0.663348 0.643009
vt 0.663348 0.631451
vt 0.665575 0.631451
vt 0.665575 0.643009
vt 0.667803 0.631451
vt 0.667803 0.643009
vt 0.670030 0.631451
vt 0.670030 0.643009
vt 0.672257 0.631451
vt 0.672257 0.643009
vt 0.674485 0.631451
vt 0.674485 0.643009
vt 0.060053 0.278441
vt 0.060053 0.267304
vt 0.600255 0.303138
vt 0.600255 0.300911
vt 0.600255 0.298684
vt 0.600255 0.296456
vt 0.600255 0.294229
vt 0.600255 0.292002
vt 0.631284 0.303138
vt 0.631284 0.300911
vt 0.631284 0.298684
vt 0.631284 0.296456
vt 0.631284 0.294229
vt 0.631284 0.292002
vt 0.663348 0.663520
vt 0.665575 0.663520
vt 0.667803 0.663520
vt 0.670030 0.663520
vt 0.672257 0.663520
vt 0.674485 0.663520
vt 0.663348 0.651369
vt 0.665575 0.651369
vt 0.667803 0.651369
vt 0.670030 0.651369
vt 0.672257 0.651369
vt 0.674485 0.651369
vt 0.619133 0.303138
vt 0.611070 0.303138
vt 0.611070 0.300911
vt 0.619133 0.300911
vt 0.611070 0.298684
vt 0.619133 0.298684
vt 0.611070 0.296456
vt 0.619133 0.296456
vt 0.611070 0.294229
vt 0.619133 0.294229
vt 0.611070 0.292002
vt 0.619133 0.292002
vt 0.687188 0.640162
vt 0.687188 0.614311
vt 0.698324 0.614311
vt 0.698324 0.640162
vt 0.687188 0.664358
vt 0.698324 0.664358
vt 0.687188 0.689798
vt 0.698324 0.689798
vt 0.544562 0.320540
vt 0.570414 0.320540
vt 0.570414 0.331676
vt 0.544562 0.331676
vt 0.520367 0.320540
vt 0.520367 0.331676
vt 0.494927 0.320540
vt 0.494927 0.331676
vt 0.452121 0.320540
vt 0.477561 0.320540
vt 0.477561 0.331676
vt 0.452121 0.331676
vt 0.427926 0.320540
vt 0.427926 0.331676
vt 0.402074 0.320540
vt 0.402074 0.331676
vt 0.687188 0.732592
vt 0.687188 0.707153
vt 0.698324 0.707153
vt 0.698324 0.732592
vt 0.034202 0.278441
vt 0.010006 0.278441
vt 0.010006 0.267304
vt 0.034202 0.267304
vt 0.625713 0.303138
vt 0.625713 0.300911
vt 0.625713 0.298684
vt 0.625713 0.296456
vt 0.625713 0.294229
vt 0.625713 0.292002
vt 0.663348 0.656941
vt 0.665575 0.656941
vt 0.667803 0.656941
vt 0.670030 0.656941
vt 0.672257 0.656941
vt 0.674485 0.656941
vt 0.687188 0.698981
vt 0.698324 0.698981
vt 0.486426 0.320540
vt 0.486426 0.331676
vt 0.485837 0.715699
vt 0.483034 0.689558
vt 0.491464 0.689306
vt 0.497277 0.713939
vt 0.445928 0.346414
vt 0.448702 0.371951
vt 0.440805 0.372807
vt 0.434783 0.347456
vt 0.474284 0.716405
vt 0.474744 0.691102
vt 0.457036 0.345039
vt 0.456599 0.371096
vt 0.489814 0.666433
vt 0.480645 0.667327
vt 0.480336 0.664476
vt 0.496663 0.661017
vt 0.442375 0.396095
vt 0.451178 0.394774
vt 0.451729 0.399890
vt 0.435411 0.403427
vt 0.471497 0.668405
vt 0.463648 0.664572
vt 0.460058 0.394183
vt 0.468427 0.399858
vt 0.504943 0.663137
vt 0.511068 0.656752
vt 0.427314 0.399539
vt 0.422420 0.407051
vt 0.456013 0.668411
vt 0.448665 0.663473
vt 0.475509 0.394329
vt 0.481893 0.400622
vt 0.517496 0.658783
vt 0.522934 0.651834
vt 0.414529 0.403693
vt 0.409914 0.412500
vt 0.442819 0.666835
vt 0.436025 0.661196
vt 0.488888 0.395655
vt 0.495275 0.403272
vt 0.509181 0.685793
vt 0.523912 0.680936
vt 0.535690 0.704011
vt 0.513310 0.711331
vt 0.422760 0.376736
vt 0.407892 0.381148
vt 0.396141 0.358546
vt 0.418401 0.351030
vt 0.456685 0.691444
vt 0.458073 0.717277
vt 0.434650 0.714878
vt 0.441260 0.689833
vt 0.475069 0.371077
vt 0.473815 0.345039
vt 0.497169 0.347609
vt 0.490538 0.372206
vt 0.530864 0.652311
vt 0.533299 0.645180
vt 0.401057 0.409567
vt 0.399128 0.417143
vt 0.428381 0.663352
vt 0.424480 0.656904
vt 0.503304 0.398514
vt 0.506806 0.405503
vt 0.542135 0.645483
vt 0.543319 0.638774
vt 0.389887 0.416194
vt 0.389681 0.423486
vt 0.415915 0.659083
vt 0.413325 0.652782
vt 0.515633 0.402601
vt 0.517391 0.409682
vt 0.540278 0.673496
vt 0.553692 0.665472
vt 0.569860 0.685467
vt 0.549116 0.697006
vt 0.391499 0.388314
vt 0.378059 0.396065
vt 0.361875 0.376085
vt 0.382610 0.364531
vt 0.423687 0.686052
vt 0.420047 0.710904
vt 0.397325 0.704040
vt 0.408874 0.681069
vt 0.508086 0.375704
vt 0.511670 0.350573
vt 0.534400 0.357415
vt 0.522874 0.380400
vt 0.553781 0.636329
vt 0.553071 0.630023
vt 0.378112 0.425242
vt 0.379297 0.431728
vt 0.402587 0.652625
vt 0.401931 0.646314
vt 0.529073 0.408924
vt 0.529300 0.415515
vt 0.567735 0.654764
vt 0.579752 0.644304
vt 0.599939 0.660395
vt 0.582087 0.676596
vt 0.364021 0.406771
vt 0.352009 0.417233
vt 0.331812 0.401156
vt 0.349654 0.384945
vt 0.392876 0.673606
vt 0.383500 0.697997
vt 0.362609 0.685969
vt 0.378908 0.665951
vt 0.538880 0.387862
vt 0.548238 0.363469
vt 0.569138 0.375482
vt 0.552853 0.395514
vt 0.564570 0.626805
vt 0.565377 0.618675
vt 0.367285 0.434951
vt 0.366799 0.443963
vt 0.390015 0.645624
vt 0.387488 0.637855
vt 0.541727 0.416097
vt 0.544126 0.424797
vt 0.575451 0.613959
vt 0.578035 0.602493
vt 0.356564 0.447598
vt 0.354908 0.459193
vt 0.376644 0.635400
vt 0.371669 0.624751
vt 0.554905 0.426162
vt 0.558999 0.437138
vt 0.591798 0.630460
vt 0.600631 0.617730
vt 0.624079 0.629206
vt 0.609831 0.649411
vt 0.339967 0.431072
vt 0.331138 0.443803
vt 0.307686 0.432343
vt 0.321923 0.412131
vt 0.364191 0.655004
vt 0.350610 0.677363
vt 0.332383 0.660660
vt 0.352847 0.644454
vt 0.567579 0.406465
vt 0.581149 0.384099
vt 0.599384 0.400794
vt 0.578928 0.417014
vt 0.583244 0.602332
vt 0.585717 0.588080
vt 0.348732 0.459198
vt 0.347226 0.473604
vt 0.366551 0.625705
vt 0.361085 0.612314
vt 0.565038 0.435823
vt 0.569587 0.449577
vt 0.590840 0.588575
vt 0.591635 0.572996
vt 0.341194 0.472726
vt 0.341472 0.487514
vt 0.356190 0.613893
vt 0.352083 0.598846
vt 0.575296 0.447429
vt 0.578185 0.461938
vt 0.610095 0.602333
vt 0.616523 0.588340
vt 0.641177 0.594989
vt 0.631383 0.616471
vt 0.321676 0.459194
vt 0.315252 0.473187
vt 0.290595 0.466550
vt 0.300381 0.445063
vt 0.340315 0.631442
vt 0.322536 0.649801
vt 0.308382 0.630903
vt 0.331049 0.619147
vt 0.591466 0.430032
vt 0.609241 0.411672
vt 0.623399 0.430566
vt 0.600735 0.442329
vt 0.595748 0.576848
vt 0.594208 0.562759
vt 0.336209 0.484765
vt 0.338429 0.499223
vt 0.348891 0.603488
vt 0.347381 0.589398
vt 0.582742 0.458128
vt 0.583662 0.472728
vt 0.599405 0.562310
vt 0.596214 0.550062
vt 0.332449 0.499254
vt 0.335922 0.511700
vt 0.342212 0.590072
vt 0.342709 0.577426
vt 0.589515 0.471481
vt 0.588782 0.484384
vt 0.621253 0.570968
vt 0.624837 0.555558
vt 0.650826 0.556948
vt 0.646150 0.580225
vt 0.310524 0.490553
vt 0.306944 0.505962
vt 0.280955 0.504582
vt 0.285622 0.481303
vt 0.322718 0.603195
vt 0.300373 0.617560
vt 0.290832 0.595819
vt 0.315925 0.588910
vt 0.609069 0.458288
vt 0.631414 0.443925
vt 0.640956 0.465666
vt 0.615864 0.472577
vt 0.603188 0.535638
vt 0.602099 0.550079
vt 0.597369 0.542000
vt 0.597460 0.530442
vt 0.328547 0.525714
vt 0.329685 0.511432
vt 0.334421 0.519514
vt 0.334095 0.530322
vt 0.336967 0.578702
vt 0.332814 0.564832
vt 0.337298 0.558532
vt 0.339857 0.569800
vt 0.598987 0.496501
vt 0.594820 0.482790
vt 0.621149 0.489414
vt 0.591920 0.491701
vt 0.603712 0.523008
vt 0.597935 0.522094
vt 0.328148 0.538283
vt 0.334203 0.538383
vt 0.329602 0.552608
vt 0.335047 0.550482
vt 0.602067 0.508697
vt 0.596171 0.510093
vt 0.594551 0.502192
vt 0.626400 0.537980
vt 0.627020 0.522073
vt 0.652068 0.517630
vt 0.651963 0.541826
vt 0.305383 0.523532
vt 0.304767 0.539436
vt 0.279719 0.543888
vt 0.279817 0.519693
vt 0.310640 0.572082
vt 0.286490 0.581308
vt 0.281214 0.557694
vt 0.306633 0.556679
vt 0.645300 0.480195
vt 0.650573 0.503809
vt 0.625154 0.504822
vt 0.602763 0.515620
vt 0.597480 0.516541
vt 0.329073 0.545401
vt 0.334302 0.544961
vt 0.625772 0.512972
vt 0.306087 0.547833
# 2929 texture coordinates

vn 0.000000 1.000000 0.000000
vn 0.000000 1.000000 0.000000
vn 0.000000 1.000000 0.000000
vn 0.000000 1.000000 0.000000
vn 0.000000 1.000000 0.000000
vn 0.000000 1.000000 0.000000
vn 0.000000 1.000000 0.000000
vn 0.000000 1.000000 0.000000
vn 0.000000 1.000000 0.000000
vn 0.000000 1.000000 0.000000
vn 0.000000 1.000000 0.000000
vn 0.000000 1.000000 0.000000
vn 0.000000 1.000000 0.000000
vn 0.000000 1.000000 0.000000
vn 0.000000 1.000000 0.000000
vn 0.000000 1.000000 0.000000
vn 0.000000 1.000000 0.000000
vn 0.000000 1.000000 0.000000
vn 0.000000 1.000000 0.000000
vn 0.000000 1.000000 0.000000
vn 0.000000 1.000000 0.000000
vn 0.000000 1.000000 0.000000
vn 0.000000 1.000000 0.000000
vn 0.000000 1.000000 0.000000
vn 0.000000 1.000000 0.000000
vn 0.000000 1.000000 0.000000
vn 0.000000 1.000000 0.000000
vn 0.000000 1.000000 0.000000
vn 0.000000 1.000000 0.000000
vn 0.000000 1.000000 0.000000
vn 0.000000 1.000000 0.000000
vn 0.000000 1.000000 0.000000
vn 0.000000 1.000000 0.000000
vn 0.000000 1.000000 0.000000
vn 0.000000 1.000000 0.000000
vn 0.000000 1.000000 0.000000
vn 0.000000 1.000000 0.000000
vn 0.000000 1.000000 0.000000
vn 0.000000 1.000000 0.000000
vn 0.000000 1.000000 0.000000
vn 0.000000 1.000000 0.000000
vn 0.000000 1.000000 0.000000
vn 0.000000 1.000000 0.000000
vn 0.000000 1.000000 0.000000
vn 0.000000 1.000000 0.000000
vn 0.000000 1.000000 0.000000
vn 0.000000 1.000000 0.000000
vn 0.000000 1.000000 0.000000
vn 0.000000 1.000000 0.000000
vn 0.000000 1.000000 0.000000
vn 0.000000 1.000000 0.000000
vn 0.000000 1.000000 0.000000
vn 0.000000 1.000000 0.000000
vn 0.000000 1.000000 0.000000
vn 0.000000 1.000000 0.000000
vn 0.000000 1.000000 0.000000
vn 0.000000 1.000000 0.000000
vn 0.000000 1.000000 0.000000
vn 0.000000 1.000000 0.000000
vn 0.000000 1.000000 0.000000
vn 0.000000 1.000000 0.000000
vn 0.000000 1.000000 0.000000
vn 0.000000 1.000000 0.000000
vn 0.000000 1.000000 0.000000
vn 0.000000 1.000000 0.000000
vn 0.000000 1.000000 0.000000
vn 0.000000 1.000000 0.000000
vn 0.000000 1.000000 0.000000
vn 0.000000 1.000000 0.000000
vn 0.000000 1.000000 0.000000
vn 0.000000 1.000000 0.000000
vn 0.000000 1.000000 0.000000
vn 0.000000 1.000000 0.000000
vn 0.000000 1.000000 0.000000
vn 0.000000 1.000000 0.000000
vn 0.000000 1.000000 0.000000
vn 0.000000 1.000000 0.000000
vn 0.000000 1.000000 0.000000
vn 0.000000 1.000000 0.000000
vn 0.000000 1.000000 0.000000
vn 0.000000 1.000000 0.000000
vn 0.000000 1.000000 0.000000
vn 0.000000 1.000000 0.000000
vn 0.000000 1.000000 0.000000
vn 0.000000 1.000000 0.000000
vn 0.000000 1.000000 0.000000
vn 0.000000 1.000000 0.000000
vn 0.000000 1.000000 0.000000
vn 0.000000 1.000000 0.000000
vn 0.000000 1.000000 0.000000
vn 0.000000 1.000000 0.000000
vn 0.000000 1.000000 0.000000
vn 0.000000 1.000000 0.000000
vn 0.000000 1.000000 0.000000
vn 0.000000 1.000000 0.000000
vn 0.000000 1.000000 0.000000
vn 0.000000 1.000000 0.000000
vn 0.000000 1.000000 0.000000
vn 0.000000 1.000000 0.000000
vn 0.000000 1.000000 0.000000
vn 0.000000 1.000000 0.000000
vn 0.000000 1.000000 0.000000
vn 0.000000 1.000000 0.000000
vn 0.000000 1.000000 0.000000
vn 0.000000 1.000000 0.000000
vn 0.000000 1.000000 0.000000
vn 0.000000 1.000000 0.000000
vn 0.000000 1.000000 0.000000
vn 0.000000 1.000000 0.000000
vn 0.000000 1.000000 0.000000
vn 0.000000 1.000000 0.000000
vn 0.000000 1.000000 0.000000
vn 0.000000 1.000000 0.000000
vn 0.000000 1.000000 0.000000
vn 0.000000 1.000000 0.000000
vn 0.000000 1.000000 0.000000
vn 0.000000 1.000000 0.000000
vn 0.000000 1.000000 0.000000
vn 0.000000 1.000000 0.000000
vn 0.000000 1.000000 0.000000
vn 0.000000 1.000000 0.000000
vn 0.000000 1.000000 0.000000
vn 0.000000 1.000000 0.000000
vn 0.000000 1.000000 0.000000
vn 0.000000 1.000000 0.000000
vn 0.000000 1.000000 0.000000
vn 0.000000 1.000000 0.000000
vn 0.000000 1.000000 0.000000
vn 0.000000 1.000000 0.000000
vn 0.000000 1.000000 0.000000
vn 0.000000 1.000000 0.000000
vn 0.000000 1.000000 0.000000
vn 0.000000 1.000000 0.000000
vn 0.000000 1.000000 0.000000
vn 0.000000 1.000000 0.000000
vn 0.000000 1.000000 0.000000
vn 0.000000 1.000000 0.000000
vn 0.000000 1.000000 0.000000
vn 0.000000 1.000000 0.000000
vn 0.000000 1.000000 0.000000
vn 0.000000 1.000000 0.000000
vn 0.000000 1.000000 0.000000
vn 0.000000 1.000000 0.000000
vn 0.000000 1.000000 0.000000
vn 0.000000 1.000000 0.000000
vn 0.000000 1.000000 0.000000
vn 0.000000 1.000000 0.000000
vn 0.000000 1.000000 0.000000
vn 0.000000 1.000000 0.000000
vn 0.000000 1.000000 0.000000
vn 0.000000 1.000000 0.000000
vn 0.000000 1.000000 0.000000
vn 0.000000 1.000000 0.000000
vn 0.000000 1.000000 0.000000
vn 0.000000 1.000000 0.000000
vn 0.000000 1.000000 0.000000
vn 0.000000 1.000000 0.000000
vn 0.000000 1.000000 0.000000
vn 0.000000 1.000000 0.000000
vn 0.000000 1.000000 0.000000
vn 0.000000 1.000000 0.000000
vn 0.000000 1.000000 0.000000
vn 0.000000 1.000000 0.000000
vn 0.000000 1.000000 0.000000
vn 0.000000 1.000000 0.000000
vn 0.000000 1.000000 0.000000
vn 0.000000 1.000000 0.000000
vn 0.000000 1.000000 0.000000
vn 0.000000 1.000000 0.000000
vn 0.000000 1.000000 0.000000
vn 0.000000 1.000000 0.000000
vn 0.000000 1.000000 0.000000
vn 0.000000 1.000000 0.000000
vn 0.000000 1.000000 0.000000
vn 0.000000 1.000000 0.000000
vn 0.000000 1.000000 0.000000
vn 0.000000 1.000000 0.000000
vn 0.000000 1.000000 0.000000
vn 0.000000 1.000000 0.000000
vn 0.000000 1.000000 0.000000
vn 0.000000 1.000000 0.000000
vn 0.000000 1.000000 0.000000
vn 0.000000 1.000000 0.000000
vn 0.000000 1.000000 0.000000
vn 0.000000 1.000000 0.000000
vn 0.000000 1.000000 0.000000
vn 0.000000 1.000000 0.000000
vn 0.000000 1.000000 0.000000
vn 0.000000 1.000000 0.000000
vn 0.000000 1.000000 0.000000
vn 0.000000 1.000000 0.000000
vn 0.000000 1.000000 0.000000
vn 0.000000 1.000000 0.000000
vn 0.000000 1.000000 0.000000
vn 0.000000 1.000000 0.000000
vn 0.000000 1.000000 0.000000
vn 0.000000 1.000000 0.000000
vn 0.000000 1.000000 0.000000
vn 0.000000 1.000000 0.000000
vn 0.000000 1.000000 0.000000
vn 0.000000 1.000000 0.000000
vn 0.000000 1.000000 0.000000
vn 0.000000 1.000000 0.000000
vn 0.000000 1.000000 0.000000
vn 0.000000 1.000000 0.000000
vn 0.000000 1.000000 0.000000
vn 0.000000 1.000000 0.000000
vn 0.000000 1.000000 0.000000
vn 0.000000 1.000000 0.000000
vn 0.000000 1.000000 0.000000
vn 0.000000 1.000000 0.000000
vn 0.000000 1.000000 0.000000
vn 0.000000 1.000000 0.000000
vn 0.000000 1.000000 0.000000
vn 0.000000 1.000000 0.000000
vn 0.000000 1.000000 0.000000
vn 0.000000 1.000000 0.000000
vn 0.000000 1.000000 0.000000
vn 0.000000 1.000000 0.000000
vn 0.000000 1.000000 0.000000
vn 0.000000 1.000000 0.000000
vn 0.000000 1.000000 0.000000
vn 0.000000 1.000000 0.000000
vn 0.000000 1.000000 0.000000
vn 0.000000 1.000000 0.000000
vn 0.000000 1.000000 0.000000
vn 0.000000 1.000000 0.000000
vn 0.000000 1.000000 0.000000
vn 0.000000 1.000000 0.000000
vn 0.000000 1.000000 0.000000
vn 0.000000 1.000000 0.000000
vn 0.000000 1.000000 0.000000
vn 0.000000 1.000000 0.000000
vn 0.000000 1.000000 0.000000
vn 0.000000 1.000000 0.000000
vn 0.000000 1.000000 0.000000
vn 0.000000 1.000000 0.000000
vn 0.000000 1.000000 0.000000
vn 0.000000 1.000000 0.000000
vn 0.000000 1.000000 0.000000
vn 0.000000 1.000000 0.000000
vn 0.000000 1.000000 0.000000
vn 0.000000 1.000000 0.000000
vn 0.000000 1.000000 0.000000
vn 0.000000 1.000000 0.000000
vn 0.000000 1.000000 0.000000
vn 0.000000 1.000000 0.000000
vn 0.000000 1.000000 0.000000
vn 0.000000 1.000000 0.000000
vn 0.000000 1.000000 0.000000
vn 0.000000 1.000000 0.000000
vn 0.000000 1.000000 0.000000
vn 0.000000 1.000000 0.000000
vn 0.000000 1.000000 0.000000
vn 0.000000 1.000000 0.000000
vn 0.000000 1.000000 0.000000
vn 0.000000 1.000000 0.000000
vn 0.000000 1.000000 0.000000
vn 0.000000 1.000000 0.000000
vn 0.000000 1.000000 0.000000
vn 0.000000 1.000000 0.000000
vn 0.000000 1.000000 0.000000
vn 0.000000 1.000000 0.000000
vn 0.000000 1.000000 0.000000
vn 0.000000 1.000000 0.000000
vn 0.000000 1.000000 0.000000
vn 0.000000 1.000000 0.000000
vn 0.000000 1.000000 0.000000
vn 0.000000 1.000000 0.000000
vn 0.000000 1.000000 0.000000
vn 0.000000 1.000000 0.000000
vn 0.000000 1.000000 0.000000
vn 0.000000 1.000000 0.000000
vn 0.000000 1.000000 0.000000
vn 0.000000 1.000000 0.000000
vn 0.000000 1.000000 0.000000
vn 0.000000 1.000000 0.000000
vn 0.000000 1.000000 0.000000
vn 0.000000 1.000000 0.000000
vn -0.674439 0.710369 -0.201267
vn -0.674439 -0.710369 -0.201267
vn -0.604813 0.709382 -0.361909
vn -0.604813 -0.709382 -0.361909
vn 0.482168 0.707390 -0.516830
vn 0.482168 -0.707390 -0.516830
vn 0.438885 0.707400 -0.554044
vn 0.438885 -0.707400 -0.554044
vn 0.324738 0.738599 0.590776
vn 0.324738 -0.738599 0.590776
vn -0.065839 0.712571 0.698504
vn -0.065839 -0.712571 0.698504
vn -0.393368 0.719759 -0.572022
vn -0.393368 -0.719759 -0.572022
vn -0.144824 0.710010 -0.689139
vn -0.144824 -0.710010 -0.689139
vn 0.278612 0.713480 0.642901
vn 0.278612 -0.713480 0.642901
vn -0.023812 0.718489 0.695131
vn -0.023812 -0.718489 0.695131
vn 0.355755 0.716372 -0.600207
vn 0.355755 -0.716372 -0.600207
vn 0.562973 0.712012 -0.419642
vn 0.562973 -0.712012 -0.419642
vn -0.143451 0.708585 0.690890
vn -0.143451 -0.708585 0.690890
vn -0.255907 0.708093 0.658115
vn -0.200642 -0.832764 0.515991
vn -0.353819 0.708221 0.610929
vn -0.353819 -0.708221 0.610929
vn -0.093573 0.707185 -0.700809
vn -0.093573 -0.707185 -0.700809
vn -0.098807 0.832133 -0.545703
vn -0.098807 -0.832133 -0.545703
vn -0.158263 0.707187 -0.689086
vn -0.158263 -0.707187 -0.689086
vn 0.483479 0.747566 0.455404
vn 0.483479 -0.747566 0.455404
vn 0.102834 0.713577 0.692989
vn 0.102834 -0.713577 0.692989
vn 0.462595 0.713940 -0.525638
vn 0.462595 -0.713940 -0.525638
vn 0.604813 0.709382 -0.361909
vn 0.604813 -0.709382 -0.361909
vn -0.062354 0.712100 -0.699304
vn -0.062354 -0.712100 -0.699304
vn 0.144824 0.710010 -0.689139
vn 0.144824 -0.710010 -0.689139
vn -0.483479 0.747566 0.455404
vn -0.483479 -0.747566 0.455404
vn -0.697881 0.713691 0.060062
vn -0.697881 -0.713691 0.060062
vn 0.498357 0.712059 0.494583
vn 0.498357 -0.712059 0.494583
vn 0.289122 0.713928 0.637743
vn 0.289122 -0.713928 0.637743
vn -0.619587 0.712600 0.329110
vn -0.619587 -0.712600 0.329110
vn -0.657815 0.746061 -0.103307
vn -0.657815 -0.746061 -0.103307
vn -0.513475 0.708374 0.484304
vn -0.513475 -0.708373 0.484304
vn -0.594306 0.708985 0.379660
vn -0.594306 -0.708984 0.379660
vn 0.446725 0.715104 -0.537646
vn 0.446725 -0.715104 -0.537646
vn 0.611291 0.710980 -0.347609
vn 0.611291 -0.710980 -0.347609
vn -0.237762 0.832136 0.501018
vn -0.237762 -0.832136 0.501018
vn -0.271762 0.707198 0.652700
vn -0.271762 -0.707198 0.652700
vn -0.336938 0.707243 0.621514
vn -0.336938 -0.707243 0.621514
vn -0.702380 0.708820 -0.065088
vn -0.702380 -0.708820 -0.065088
vn -0.660171 0.711557 -0.240545
vn -0.660171 -0.711557 -0.240545
vn 0.673320 0.708789 0.210376
vn 0.673320 -0.708789 0.210376
vn 0.617613 0.708997 0.340408
vn 0.617613 -0.708997 0.340408
vn 0.400832 0.714529 -0.573395
vn 0.400832 -0.714529 -0.573396
vn 0.631325 0.730977 -0.259037
vn 0.631326 -0.730977 -0.259037
vn 0.000000 0.716425 0.697664
vn 0.000000 -0.716425 0.697664
vn -0.481681 0.832151 -0.274785
vn -0.481681 -0.832151 -0.274785
vn -0.631886 0.707219 -0.317114
vn -0.631886 -0.707219 -0.317114
vn -0.591037 0.707313 -0.387794
vn -0.591037 -0.707313 -0.387794
vn -0.608129 0.712827 -0.349367
vn -0.608129 -0.712827 -0.349367
vn -0.439181 0.719340 -0.538210
vn -0.439181 -0.719340 -0.538210
vn -0.187175 0.711205 -0.677608
vn -0.187175 -0.711205 -0.677608
vn 0.651666 0.719035 0.241494
vn 0.651666 -0.719035 0.241494
vn 0.702223 0.710992 -0.037061
vn 0.702223 -0.710992 -0.037061
vn -0.693855 0.707221 -0.135657
vn -0.693855 -0.707221 -0.135657
vn -0.549029 0.832138 -0.078194
vn -0.549029 -0.832138 -0.078194
vn 0.404080 0.708999 0.577961
vn 0.404080 -0.708999 0.577961
vn 0.272706 0.709228 0.650098
vn 0.272706 -0.709228 0.650098
vn -0.703930 0.707190 -0.066058
vn -0.703930 -0.707190 -0.066058
vn -0.462595 0.713940 -0.525638
vn -0.462595 -0.713940 -0.525638
vn -0.253550 0.711420 -0.655434
vn -0.253550 -0.711420 -0.655434
vn 0.059102 0.734631 -0.675888
vn 0.059102 -0.734631 -0.675888
vn 0.000000 0.709377 0.704829
vn 0.000000 -0.709377 0.704829
vn 0.702228 0.711721 0.018149
vn 0.702228 -0.711721 0.018149
vn 0.637740 0.716479 0.282748
vn 0.637740 -0.716479 0.282748
vn -0.355754 0.716372 -0.600208
vn -0.355754 -0.716372 -0.600208
vn -0.400832 0.714529 -0.573395
vn -0.400832 -0.714529 -0.573396
vn -0.180610 0.710861 -0.679748
vn -0.180610 -0.710860 -0.679749
vn -0.446725 0.715104 -0.537646
vn -0.446725 -0.715104 -0.537646
vn -0.059102 0.734631 -0.675888
vn -0.059102 -0.734631 -0.675888
vn -0.272706 0.709228 0.650098
vn -0.272706 -0.709228 0.650098
vn -0.404080 0.708999 0.577961
vn -0.404080 -0.708999 0.577961
vn 0.393368 0.719759 -0.572022
vn 0.393368 -0.719759 -0.572022
vn 0.608129 0.712827 -0.349367
vn 0.608129 -0.712827 -0.349367
vn -0.102834 0.713577 0.692989
vn -0.102834 -0.713577 0.692989
vn 0.155254 0.712801 0.683967
vn 0.155254 -0.712801 0.683967
vn -0.411264 0.832102 0.372113
vn -0.411264 -0.832102 0.372113
vn -0.503316 0.707201 0.496528
vn -0.503316 -0.707201 0.496528
vn 0.023813 0.718489 0.695131
vn 0.023813 -0.718489 0.695131
vn -0.479831 0.707202 0.519257
vn -0.479831 -0.707202 0.519257
vn -0.441265 0.707521 0.551996
vn -0.441265 -0.707521 0.551996
vn 0.545537 0.716546 -0.434686
vn 0.545537 -0.716546 -0.434686
vn 0.673822 0.711258 -0.200191
vn 0.673822 -0.711258 -0.200191
vn 0.479831 0.707202 0.519257
vn 0.479831 -0.707202 0.519257
vn 0.503316 0.707201 0.496528
vn 0.503316 -0.707201 0.496528
vn 0.288746 0.717301 -0.634117
vn 0.288746 -0.717301 -0.634117
vn 0.024636 0.711214 -0.702543
vn 0.024636 -0.711214 -0.702543
vn -0.384469 0.707561 0.592908
vn -0.384469 -0.707561 0.592908
vn 0.411264 0.832102 0.372113
vn 0.411264 -0.832102 0.372113
vn -0.637740 0.716479 0.282748
vn -0.637740 -0.716479 0.282748
vn -0.702228 0.711721 0.018149
vn -0.702228 -0.711721 0.018149
vn 0.253550 0.711420 -0.655434
vn 0.253550 -0.711420 -0.655434
vn -0.242383 0.707192 0.664176
vn -0.242383 -0.707192 0.664176
vn -0.209902 0.707231 0.675104
vn -0.209902 -0.707231 0.675104
vn 0.265583 0.709018 -0.653268
vn 0.265583 -0.709018 -0.653268
vn 0.413679 0.710492 -0.569272
vn 0.413679 -0.710492 -0.569272
vn 0.556471 0.710881 -0.430101
vn 0.556472 -0.710881 -0.430101
vn 0.658630 0.711386 -0.245228
vn 0.658630 -0.711386 -0.245228
vn 0.650935 0.707405 0.275432
vn 0.650935 -0.707405 0.275432
vn 0.670488 0.707349 0.223838
vn 0.670488 -0.707349 0.223838
vn 0.161366 0.707581 -0.687961
vn 0.161366 -0.707581 -0.687961
vn 0.567834 0.707264 0.421121
vn 0.567834 -0.707264 0.421121
vn 0.596394 0.707417 0.379310
vn 0.596394 -0.707417 0.379310
vn 0.110303 0.707192 -0.698364
vn 0.110303 -0.707192 -0.698364
vn -0.417745 0.709991 -0.566923
vn -0.417745 -0.709991 -0.566923
vn -0.238306 0.711708 -0.660819
vn -0.238306 -0.711708 -0.660819
vn 0.067061 0.707385 -0.703640
vn 0.067061 -0.707385 -0.703640
vn 0.000000 0.707648 -0.706565
vn 0.000000 -0.707648 -0.706565
vn -0.058443 0.707418 0.704375
vn -0.058443 -0.707418 0.704375
vn 0.000000 0.707402 0.706812
vn 0.000000 -0.707402 0.706812
vn -0.651551 0.707391 -0.274007
vn -0.651551 -0.707391 -0.274007
vn -0.627721 0.707382 -0.324925
vn -0.627721 -0.707382 -0.324925
vn -0.530995 0.708508 -0.464823
vn -0.530995 -0.708508 -0.464823
vn 0.703931 0.707190 -0.066056
vn 0.703931 -0.707190 -0.066056
vn 0.549029 0.832138 -0.078194
vn 0.549029 -0.832138 -0.078194
vn -0.168023 0.707322 0.686632
vn -0.168023 -0.707322 0.686632
vn 0.625954 0.707413 0.328251
vn 0.625954 -0.707413 0.328251
vn 0.544544 0.707206 0.450923
vn 0.544544 -0.707206 0.450923
vn -0.116022 0.707392 0.697234
vn -0.116022 -0.707392 0.697234
vn 0.702380 0.708820 -0.065088
vn 0.702380 -0.708820 -0.065088
vn 0.701413 0.708862 0.074393
vn 0.701413 -0.708862 0.074393
vn 0.058443 0.707418 0.704375
vn 0.058443 -0.707418 0.704375
vn 0.693855 0.707221 -0.135658
vn 0.693855 -0.707221 -0.135658
vn -0.545537 0.716546 -0.434686
vn -0.545537 -0.716546 -0.434686
vn -0.288746 0.717301 -0.634117
vn -0.288746 -0.717301 -0.634117
vn -0.651666 0.719035 0.241494
vn -0.651666 -0.719035 0.241494
vn -0.702223 0.710992 -0.037061
vn -0.702223 -0.710992 -0.037061
vn -0.673822 0.711258 -0.200191
vn -0.673822 -0.711258 -0.200191
vn -0.498357 0.712059 0.494583
vn -0.498357 -0.712059 0.494583
vn 0.439181 0.719340 -0.538210
vn 0.439181 -0.719340 -0.538210
vn 0.657815 0.746061 -0.103307
vn 0.657815 -0.746061 -0.103307
vn 0.187175 0.711205 -0.677608
vn 0.187175 -0.711205 -0.677608
vn -0.155254 0.712801 0.683967
vn -0.155254 -0.712801 0.683967
vn 0.652368 0.707466 -0.271858
vn 0.652368 -0.707466 -0.271858
vn 0.631886 0.707219 -0.317114
vn 0.631886 -0.707219 -0.317114
vn 0.481682 0.832151 -0.274784
vn 0.481682 -0.832151 -0.274784
vn 0.591037 0.707313 -0.387793
vn 0.591037 -0.707313 -0.387793
vn -0.067061 0.707385 -0.703640
vn -0.067061 -0.707385 -0.703640
vn -0.289122 0.713928 0.637743
vn -0.289122 -0.713928 0.637743
vn 0.697026 0.707572 0.116174
vn 0.697026 -0.707572 0.116174
vn 0.705146 0.707503 0.046998
vn 0.705146 -0.707503 0.046998
vn -0.631325 0.730977 -0.259037
vn -0.631326 -0.730977 -0.259037
vn -0.706187 0.707205 -0.034071
vn -0.706187 -0.707205 -0.034071
vn -0.707019 0.707192 -0.001897
vn -0.707019 -0.707192 -0.001897
vn 0.704862 0.707792 0.046905
vn 0.704862 -0.707792 0.046905
vn 0.687968 0.708696 0.156363
vn 0.687968 -0.708696 0.156363
vn 0.626530 0.711216 0.318797
vn 0.626530 -0.711216 0.318797
vn 0.490069 0.712497 0.502175
vn 0.490069 -0.712497 0.502175
vn 0.705151 0.707820 -0.041865
vn 0.705151 -0.707820 -0.041865
vn 0.684780 0.707316 0.175444
vn 0.684780 -0.707316 0.175444
vn 0.695926 0.707576 -0.122571
vn 0.695926 -0.707576 -0.122571
vn -0.574886 0.713629 0.400300
vn -0.574886 -0.713629 0.400300
vn -0.676970 0.710587 0.191775
vn -0.676970 -0.710587 0.191775
vn 0.683376 0.707298 -0.180903
vn 0.683376 -0.707298 -0.180903
vn 0.669937 0.707301 -0.225632
vn 0.669937 -0.707301 -0.225632
vn 0.115558 0.710520 0.694123
vn 0.115558 -0.710520 0.694123
vn -0.075818 0.710282 0.699822
vn -0.075818 -0.710282 0.699822
vn 0.651551 0.707391 -0.274007
vn 0.651551 -0.707391 -0.274007
vn 0.660171 0.711557 -0.240545
vn 0.660171 -0.711557 -0.240545
vn 0.627721 0.707382 -0.324926
vn 0.627721 -0.707382 -0.324926
vn 0.336938 0.707243 0.621514
vn 0.336938 -0.707243 0.621514
vn 0.384469 0.707561 0.592908
vn 0.384469 -0.707561 0.592908
vn 0.593471 0.707670 -0.383399
vn 0.593471 -0.707670 -0.383399
vn -0.669937 0.707301 -0.225632
vn -0.669937 -0.707301 -0.225632
vn 0.530995 0.708508 -0.464823
vn 0.530995 -0.708508 -0.464823
vn -0.705954 0.708241 0.004869
vn -0.705954 -0.708241 0.004869
vn -0.699695 0.707840 -0.096894
vn -0.699695 -0.707840 -0.096894
vn 0.417745 0.709991 -0.566923
vn 0.417745 -0.709991 -0.566923
vn 0.238306 0.711708 -0.660819
vn 0.238306 -0.711708 -0.660819
vn -0.009845 0.714113 -0.699961
vn -0.009845 -0.714113 -0.699961
vn -0.567834 0.707264 0.421121
vn -0.567834 -0.707264 0.421121
vn -0.544544 0.707206 0.450923
vn -0.544544 -0.707206 0.450923
vn -0.596394 0.707417 0.379310
vn -0.596394 -0.707417 0.379310
vn 0.237762 0.832136 0.501018
vn 0.237762 -0.832136 0.501018
vn -0.625954 0.707413 0.328251
vn -0.625954 -0.707413 0.328251
vn -0.110303 0.707192 -0.698364
vn -0.110303 -0.707192 -0.698364
vn -0.650935 0.707405 0.275431
vn -0.650935 -0.707405 0.275431
vn -0.670488 0.707349 0.223838
vn -0.670488 -0.707349 0.223838
vn 0.271762 0.707198 0.652700
vn 0.271762 -0.707198 0.652700
vn -0.684780 0.707316 0.175445
vn -0.684780 -0.707316 0.175445
vn -0.670138 0.712376 -0.208413
vn -0.670138 -0.712376 -0.208413
vn -0.562973 0.712012 -0.419643
vn -0.562973 -0.712012 -0.419643
vn -0.697026 0.707572 0.116174
vn -0.697026 -0.707572 0.116174
vn -0.388051 0.713101 0.583869
vn -0.388051 -0.713101 0.583869
vn -0.705146 0.707503 0.046998
vn -0.705146 -0.707503 0.046998
vn 0.388051 0.713101 0.583869
vn 0.388051 -0.713101 0.583869
vn 0.574886 0.713629 0.400299
vn 0.574886 -0.713629 0.400299
vn 0.676970 0.710587 0.191777
vn 0.676970 -0.710587 0.191777
vn -0.593471 0.707670 -0.383399
vn -0.593471 -0.707670 -0.383399
vn 0.703988 0.710208 0.002404
vn 0.703988 -0.710208 0.002404
vn 0.670137 0.712376 -0.208416
vn 0.670137 -0.712376 -0.208416
vn -0.673910 0.707443 -0.213004
vn -0.673910 -0.707443 -0.213004
vn -0.686667 0.707192 -0.168427
vn -0.686667 -0.707192 -0.168427
vn 0.684201 0.710145 -0.166021
vn 0.684201 -0.710145 -0.166021
vn 0.697881 0.713691 0.060062
vn 0.697881 -0.713691 0.060062
vn -0.161366 0.707581 -0.687961
vn -0.161366 -0.707581 -0.687961
vn 0.619587 0.712600 0.329110
vn 0.619587 -0.712600 0.329110
vn -0.652368 0.707466 -0.271858
vn -0.652368 -0.707466 -0.271858
vn -0.265583 0.709018 -0.653268
vn -0.265583 -0.709018 -0.653268
vn -0.024636 0.711214 -0.702543
vn -0.024636 -0.711214 -0.702543
vn 0.062354 0.712100 -0.699304
vn 0.062354 -0.712100 -0.699304
vn -0.324738 0.738599 0.590776
vn -0.324738 -0.738599 0.590776
vn 0.116022 0.707392 0.697234
vn 0.116022 -0.707392 0.697234
vn 0.168023 0.707322 0.686632
vn 0.168023 -0.707322 0.686632
vn -0.545068 0.835178 0.073345
vn -0.545068 -0.835178 0.073345
vn 0.310287 0.714368 -0.627216
vn 0.310287 -0.714368 -0.627216
vn 0.531505 0.714221 -0.455403
vn 0.531505 -0.714221 -0.455403
vn -0.449896 0.842782 0.295485
vn -0.449896 -0.842782 0.295485
vn -0.678366 0.708203 -0.195623
vn -0.678366 -0.708203 -0.195623
vn 0.674439 0.710369 -0.201267
vn 0.674439 -0.710369 -0.201267
vn 0.701383 0.712615 0.015566
vn 0.701383 -0.712615 0.015566
vn 0.651555 0.712863 0.259427
vn 0.651555 -0.712863 0.259427
vn 0.534061 0.711033 0.457395
vn 0.534061 -0.711033 0.457395
vn 0.009845 0.714113 -0.699961
vn 0.009845 -0.714113 -0.699961
vn -0.655722 0.708431 0.261064
vn -0.655722 -0.708431 0.261064
vn 0.673910 0.707443 -0.213004
vn 0.673910 -0.707443 -0.213004
vn 0.509933 0.711200 0.483903
vn 0.509933 -0.711200 0.483903
vn 0.209902 0.707231 0.675104
vn 0.209902 -0.707231 0.675104
vn 0.242383 0.707192 0.664176
vn 0.242383 -0.707192 0.664176
vn -0.278612 0.713481 0.642900
vn -0.278612 -0.713481 0.642900
vn -0.490069 0.712497 0.502176
vn -0.490069 -0.712497 0.502176
vn -0.395954 0.707378 0.585523
vn -0.395954 -0.707378 0.585523
vn -0.441204 0.707395 0.552206
vn -0.441204 -0.707395 0.552206
vn 0.559970 0.707411 -0.431280
vn 0.559970 -0.707411 -0.431280
vn 0.522470 0.707406 -0.476027
vn 0.522470 -0.707406 -0.476027
vn 0.692977 0.714294 -0.097810
vn 0.692977 -0.714294 -0.097810
vn 0.675323 0.714438 0.183078
vn 0.675323 -0.714438 0.183078
vn 0.585610 0.709707 0.391634
vn 0.585610 -0.709707 0.391634
vn -0.225612 0.708338 0.668848
vn -0.225612 -0.708338 0.668848
vn -0.559971 0.707411 -0.431280
vn -0.559971 -0.707411 -0.431280
vn 0.158263 0.707187 -0.689086
vn 0.158263 -0.707187 -0.689086
vn 0.098807 0.832133 -0.545703
vn 0.098807 -0.832133 -0.545703
vn 0.093573 0.707185 -0.700809
vn 0.093573 -0.707185 -0.700809
vn -0.437095 0.707805 0.554942
vn -0.437096 -0.707804 0.554942
vn -0.703989 0.710207 0.002405
vn -0.703989 -0.710207 0.002405
vn -0.626530 0.711216 0.318797
vn -0.626530 -0.711216 0.318797
vn 0.065839 0.712571 0.698504
vn 0.065839 -0.712571 0.698504
vn -0.658630 0.711386 -0.245228
vn -0.658630 -0.711386 -0.245228
vn 0.039450 0.707659 -0.705452
vn 0.039450 -0.707659 -0.705452
vn -0.039450 0.707659 -0.705452
vn -0.039450 -0.707659 -0.705452
vn 0.234411 0.728781 0.643374
vn 0.234411 -0.728781 0.643374
vn -0.234411 0.728781 0.643374
vn -0.234411 -0.728781 0.643374
vn -0.556472 0.710881 -0.430101
vn -0.556471 -0.710881 -0.430101
vn 0.449896 0.842782 0.295485
vn 0.449896 -0.842782 0.295485
vn -0.413679 0.710492 -0.569272
vn -0.413679 -0.710492 -0.569272
vn -0.197562 0.707339 -0.678705
vn -0.197562 -0.707339 -0.678705
vn -0.249032 0.707397 -0.661492
vn -0.249032 -0.707397 -0.661492
vn 0.225612 0.708338 0.668848
vn 0.225612 -0.708338 0.668848
vn 0.075818 0.710282 0.699822
vn 0.075818 -0.710282 0.699822
vn -0.695925 0.707576 -0.122572
vn -0.695925 -0.707576 -0.122572
vn -0.683376 0.707298 -0.180903
vn -0.683376 -0.707298 -0.180903
vn 0.707019 0.707192 -0.001899
vn 0.707019 -0.707192 -0.001899
vn -0.687968 0.708696 0.156363
vn -0.687968 -0.708696 0.156363
vn 0.306848 0.707394 0.636740
vn 0.306848 -0.707394 0.636740
vn 0.352731 0.707300 0.612624
vn 0.352731 -0.707300 0.612624
vn 0.395954 0.707378 0.585523
vn 0.395954 -0.707378 0.585523
vn 0.441204 0.707395 0.552206
vn 0.441204 -0.707395 0.552206
vn -0.306848 0.707394 0.636740
vn -0.306848 -0.707394 0.636740
vn 0.480205 0.707291 0.518790
vn 0.480205 -0.707291 0.518790
vn 0.516592 0.707397 0.482413
vn 0.516592 -0.707397 0.482413
vn -0.522470 0.707406 -0.476027
vn -0.522470 -0.707406 -0.476027
vn -0.482168 0.707390 -0.516830
vn -0.482168 -0.707390 -0.516830
vn 0.441265 0.707521 0.551996
vn 0.441265 -0.707521 0.551996
vn -0.438885 0.707400 -0.554044
vn -0.438885 -0.707400 -0.554044
vn -0.391234 0.707427 -0.588628
vn -0.391234 -0.707427 -0.588628
vn -0.343023 0.707353 -0.618050
vn -0.343023 -0.707353 -0.618050
vn 0.686666 0.707192 -0.168429
vn 0.686666 -0.707192 -0.168429
vn -0.297875 0.707316 -0.641074
vn -0.297875 -0.707316 -0.641074
vn -0.704862 0.707792 0.046908
vn -0.704862 -0.707792 0.046908
vn -0.115558 0.710520 0.694123
vn -0.115558 -0.710520 0.694123
vn -0.324966 0.712703 0.621653
vn -0.324966 -0.712703 0.621653
vn -0.509933 0.711200 0.483903
vn -0.509933 -0.711200 0.483903
vn -0.617613 0.708997 0.340408
vn -0.617613 -0.708997 0.340408
vn -0.673320 0.708789 0.210376
vn -0.673320 -0.708789 0.210376
vn -0.701413 0.708862 0.074393
vn -0.701413 -0.708862 0.074393
vn -0.585610 0.709707 0.391634
vn -0.585610 -0.709707 0.391634
vn -0.675323 0.714438 0.183078
vn -0.675323 -0.714438 0.183078
vn 0.545068 0.835178 0.073345
vn 0.545068 -0.835178 0.073345
vn -0.480205 0.707291 0.518790
vn -0.480205 -0.707291 0.518790
vn 0.706187 0.707205 -0.034071
vn 0.706187 -0.707205 -0.034071
vn 0.249032 0.707397 -0.661492
vn 0.249032 -0.707397 -0.661492
vn 0.197562 0.707339 -0.678705
vn 0.197562 -0.707339 -0.678705
vn -0.692977 0.714294 -0.097810
vn -0.692977 -0.714294 -0.097810
vn -0.705151 0.707820 -0.041866
vn -0.705151 -0.707820 -0.041866
vn -0.534061 0.711033 0.457395
vn -0.534061 -0.711033 0.457395
vn -0.651555 0.712863 0.259427
vn -0.651555 -0.712863 0.259427
vn -0.701383 0.712615 0.015566
vn -0.701383 -0.712615 0.015566
vn 0.639847 0.708156 -0.298514
vn 0.639847 -0.708156 -0.298514
vn 0.678366 0.708203 -0.195623
vn 0.678366 -0.708203 -0.195623
vn 0.699695 0.707840 -0.096894
vn 0.699695 -0.707840 -0.096894
vn 0.705954 0.708241 0.004869
vn 0.705954 -0.708241 0.004869
vn 0.692590 0.708971 0.132961
vn 0.692590 -0.708971 0.132961
vn 0.655722 0.708431 0.261064
vn 0.655722 -0.708431 0.261064
vn 0.594306 0.708985 0.379660
vn 0.594306 -0.708984 0.379660
vn -0.684201 0.710145 -0.166021
vn -0.684201 -0.710145 -0.166021
vn -0.611291 0.710980 -0.347609
vn -0.611291 -0.710980 -0.347609
vn 0.513475 0.708374 0.484304
vn 0.513475 -0.708373 0.484304
vn 0.437095 0.707805 0.554942
vn 0.437096 -0.707804 0.554942
vn 0.353819 0.708221 0.610929
vn 0.353819 -0.708221 0.610929
vn 0.255907 0.708093 0.658115
vn 0.200642 -0.832764 0.515991
vn 0.143451 0.708585 0.690890
vn 0.143451 -0.708585 0.690890
vn 0.000000 0.709408 -0.704798
vn 0.000000 -0.709407 -0.704799
vn 0.180610 0.710861 -0.679748
vn 0.180610 -0.710860 -0.679749
vn 0.580601 0.708569 -0.401040
vn 0.580601 -0.708569 -0.401040
vn 0.504369 0.708227 -0.493990
vn 0.504369 -0.708227 -0.493990
vn 0.416014 0.708410 -0.570164
vn 0.416014 -0.708410 -0.570164
vn 0.319798 0.708088 -0.629556
vn 0.319798 -0.708088 -0.629556
vn 0.218779 0.708251 -0.671205
vn 0.218779 -0.708251 -0.671205
vn 0.114883 0.708004 -0.696801
vn 0.114883 -0.708004 -0.696801
vn 0.000000 0.708609 -0.705602
vn 0.000000 -0.708609 -0.705602
vn -0.500602 0.709500 0.495991
vn -0.500602 -0.709500 0.495991
vn -0.394581 0.708256 0.585389
vn -0.394581 -0.708256 0.585389
vn -0.268549 0.709714 0.651297
vn -0.268549 -0.709714 0.651297
vn -0.416014 0.708410 -0.570164
vn -0.416014 -0.708410 -0.570164
vn -0.319798 0.708088 -0.629556
vn -0.319798 -0.708088 -0.629556
vn -0.114883 0.708004 -0.696801
vn -0.114883 -0.708004 -0.696801
vn 0.394581 0.708256 0.585389
vn 0.394581 -0.708256 0.585389
vn 0.268549 0.709714 0.651297
vn 0.268549 -0.709714 0.651297
vn 0.500602 0.709500 0.495991
vn 0.500602 -0.709500 0.495991
vn -0.504369 0.708227 -0.493990
vn -0.504369 -0.708227 -0.493990
vn -0.218779 0.708251 -0.671205
vn -0.218779 -0.708251 -0.671205
vn -0.580601 0.708569 -0.401040
vn -0.580601 -0.708569 -0.401040
vn -0.639847 0.708156 -0.298514
vn -0.639847 -0.708156 -0.298514
vn -0.352731 0.707300 0.612624
vn -0.352731 -0.707300 0.612624
vn -0.516592 0.707397 0.482413
vn -0.516592 -0.707397 0.482413
vn 0.391234 0.707427 -0.588628
vn 0.391234 -0.707427 -0.588628
vn 0.343023 0.707353 -0.618050
vn 0.343023 -0.707353 -0.618050
vn 0.297875 0.707316 -0.641074
vn 0.297875 -0.707316 -0.641074
vn -0.531505 0.714221 -0.455403
vn -0.531505 -0.714221 -0.455403
vn -0.310287 0.714368 -0.627216
vn -0.310287 -0.714368 -0.627216
vn 0.324966 0.712703 0.621653
vn 0.324966 -0.712703 0.621653
vn -0.692590 0.708971 0.132961
vn -0.692590 -0.708971 0.132961
vn 0.000000 -1.000000 0.000000
vn 0.000000 -1.000000 0.000000
vn 0.000000 -1.000000 0.000000
vn 0.000000 -1.000000 0.000000
vn 0.000000 -1.000000 0.000000
vn 0.000000 -1.000000 0.000000
vn 0.000000 -1.000000 0.000000
vn 0.000000 -1.000000 0.000000
vn 0.000000 -1.000000 0.000000
vn 0.000000 -1.000000 0.000000
vn 0.000000 -1.000000 0.000000
vn 0.000000 -1.000000 0.000000
vn 0.000000 -1.000000 0.000000
vn 0.000000 -1.000000 0.000000
vn 0.000000 -1.000000 0.000000
vn 0.000000 -1.000000 0.000000
vn 0.000000 -1.000000 0.000000
vn 0.000000 -1.000000 0.000000
vn 0.000000 -1.000000 0.000000
vn 0.000000 -1.000000 0.000000
vn 0.000000 -1.000000 0.000000
vn 0.000000 -1.000000 0.000000
vn 0.000000 -1.000000 0.000000
vn 0.000000 -1.000000 0.000000
vn 0.000000 -1.000000 0.000000
vn 0.000000 -1.000000 0.000000
vn 0.000000 -1.000000 0.000000
vn 0.000000 -1.000000 0.000000
vn 0.000000 -1.000000 0.000000
vn 0.000000 -1.000000 0.000000
vn 0.000000 -1.000000 0.000000
vn 0.000000 -1.000000 0.000000
vn 0.000000 -1.000000 0.000000
vn 0.000000 -1.000000 0.000000
vn 0.000000 -1.000000 0.000000
vn 0.000000 -1.000000 0.000000
vn 0.000000 -1.000000 0.000000
vn 0.000000 -1.000000 0.000000
vn 0.000000 -1.000000 0.000000
vn 0.000000 -1.000000 0.000000
vn 0.000000 -1.000000 0.000000
vn 0.000000 -1.000000 0.000000
vn 0.000000 -1.000000 0.000000
vn 0.000000 -1.000000 0.000000
vn 0.000000 -1.000000 0.000000
vn 0.000000 -1.000000 0.000000
vn 0.000000 -1.000000 0.000000
vn 0.000000 -1.000000 0.000000
vn 0.000000 -1.000000 0.000000
vn 0.000000 -1.000000 0.000000
vn 0.000000 -1.000000 0.000000
vn 0.000000 -1.000000 0.000000
vn 0.000000 -1.000000 0.000000
vn 0.000000 -1.000000 0.000000
vn 0.000000 -1.000000 0.000000
vn 0.000000 -1.000000 0.000000
vn 0.000000 -1.000000 0.000000
vn 0.000000 -1.000000 0.000000
vn 0.000000 -1.000000 0.000000
vn 0.000000 -1.000000 0.000000
vn 0.000000 -1.000000 0.000000
vn 0.000000 -1.000000 0.000000
vn 0.000000 -1.000000 0.000000
vn 0.000000 -1.000000 0.000000
vn 0.000000 -1.000000 0.000000
vn 0.000000 -1.000000 0.000000
vn 0.000000 -1.000000 0.000000
vn 0.000000 -1.000000 0.000000
vn 0.000000 -1.000000 0.000000
vn 0.000000 -1.000000 0.000000
vn 0.000000 -1.000000 0.000000
vn 0.000000 -1.000000 0.000000
vn 0.000000 -1.000000 0.000000
vn 0.000000 -1.000000 0.000000
vn 0.000000 -1.000000 0.000000
vn 0.000000 -1.000000 0.000000
vn 0.000000 -1.000000 0.000000
vn 0.000000 -1.000000 0.000000
vn 0.000000 -1.000000 0.000000
vn 0.000000 -1.000000 0.000000
vn 0.000000 -1.000000 0.000000
vn 0.000000 -1.000000 0.000000
vn 0.000000 -1.000000 0.000000
vn 0.000000 -1.000000 0.000000
vn 0.000000 -1.000000 0.000000
vn 0.000000 -1.000000 0.000000
vn 0.000000 -1.000000 0.000000
vn 0.000000 -1.000000 0.000000
vn 0.000000 -1.000000 0.000000
vn 0.000000 -1.000000 0.000000
vn 0.000000 -1.000000 0.000000
vn 0.000000 -1.000000 0.000000
vn 0.000000 -1.000000 0.000000
vn 0.000000 -1.000000 0.000000
vn 0.000000 -1.000000 0.000000
vn 0.000000 -1.000000 0.000000
vn 0.000000 -1.000000 0.000000
vn 0.000000 -1.000000 0.000000
vn 0.000000 -1.000000 0.000000
vn 0.000000 -1.000000 0.000000
vn 0.000000 -1.000000 0.000000
vn 0.000000 -1.000000 0.000000
vn 0.000000 -1.000000 0.000000
vn 0.000000 -1.000000 0.000000
vn 0.000000 -1.000000 0.000000
vn 0.000000 -1.000000 0.000000
vn 0.000000 -1.000000 0.000000
vn 0.000000 -1.000000 0.000000
vn 0.000000 -1.000000 0.000000
vn 0.000000 -1.000000 0.000000
vn 0.000000 -1.000000 0.000000
vn 0.000000 -1.000000 0.000000
vn 0.000000 -1.000000 0.000000
vn 0.000000 -1.000000 0.000000
vn 0.000000 -1.000000 0.000000
vn 0.000000 -1.000000 0.000000
vn 0.000000 -1.000000 0.000000
vn 0.000000 -1.000000 0.000000
vn 0.000000 -1.000000 0.000000
vn 0.000000 -1.000000 0.000000
vn 0.000000 -1.000000 0.000000
vn 0.000000 -1.000000 0.000000
vn 0.000000 -1.000000 0.000000
vn 0.000000 -1.000000 0.000000
vn 0.000000 -1.000000 0.000000
vn 0.000000 -1.000000 0.000000
vn 0.000000 -1.000000 0.000000
vn 0.000000 -1.000000 0.000000
vn 0.000000 -1.000000 0.000000
vn 0.000000 -1.000000 0.000000
vn 0.000000 -1.000000 0.000000
vn 0.000000 -1.000000 0.000000
vn 0.000000 -1.000000 0.000000
vn 0.000000 -1.000000 0.000000
vn 0.000000 -1.000000 0.000000
vn 0.000000 -1.000000 0.000000
vn 0.000000 -1.000000 0.000000
vn 0.000000 -1.000000 0.000000
vn 0.000000 -1.000000 0.000000
vn 0.000000 -1.000000 0.000000
vn 0.000000 -1.000000 0.000000
vn 0.000000 -1.000000 0.000000
vn 0.000000 -1.000000 0.000000
vn 0.000000 -1.000000 0.000000
vn 0.000000 -1.000000 0.000000
vn 0.000000 -1.000000 0.000000
vn 0.000000 -1.000000 0.000000
vn 0.000000 -1.000000 0.000000
vn 0.000000 -1.000000 0.000000
vn 0.000000 -1.000000 0.000000
vn 0.000000 -1.000000 0.000000
vn 0.000000 -1.000000 0.000000
vn 0.000000 -1.000000 0.000000
vn 0.000000 -1.000000 0.000000
vn 0.000000 -1.000000 0.000000
vn 0.000000 -1.000000 0.000000
vn 0.000000 -1.000000 0.000000
vn 0.000000 -1.000000 0.000000
vn 0.000000 -1.000000 0.000000
vn 0.000000 -1.000000 0.000000
vn 0.000000 -1.000000 0.000000
vn 0.000000 -1.000000 0.000000
vn 0.000000 -1.000000 0.000000
vn 0.000000 -1.000000 0.000000
vn 0.000000 -1.000000 0.000000
vn 0.000000 -1.000000 0.000000
vn 0.000000 -1.000000 0.000000
vn 0.000000 -1.000000 0.000000
vn 0.000000 -1.000000 0.000000
vn 0.000000 -1.000000 0.000000
vn 0.000000 -1.000000 0.000000
vn 0.000000 -1.000000 0.000000
vn 0.000000 -1.000000 0.000000
vn 0.000000 -1.000000 0.000000
vn 0.000000 -1.000000 0.000000
vn 0.000000 -1.000000 0.000000
vn 0.000000 -1.000000 0.000000
vn 0.000000 -1.000000 0.000000
vn 0.000000 -1.000000 0.000000
vn 0.000000 -1.000000 0.000000
vn 0.000000 -1.000000 0.000000
vn 0.000000 -1.000000 0.000000
vn 0.000000 -1.000000 0.000000
vn 0.000000 -1.000000 0.000000
vn 0.000000 -1.000000 0.000000
vn 0.000000 -1.000000 0.000000
vn 0.000000 -1.000000 0.000000
vn 0.000000 -1.000000 0.000000
vn 0.000000 -1.000000 0.000000
vn 0.000000 -1.000000 0.000000
vn 0.000000 -1.000000 0.000000
vn 0.000000 -1.000000 0.000000
vn 0.000000 -1.000000 0.000000
vn 0.000000 -1.000000 0.000000
vn 0.000000 -1.000000 0.000000
vn 0.000000 -1.000000 0.000000
vn 0.000000 -1.000000 0.000000
vn 0.000000 -1.000000 0.000000
vn 0.000000 -1.000000 0.000000
vn 0.000000 -1.000000 0.000000
vn 0.000000 -1.000000 0.000000
vn 0.000000 -1.000000 0.000000
vn 0.000000 -1.000000 0.000000
vn 0.000000 -1.000000 0.000000
vn 0.000000 -1.000000 0.000000
vn 0.000000 -1.000000 0.000000
vn 0.000000 -1.000000 0.000000
vn 0.000000 -1.000000 0.000000
vn 0.000000 -1.000000 0.000000
vn 0.000000 -1.000000 0.000000
vn 0.000000 -1.000000 0.000000
vn 0.000000 -1.000000 0.000000
vn 0.000000 -1.000000 0.000000
vn 0.000000 -1.000000 0.000000
vn 0.000000 -1.000000 0.000000
vn 0.000000 -1.000000 0.000000
vn 0.000000 -1.000000 0.000000
vn 0.000000 -1.000000 0.000000
vn 0.000000 -1.000000 0.000000
vn 0.000000 -1.000000 0.000000
vn 0.000000 -1.000000 0.000000
vn 0.000000 -1.000000 0.000000
vn 0.000000 -1.000000 0.000000
vn 0.000000 -1.000000 0.000000
vn 0.000000 -1.000000 0.000000
vn 0.000000 -1.000000 0.000000
vn 0.000000 -1.000000 0.000000
vn 0.000000 -1.000000 0.000000
vn 0.000000 -1.000000 0.000000
vn 0.000000 -1.000000 0.000000
vn 0.000000 -1.000000 0.000000
vn 0.000000 -1.000000 0.000000
vn 0.000000 -1.000000 0.000000
vn 0.000000 -1.000000 0.000000
vn 0.000000 -1.000000 0.000000
vn 0.000000 -1.000000 0.000000
vn 0.000000 -1.000000 0.000000
vn 0.000000 -1.000000 0.000000
vn 0.000000 -1.000000 0.000000
vn 0.000000 -1.000000 0.000000
vn 0.000000 -1.000000 0.000000
vn 0.000000 1.000000 0.000000
vn 0.000000 1.000000 0.000000
vn -0.000018 1.000000 -0.000000
vn -0.000009 1.000000 -0.000018
vn 0.000000 1.000000 0.000000
vn 0.000000 1.000000 0.000000
vn -0.000009 1.000000 0.000018
vn 0.000000 1.000000 0.000000
vn 0.000000 1.000000 0.000000
vn 0.000000 1.000000 0.000000
vn 0.000000 1.000000 0.000000
vn 0.000000 1.000000 0.000000
vn 0.000000 1.000000 0.000000
vn 0.000000 1.000000 0.000000
vn 0.000000 1.000000 0.000000
vn 0.000000 1.000000 0.000000
vn 0.000000 1.000000 0.000000
vn 0.000000 1.000000 0.000000
vn 0.000000 1.000000 0.000000
vn 0.000000 1.000000 0.000000
vn 0.000000 1.000000 0.000000
vn 0.000000 1.000000 0.000000
vn 0.000000 1.000000 0.000000
vn 0.000000 1.000000 0.000000
vn 0.000000 1.000000 0.000000
vn 0.000000 1.000000 0.000000
vn 0.000000 1.000000 0.000000
vn 0.000000 1.000000 0.000000
vn 0.000000 1.000000 0.000000
vn 0.000000 1.000000 0.000000
vn 0.000000 1.000000 0.000000
vn 0.000000 1.000000 0.000000
vn 0.000000 1.000000 0.000000
vn 0.000000 1.000000 0.000000
vn 0.000000 1.000000 0.000000
vn 0.000000 1.000000 0.000000
vn 0.000002 1.000000 0.000006
vn 0.000004 1.000000 -0.000000
vn 0.000002 1.000000 -0.000006
vn 0.000000 1.000000 0.000000
vn 0.000000 1.000000 0.000000
vn 0.000000 1.000000 0.000000
vn 0.000000 1.000000 0.000000
vn 0.000000 1.000000 0.000000
vn 0.000000 1.000000 0.000000
vn 0.000000 1.000000 0.000000
vn 0.000000 1.000000 0.000000
vn 0.000000 1.000000 0.000000
vn 0.000000 1.000000 0.000000
vn 0.000000 1.000000 0.000000
vn 0.000000 1.000000 0.000000
vn 0.000000 1.000000 0.000000
vn 0.000000 1.000000 0.000000
vn 0.000000 1.000000 0.000000
vn 0.000000 1.000000 0.000000
vn 0.000000 1.000000 0.000000
vn 0.000000 1.000000 0.000000
vn 0.000000 1.000000 0.000000
vn 0.000000 1.000000 0.000000
vn 0.000000 1.000000 0.000000
vn 0.000000 1.000000 0.000000
vn 0.000000 1.000000 0.000000
vn 0.000000 1.000000 0.000000
vn 0.000000 1.000000 0.000000
vn 0.000000 1.000000 0.000000
vn 0.000000 1.000000 0.000000
vn 0.000000 0.707478 0.706735
vn 0.000000 -0.707478 0.706735
vn 0.615745 0.593188 0.518639
vn 0.615745 -0.593188 0.518639
vn 0.326866 0.907555 0.263635
vn 0.326866 -0.907555 0.263635
vn -0.000000 0.707146 -0.707067
vn -0.000000 -0.707146 -0.707067
vn -0.592430 0.606232 -0.530575
vn -0.592430 -0.606232 -0.530575
vn -0.331818 0.906045 -0.262641
vn -0.331818 -0.906045 -0.262641
vn -0.326866 0.907555 0.263635
vn -0.326866 -0.907555 0.263635
vn -0.615745 0.593188 0.518639
vn -0.615745 -0.593188 0.518639
vn 0.331818 0.906044 -0.262643
vn 0.331818 -0.906044 -0.262643
vn 0.592428 0.606230 -0.530579
vn 0.592428 -0.606230 -0.530579
vn -0.099335 0.707385 -0.699814
vn -0.140537 0.000024 -0.990075
vn -0.140537 0.000021 -0.990075
vn -0.140535 -0.000008 -0.990076
vn -0.140534 -0.000001 -0.990076
vn -0.099334 -0.707378 -0.699821
vn 0.000013 0.708929 -0.705280
vn 0.000016 0.000013 -1.000000
vn 0.000013 0.000013 -1.000000
vn 0.000011 0.000000 -1.000000
vn 0.000011 0.000000 -1.000000
vn 0.000008 -0.708929 -0.705280
vn 0.095199 0.707258 0.700516
vn 0.134660 0.000000 0.990892
vn 0.134662 -0.000087 0.990892
vn 0.134664 -0.000087 0.990891
vn 0.134665 0.000000 0.990891
vn 0.095202 -0.707259 0.700515
vn 0.000018 0.709086 0.705122
vn 0.000025 0.000000 1.000000
vn 0.000019 -0.000042 1.000000
vn 0.000006 -0.000042 1.000000
vn 0.000000 0.000000 1.000000
vn 0.000000 -0.709085 0.705123
vn 0.099340 0.707398 -0.699800
vn 0.140546 0.000004 -0.990074
vn 0.140545 -0.000017 -0.990074
vn 0.140543 0.000006 -0.990075
vn 0.140539 -0.000034 -0.990075
vn 0.099330 -0.707410 -0.699789
vn -0.095203 0.707259 0.700515
vn -0.134666 0.000000 0.990891
vn -0.134666 0.000005 0.990891
vn -0.134665 0.000005 0.990891
vn -0.134665 0.000000 0.990891
vn -0.095202 -0.707259 0.700515
vn -0.163192 0.707598 -0.687512
vn -0.230947 0.000010 -0.972966
vn -0.230945 0.000011 -0.972967
vn -0.230940 -0.000041 -0.972968
vn -0.230930 -0.000034 -0.972970
vn -0.163178 -0.707586 -0.687529
vn 0.163626 0.707960 0.687036
vn 0.231682 0.000000 0.972791
vn 0.231689 -0.000043 0.972790
vn 0.231703 -0.000043 0.972787
vn 0.231710 0.000000 0.972785
vn 0.163646 -0.707960 0.687032
vn 0.163170 0.707615 -0.687501
vn 0.230921 -0.000006 -0.972973
vn 0.230918 -0.000040 -0.972973
vn 0.230923 0.000045 -0.972972
vn 0.230935 -0.000029 -0.972969
vn 0.163175 -0.707652 -0.687461
vn -0.163648 0.707960 0.687032
vn -0.231712 0.000000 0.972784
vn -0.231712 0.000003 0.972784
vn -0.231711 0.000003 0.972785
vn -0.231711 0.000000 0.972785
vn -0.163646 -0.707960 0.687032
vn -0.258107 0.708514 -0.656801
vn -0.365749 0.000014 -0.930713
vn -0.365756 0.000028 -0.930711
vn -0.365766 -0.000038 -0.930707
vn -0.365766 -0.000097 -0.930707
vn -0.258112 -0.708524 -0.656789
vn 0.209695 0.707108 0.675298
vn 0.296554 0.000000 0.955016
vn 0.296554 0.000000 0.955016
vn 0.296554 0.000000 0.955016
vn 0.296554 0.000000 0.955016
vn 0.209695 -0.707108 0.675298
vn 0.258105 0.708499 -0.656819
vn 0.365737 -0.000025 -0.930718
vn 0.365737 -0.000037 -0.930718
vn 0.365737 0.000061 -0.930718
vn 0.365742 0.000042 -0.930716
vn 0.258102 -0.708528 -0.656788
vn -0.209710 0.707108 0.675293
vn -0.296575 0.000000 0.955010
vn -0.296575 0.000000 0.955010
vn -0.296575 0.000000 0.955010
vn -0.296575 0.000000 0.955010
vn -0.209710 -0.707108 0.675293
vn -0.275348 0.907438 0.317397
vn -0.275348 -0.907438 0.317397
vn -0.482348 0.609748 0.628926
vn -0.482348 -0.609748 0.628926
vn 0.696155 0.609767 0.378882
vn 0.696155 -0.609767 0.378882
vn 0.377874 0.908307 0.179414
vn 0.377874 -0.908307 0.179414
vn 0.270012 0.908399 -0.319227
vn 0.270012 -0.908399 -0.319227
vn 0.477332 0.610161 -0.632343
vn 0.477332 -0.610161 -0.632343
vn -0.699303 0.609294 -0.373813
vn -0.699303 -0.609294 -0.373813
vn -0.373635 0.910079 -0.179314
vn -0.373635 -0.910079 -0.179314
vn -0.377875 0.908306 0.179416
vn -0.377875 -0.908306 0.179416
vn -0.696155 0.609766 0.378886
vn -0.696155 -0.609765 0.378886
vn 0.482348 0.609748 0.628926
vn 0.482348 -0.609748 0.628926
vn 0.275348 0.907438 0.317397
vn 0.275348 -0.907438 0.317397
vn 0.373635 0.910079 -0.179312
vn 0.373635 -0.910079 -0.179312
vn 0.699302 0.609296 -0.373810
vn 0.699302 -0.609296 -0.373810
vn -0.477335 0.610163 -0.632339
vn -0.477335 -0.610163 -0.632339
vn -0.270012 0.908399 -0.319225
vn -0.270012 -0.908399 -0.319225
vn -0.315421 0.707124 -0.632838
vn -0.446082 0.000014 -0.894992
vn -0.446077 0.000039 -0.894994
vn -0.446080 0.000019 -0.894993
vn -0.446089 -0.000101 -0.894989
vn -0.315413 -0.707157 -0.632806
vn 0.269120 0.708618 0.652254
vn 0.381409 0.000000 0.924406
vn 0.381409 0.000000 0.924406
vn 0.381409 0.000000 0.924406
vn 0.381409 0.000000 0.924406
vn 0.269120 -0.708618 0.652254
vn 0.315436 0.707097 -0.632862
vn 0.446090 -0.000014 -0.894988
vn 0.446093 -0.000020 -0.894987
vn 0.446089 0.000014 -0.894988
vn 0.446075 0.000017 -0.894996
vn 0.315411 -0.707119 -0.632850
vn -0.269124 0.708617 0.652254
vn -0.381415 0.000000 0.924404
vn -0.381415 0.000000 0.924404
vn -0.381415 0.000000 0.924404
vn -0.381415 0.000000 0.924404
vn -0.269124 -0.708617 0.652254
vn -0.364553 0.708280 -0.604517
vn -0.516412 -0.000012 -0.856340
vn -0.516407 0.000001 -0.856344
vn -0.516399 0.000024 -0.856348
vn -0.516401 -0.000042 -0.856347
vn -0.364536 -0.708302 -0.604501
vn 0.353383 0.707387 0.612147
vn 0.499958 0.000000 0.866050
vn 0.499958 0.000000 0.866050
vn 0.499958 0.000000 0.866050
vn 0.499960 0.000013 0.866049
vn 0.353391 -0.707377 0.612154
vn 0.364559 0.708272 -0.604522
vn 0.516417 0.000000 -0.856337
vn 0.516418 -0.000007 -0.856336
vn 0.516421 -0.000007 -0.856335
vn 0.516421 -0.000046 -0.856335
vn 0.364545 -0.708305 -0.604493
vn -0.353379 0.707387 0.612150
vn -0.499951 0.000000 0.866054
vn -0.499951 0.000000 0.866054
vn -0.499951 0.000000 0.866054
vn -0.499949 -0.000011 0.866055
vn -0.353373 -0.707395 0.612144
vn -0.198513 0.910075 0.363807
vn -0.198513 -0.910075 0.363807
vn -0.351695 0.608006 0.711786
vn -0.351695 -0.608006 0.711786
vn 0.754724 0.613495 0.232412
vn 0.754724 -0.613495 0.232412
vn 0.410515 0.906913 0.094796
vn 0.410515 -0.906913 0.094796
vn 0.202768 0.909071 -0.363972
vn 0.202768 -0.909071 -0.363972
vn 0.352469 0.608620 -0.710878
vn 0.352469 -0.608620 -0.710878
vn -0.754723 0.613497 -0.232410
vn -0.754723 -0.613497 -0.232410
vn -0.410510 0.906915 -0.094797
vn -0.410510 -0.906915 -0.094797
vn -0.410512 0.906914 0.094795
vn -0.410513 -0.906914 0.094795
vn -0.754723 0.613497 0.232410
vn -0.754723 -0.613497 0.232410
vn 0.351699 0.608007 0.711783
vn 0.351699 -0.608007 0.711783
vn 0.198514 0.910076 0.363805
vn 0.198514 -0.910076 0.363805
vn 0.410513 0.906914 -0.094797
vn 0.410513 -0.906914 -0.094797
vn 0.754724 0.613495 -0.232412
vn 0.754724 -0.613495 -0.232412
vn -0.352465 0.608618 -0.710881
vn -0.352465 -0.608618 -0.710881
vn -0.202768 0.909070 -0.363974
vn -0.202768 -0.909070 -0.363974
vn -0.416955 0.707115 -0.571084
vn -0.589672 -0.000012 -0.807643
vn -0.589677 0.000003 -0.807639
vn -0.589682 0.000015 -0.807636
vn -0.589684 -0.000005 -0.807634
vn -0.416963 -0.707118 -0.571074
vn 0.407849 0.707583 0.577049
vn 0.577174 0.000000 0.816621
vn 0.577176 0.000019 0.816620
vn 0.577180 0.000019 0.816617
vn 0.577183 0.000026 0.816615
vn 0.407865 -0.707565 0.577059
vn 0.416964 0.707115 -0.571077
vn 0.589684 0.000000 -0.807635
vn 0.589681 -0.000026 -0.807637
vn 0.589675 -0.000026 -0.807641
vn 0.589676 -0.000025 -0.807640
vn 0.416951 -0.707133 -0.571065
vn -0.407854 0.707583 0.577045
vn -0.577181 0.000000 0.816616
vn -0.577179 -0.000022 0.816618
vn -0.577174 -0.000022 0.816621
vn -0.577171 -0.000019 0.816623
vn -0.407838 -0.707596 0.577040
vn -0.112876 0.910316 0.398226
vn -0.112876 -0.910316 0.398226
vn -0.183302 0.609658 0.771179
vn -0.183302 -0.609657 0.771180
vn 0.789472 0.610897 0.059488
vn 0.789471 -0.610898 0.059488
vn 0.418644 0.908124 0.006891
vn 0.418644 -0.908124 0.006891
vn 0.112880 0.910315 -0.398228
vn 0.112880 -0.910315 -0.398228
vn 0.183300 0.609659 -0.771179
vn 0.183300 -0.609658 -0.771180
vn -0.789475 0.610894 -0.059490
vn -0.789475 -0.610893 -0.059490
vn -0.418647 0.908123 -0.006894
vn -0.418647 -0.908123 -0.006894
vn -0.418647 0.908123 0.006891
vn -0.418647 -0.908123 0.006891
vn -0.789474 0.610895 0.059488
vn -0.789473 -0.610895 0.059488
vn 0.183300 0.609659 0.771179
vn 0.183300 -0.609658 0.771180
vn 0.112878 0.910316 0.398226
vn 0.112878 -0.910315 0.398227
vn 0.418644 0.908124 -0.006894
vn 0.418644 -0.908124 -0.006894
vn 0.789473 0.610896 -0.059490
vn 0.789473 -0.610896 -0.059490
vn -0.183302 0.609658 -0.771179
vn -0.183302 -0.609656 -0.771181
vn -0.112879 0.910315 -0.398227
vn -0.112879 -0.910315 -0.398227
vn -0.464684 0.708268 -0.531438
vn -0.658247 0.000036 -0.752802
vn -0.658253 0.000062 -0.752797
vn -0.658257 0.000027 -0.752793
vn -0.658258 0.000000 -0.752793
vn -0.464693 -0.708268 -0.531429
vn 0.473018 0.707891 0.524541
vn 0.669693 0.000000 0.742639
vn 0.669693 0.000037 0.742638
vn 0.669693 0.000037 0.742638
vn 0.669692 0.000013 0.742639
vn 0.473024 -0.707882 0.524550
vn 0.464690 0.708267 -0.531433
vn 0.658253 0.000000 -0.752797
vn 0.658252 -0.000051 -0.752798
vn 0.658251 -0.000051 -0.752799
vn 0.658250 0.000000 -0.752799
vn 0.464688 -0.708268 -0.531434
vn -0.473022 0.707891 0.524538
vn -0.669698 0.000000 0.742634
vn -0.669700 -0.000020 0.742632
vn -0.669703 -0.000020 0.742629
vn -0.669706 -0.000008 0.742626
vn -0.473024 -0.707898 0.524527
vn -0.546905 0.708447 -0.446091
vn -0.774908 0.000036 -0.632074
vn -0.774899 0.000048 -0.632085
vn -0.774893 0.000012 -0.632092
vn -0.774893 0.000000 -0.632093
vn -0.546892 -0.708446 -0.446109
vn 0.547105 0.708416 0.445896
vn 0.775159 -0.000023 0.631766
vn 0.775158 0.000041 0.631768
vn 0.775159 0.000041 0.631766
vn 0.775158 -0.000023 0.631768
vn 0.547076 -0.708449 0.445880
vn 0.546891 0.708446 -0.446111
vn 0.774890 -0.000008 -0.632096
vn 0.774890 -0.000033 -0.632096
vn 0.774894 -0.000015 -0.632091
vn 0.774898 0.000010 -0.632087
vn 0.546896 -0.708446 -0.446104
vn -0.547096 0.708425 0.445891
vn -0.775158 -0.000009 0.631767
vn -0.775161 0.000050 0.631764
vn -0.775167 0.000050 0.631756
vn -0.775169 -0.000013 0.631754
vn -0.547091 -0.708440 0.445874
vn -0.034804 0.912345 0.407941
vn -0.034805 -0.912342 0.407947
vn -0.026748 0.618928 0.784992
vn -0.026748 -0.618917 0.785001
vn 0.783887 0.610487 -0.113257
vn 0.783888 -0.610488 -0.113244
vn 0.402731 0.912549 -0.071149
vn 0.402730 -0.912550 -0.071142
vn 0.034804 0.912345 -0.407941
vn 0.034805 -0.912342 -0.407947
vn 0.026745 0.618929 -0.784992
vn 0.026746 -0.618919 -0.785000
vn -0.783885 0.610488 0.113263
vn -0.783887 -0.610489 0.113249
vn -0.402727 0.912551 0.071147
vn -0.402727 -0.912552 0.071141
vn -0.402729 0.912550 -0.071146
vn -0.402728 -0.912551 -0.071139
vn -0.783887 0.610487 -0.113258
vn -0.783888 -0.610488 -0.113244
vn 0.026748 0.618928 0.784992
vn 0.026748 -0.618917 0.785001
vn 0.034803 0.912346 0.407939
vn 0.034803 -0.912342 0.407946
vn 0.402729 0.912550 0.071150
vn 0.402728 -0.912551 0.071143
vn 0.783886 0.610488 0.113262
vn 0.783887 -0.610489 0.113249
vn -0.026745 0.618929 -0.784992
vn -0.026746 -0.618919 -0.785000
vn -0.034806 0.912344 -0.407942
vn -0.034807 -0.912341 -0.407949
vn -0.606240 0.707699 -0.362817
vn -0.858069 -0.000020 -0.513534
vn -0.858066 -0.000020 -0.513540
vn -0.858064 0.000000 -0.513543
vn -0.858064 0.000000 -0.513543
vn -0.606233 -0.707700 -0.362825
vn 0.603025 0.707493 0.368530
vn 0.853273 -0.000047 0.521465
vn 0.853273 0.000047 0.521465
vn 0.853274 0.000069 0.521463
vn 0.853278 -0.000024 0.521457
vn 0.602974 -0.707559 0.368487
vn 0.606240 0.707700 -0.362813
vn 0.858074 -0.000016 -0.513526
vn 0.858074 -0.000016 -0.513526
vn 0.858074 0.000020 -0.513526
vn 0.858074 0.000020 -0.513526
vn 0.606241 -0.707700 -0.362813
vn -0.602996 0.707514 0.368537
vn -0.853256 -0.000022 0.521492
vn -0.853254 0.000064 0.521496
vn -0.853250 0.000075 0.521503
vn -0.853249 -0.000023 0.521504
vn -0.602964 -0.707545 0.368530
vn -0.645667 0.707826 -0.286524
vn -0.914043 -0.000003 -0.405616
vn -0.914046 -0.000003 -0.405610
vn -0.914047 0.000000 -0.405608
vn -0.914047 0.000000 -0.405608
vn -0.645672 -0.707825 -0.286516
vn 0.641730 0.707932 0.294983
vn 0.908606 -0.000023 0.417654
vn 0.908606 0.000023 0.417654
vn 0.908603 0.000069 0.417661
vn 0.908602 0.000022 0.417663
vn 0.641699 -0.707965 0.294972
vn 0.645675 0.707825 -0.286509
vn 0.914052 -0.000008 -0.405597
vn 0.914053 -0.000008 -0.405595
vn 0.914053 0.000010 -0.405595
vn 0.914052 0.000010 -0.405597
vn 0.645675 -0.707825 -0.286510
vn -0.641722 0.707945 0.294970
vn -0.908610 -0.000020 0.417645
vn -0.908610 0.000009 0.417646
vn -0.908606 0.000021 0.417654
vn -0.908603 -0.000016 0.417661
vn -0.641703 -0.707960 0.294974
vn 0.045803 0.907420 0.417722
vn 0.045803 -0.907420 0.417722
vn 0.134801 0.610360 0.780570
vn 0.134801 -0.610359 0.780570
vn 0.747792 0.611675 -0.258188
vn 0.747792 -0.611675 -0.258188
vn 0.390073 0.904753 -0.171072
vn 0.390073 -0.904753 -0.171072
vn -0.045801 0.907419 -0.417724
vn -0.045801 -0.907419 -0.417724
vn -0.134797 0.610357 -0.780573
vn -0.134797 -0.610357 -0.780573
vn -0.747794 0.611676 0.258179
vn -0.747794 -0.611676 0.258179
vn -0.390075 0.904752 0.171070
vn -0.390075 -0.904752 0.171070
vn -0.390073 0.904753 -0.171072
vn -0.390073 -0.904753 -0.171072
vn -0.747792 0.611677 -0.258184
vn -0.747792 -0.611677 -0.258184
vn -0.134796 0.610360 0.780571
vn -0.134796 -0.610359 0.780572
vn -0.045800 0.907419 0.417723
vn -0.045800 -0.907419 0.417723
vn 0.390075 0.904752 0.171070
vn 0.390075 -0.904752 0.171070
vn 0.747795 0.611674 0.258183
vn 0.747794 -0.611674 0.258183
vn 0.134802 0.610358 -0.780572
vn 0.134802 -0.610357 -0.780572
vn 0.045805 0.907419 -0.417722
vn 0.045805 -0.907419 -0.417723
vn -0.673253 0.707474 -0.214967
vn -0.952619 0.000038 -0.304167
vn -0.952618 0.000020 -0.304171
vn -0.952617 0.000010 -0.304172
vn -0.952617 -0.000003 -0.304171
vn -0.673255 -0.707471 -0.214971
vn 0.667912 0.707244 0.231730
vn 0.944754 0.000000 0.327780
vn 0.944755 0.000025 0.327776
vn 0.944757 0.000047 0.327772
vn 0.944756 0.000023 0.327776
vn 0.667912 -0.707245 0.231730
vn 0.673268 0.707460 -0.214968
vn 0.952620 0.000004 -0.304162
vn 0.952621 0.000008 -0.304160
vn 0.952621 -0.000008 -0.304160
vn 0.952620 -0.000004 -0.304162
vn 0.673268 -0.707460 -0.214968
vn -0.667920 0.707248 0.231699
vn -0.944770 -0.000003 0.327735
vn -0.944769 -0.000037 0.327737
vn -0.944766 -0.000050 0.327746
vn -0.944763 -0.000021 0.327754
vn -0.667918 -0.707244 0.231713
vn -0.683845 0.707134 -0.179770
vn -0.967141 0.000053 -0.254241
vn -0.967142 0.000016 -0.254238
vn -0.967141 0.000008 -0.254239
vn -0.967141 -0.000002 -0.254242
vn -0.683849 -0.707131 -0.179769
vn 0.675170 0.707100 0.210130
vn 0.954826 -0.000000 0.297165
vn 0.954826 0.000056 0.297166
vn 0.954824 0.000032 0.297173
vn 0.954821 -0.000000 0.297181
vn 0.675164 -0.707103 0.210140
vn 0.683892 0.707084 -0.179790
vn 0.967137 0.000006 -0.254254
vn 0.967138 0.000025 -0.254254
vn 0.967136 -0.000051 -0.254261
vn 0.967135 0.000011 -0.254264
vn 0.683885 -0.707090 -0.179792
vn -0.675152 0.707112 0.210149
vn -0.954813 -0.000019 0.297206
vn -0.954813 -0.000051 0.297209
vn -0.954816 -0.000071 0.297198
vn -0.954818 -0.000014 0.297190
vn -0.675175 -0.707090 0.210148
vn 0.147142 0.912022 0.382837
vn 0.147142 -0.912022 0.382837
vn 0.309101 0.610196 0.729464
vn 0.309101 -0.610195 0.729464
vn 0.676428 0.607304 -0.416686
vn 0.676428 -0.607304 -0.416686
vn 0.345129 0.907467 -0.239562
vn 0.345129 -0.907467 -0.239562
vn -0.147141 0.912022 -0.382838
vn -0.147141 -0.912022 -0.382838
vn -0.309097 0.610194 -0.729467
vn -0.309097 -0.610194 -0.729467
vn -0.676428 0.607306 0.416682
vn -0.676428 -0.607306 0.416682
vn -0.345129 0.907467 0.239563
vn -0.345129 -0.907467 0.239563
vn -0.345129 0.907467 -0.239563
vn -0.345129 -0.907467 -0.239563
vn -0.676428 0.607307 -0.416682
vn -0.676428 -0.607306 -0.416682
vn -0.309097 0.610195 0.729467
vn -0.309097 -0.610194 0.729467
vn -0.147141 0.912023 0.382837
vn -0.147141 -0.912023 0.382837
vn 0.345129 0.907467 0.239562
vn 0.345129 -0.907467 0.239562
vn 0.676428 0.607304 0.416686
vn 0.676428 -0.607304 0.416686
vn 0.309101 0.610196 -0.729464
vn 0.309101 -0.610195 -0.729464
vn 0.147142 0.912022 -0.382838
vn 0.147142 -0.912022 -0.382838
vn -0.700142 0.707150 -0.098691
vn -0.990210 -0.000129 -0.139585
vn -0.990209 0.000035 -0.139592
vn -0.990208 0.000109 -0.139597
vn -0.990208 -0.000084 -0.139604
vn -0.699993 -0.707297 -0.098689
vn -0.694573 0.707887 -0.128315
vn -0.983358 -0.000010 -0.181680
vn -0.983355 0.000031 -0.181693
vn -0.983357 0.000052 -0.181683
vn -0.983358 -0.000033 -0.181680
vn -0.694504 -0.707954 -0.128317
vn 0.702296 0.707149 0.081983
vn 0.993256 0.000007 0.115940
vn 0.993256 -0.000000 0.115945
vn 0.993254 -0.000040 0.115962
vn 0.993254 0.000070 0.115956
vn 0.702285 -0.707160 0.081980
vn 0.689361 0.708188 0.152484
vn 0.976398 -0.000010 0.215977
vn 0.976397 0.000055 0.215982
vn 0.976395 -0.000007 0.215992
vn 0.976394 0.000014 0.215997
vn 0.689334 -0.708212 0.152492
vn 0.694589 0.707869 -0.128326
vn 0.983359 0.000030 -0.181674
vn 0.983358 -0.000017 -0.181679
vn 0.983356 -0.000078 -0.181687
vn 0.983358 0.000069 -0.181678
vn 0.694586 -0.707873 -0.128320
vn 0.700069 0.707224 -0.098681
vn 0.990210 0.000051 -0.139583
vn 0.990210 -0.000066 -0.139584
vn 0.990213 -0.000008 -0.139567
vn 0.990212 0.000053 -0.139569
vn 0.700049 -0.707244 -0.098682
vn 0.220309 0.909553 -0.352387
vn 0.220308 -0.909554 -0.352387
vn -0.689316 0.708227 0.152505
vn -0.976389 -0.000045 0.216019
vn -0.976391 -0.000021 0.216013
vn -0.976393 -0.000059 0.216003
vn -0.976393 0.000006 0.216000
vn -0.689373 -0.708172 0.152504
vn -0.703148 0.707856 -0.067250
vn -0.995457 -0.000129 -0.095208
vn -0.995458 0.000017 -0.095199
vn -0.995456 0.000032 -0.095221
vn -0.995457 -0.000015 -0.095206
vn -0.703028 -0.707979 -0.067216
vn 0.703997 0.707119 0.066106
vn 0.995620 0.000045 0.093489
vn 0.995620 -0.000076 0.093494
vn 0.995619 -0.000068 0.093505
vn 0.995618 0.000111 0.093511
vn 0.704061 -0.707054 0.066128
vn 0.703015 0.707978 -0.067353
vn 0.995441 0.000014 -0.095378
vn 0.995441 -0.000043 -0.095381
vn 0.995440 0.000035 -0.095387
vn 0.995440 -0.000024 -0.095395
vn 0.702986 -0.708006 -0.067366
vn -0.702255 0.707190 0.081971
vn -0.993257 -0.000024 0.115936
vn -0.993257 0.000001 0.115934
vn -0.993258 -0.000038 0.115923
vn -0.993258 -0.000009 0.115920
vn -0.702293 -0.707153 0.081967
vn -0.704046 0.707076 0.066058
vn -0.995625 -0.000024 0.093435
vn -0.995625 -0.000002 0.093440
vn -0.995625 0.000011 0.093438
vn -0.995627 0.000011 0.093418
vn -0.704006 -0.707117 0.066044
vn 0.220306 0.909554 0.352387
vn 0.220306 -0.909554 0.352387
vn 0.449195 0.607347 0.655250
vn 0.449195 -0.607348 0.655250
vn 0.569572 0.615213 -0.545069
vn 0.569573 -0.615212 -0.545070
vn 0.281919 0.907794 -0.310535
vn 0.281920 -0.907787 -0.310553
vn -0.220309 0.909553 -0.352387
vn -0.220309 -0.909554 -0.352387
vn -0.449200 0.607345 -0.655249
vn -0.449199 -0.607346 -0.655249
vn -0.569576 0.615211 0.545068
vn -0.569577 -0.615210 0.545068
vn -0.281188 0.906168 0.315900
vn -0.281192 -0.906163 0.315912
vn -0.281264 0.906332 -0.315360
vn -0.281268 -0.906327 -0.315372
vn -0.569572 0.615212 -0.545070
vn -0.569573 -0.615211 -0.545070
vn -0.449196 0.607347 0.655250
vn -0.449196 -0.607348 0.655249
vn -0.220307 0.909554 0.352386
vn -0.220307 -0.909554 0.352386
vn 0.281798 0.907500 0.311503
vn 0.281799 -0.907493 0.311523
vn 0.569576 0.615211 0.545067
vn 0.569577 -0.615210 0.545068
vn 0.449199 0.607345 -0.655250
vn 0.449198 -0.607346 -0.655249
vn -0.706183 0.707639 0.023513
vn -0.999446 -0.000062 0.033284
vn -0.999446 -0.000002 0.033290
vn -0.999445 -0.000006 0.033303
vn -0.999445 0.000062 0.033321
vn -0.706101 -0.707720 0.023542
vn 0.706057 0.707767 0.023457
vn 0.999448 0.000019 0.033214
vn 0.999448 -0.000062 0.033209
vn 0.999450 -0.000034 0.033172
vn 0.999449 0.000032 0.033181
vn 0.706109 -0.707714 0.023464
vn 0.706942 0.707270 0.001250
vn 0.706946 -0.707267 0.001252
vn -0.706710 0.707504 0.000699
vn -0.706715 -0.707498 0.000699
vn 0.000000 -1.000000 0.000000
vn 0.000000 -1.000000 0.000000
vn 0.000004 -1.000000 0.000001
vn 0.000002 -1.000000 0.000006
vn 0.000000 -1.000000 0.000000
vn 0.000000 -1.000000 0.000000
vn 0.000002 -1.000000 -0.000005
vn 0.000000 -1.000000 0.000000
vn 0.000000 -1.000000 0.000000
vn 0.000000 -1.000000 0.000000
vn 0.000000 -1.000000 0.000000
vn 0.000000 -1.000000 0.000000
vn 0.000000 -1.000000 0.000000
vn 0.000000 -1.000000 0.000000
vn 0.000000 -1.000000 0.000000
vn 0.000000 -1.000000 0.000000
vn 0.000000 -1.000000 0.000000
vn 0.000000 -1.000000 0.000000
vn 0.000000 -1.000000 0.000000
vn 0.000000 -1.000000 0.000000
vn 0.000000 -1.000000 0.000000
vn 0.000000 -1.000000 0.000000
vn 0.000000 -1.000000 0.000000
vn 0.000000 -1.000000 0.000000
vn 0.000000 -1.000000 0.000000
vn 0.000000 -1.000000 0.000000
vn 0.000000 -1.000000 0.000000
vn 0.000000 -1.000000 0.000000
vn 0.000000 -1.000000 0.000000
vn 0.000000 -1.000000 0.000000
vn 0.000000 -1.000000 0.000000
vn 0.000000 -1.000000 0.000000
vn 0.000000 -1.000000 0.000000
vn 0.000000 -1.000000 0.000000
vn 0.000000 -1.000000 0.000000
vn 0.000000 -1.000000 0.000000
vn -0.000002 -1.000000 -0.000006
vn -0.000004 -1.000000 0.000000
vn -0.000002 -1.000000 0.000006
vn 0.000000 -1.000000 0.000000
vn 0.000000 -1.000000 0.000000
vn 0.000000 -1.000000 0.000000
vn 0.000000 -1.000000 0.000000
vn 0.000000 -1.000000 0.000000
vn 0.000000 -1.000000 0.000000
vn 0.000000 -1.000000 0.000000
vn 0.000000 -1.000000 0.000000
vn 0.000000 -1.000000 0.000000
vn 0.000000 -1.000000 0.000000
vn 0.000000 -1.000000 0.000000
vn 0.000000 -1.000000 0.000000
vn 0.000000 -1.000000 0.000000
vn 0.000000 -1.000000 0.000000
vn 0.000000 -1.000000 0.000000
vn 0.000000 -1.000000 0.000000
vn 0.000000 -1.000000 0.000000
vn 0.000000 -1.000000 0.000000
vn 0.000000 -1.000000 0.000000
vn 0.000000 -1.000000 0.000000
vn 0.000000 -1.000000 0.000000
vn 0.000000 -1.000000 0.000000
vn 0.000000 -1.000000 0.000000
vn 0.000000 -1.000000 0.000000
vn 0.000000 -1.000000 0.000000
vn 0.000000 -1.000000 0.000000
vn 0.000000 -1.000000 0.000000
# 1944 normals

usemtl defaultMat
f 831/1/831 943/2/943 763/3/763
f 821/4/821 968/5/968 964/6/964 823/7/823
f 647/8/647 649/9/649 1035/10/1035 1034/11/1034
f 431/12/431 1000/13/1000 1010/14/1010 435/15/435
f 970/16/970 966/17/966 967/18/967 969/19/969
f 819/20/819 973/21/973 968/5/968 821/4/821
f 427/22/427 647/8/647 1034/11/1034 1007/23/1007
f 1073/24/1073 1126/25/1126 1127/26/1127 1125/27/1125
f 973/21/973 969/19/969 967/18/967 968/5/968
f 817/28/817 972/29/972 973/21/973 819/20/819
f 1025/30/1025 645/31/645 563/32/563 1023/33/1023
f 391/34/391 1074/35/1074 1064/36/1064 433/37/433
f 375/38/375 841/39/841 1109/40/1109 1108/41/1108
f 815/42/815 971/43/971 972/29/972 817/28/817
f 1075/44/1075 1108/41/1108 1107/45/1107 1128/46/1128
f 954/47/954 1000/13/1000 431/12/431 429/48/429
f 587/49/587 937/50/937 1094/51/1094 1093/52/1093
f 773/53/773 1045/54/1045 971/43/971 815/42/815
f 1026/55/1026 641/56/641 645/31/645 1025/30/1025
f 1000/13/1000 954/47/954 1008/57/1008 998/58/998
f 1173/59/1173 1174/60/1174 1125/27/1125 1127/26/1127
f 1144/61/1144 1143/62/1143 813/63/813 781/64/781
f 643/65/643 1154/66/1154 1155/67/1155 579/68/579
f 954/47/954 429/48/429 1009/69/1009 1008/57/1008
f 1174/60/1174 693/70/693 609/71/609 1125/27/1125
f 1047/72/1047 811/73/811 769/74/769 1046/75/1046
f 1027/76/1027 635/77/635 641/56/641 1026/55/1026
f 953/78/953 425/79/425 427/22/427 1007/23/1007
f 705/80/705 1175/81/1175 1122/82/1122 939/83/939
f 1048/84/1048 807/85/807 811/73/811 1047/72/1047
f 637/86/637 1158/87/1158 1084/88/1084 639/89/639
f 953/78/953 1007/23/1007 986/90/986 987/91/987
f 796/92/796 798/93/798 799/94/799 797/95/797
f 1159/96/1159 809/97/809 521/98/521 1115/99/1115
f 1028/100/1028 631/101/631 635/77/635 1027/76/1027
f 953/78/953 421/102/421 327/103/327 944/104/944
f 1175/81/1175 1097/105/1097 1096/106/1096 1176/107/1176
f 1049/108/1049 805/109/805 807/85/807 1048/84/1048
f 623/110/623 633/111/633 1100/112/1100 1101/113/1101
f 953/78/953 944/104/944 329/114/329 425/79/425
f 710/115/710 682/116/682 683/117/683 711/118/711
f 1050/119/1050 803/120/803 805/109/805 1049/108/1049
f 1029/121/1029 629/122/629 631/101/631 1028/100/1028
f 953/78/953 987/91/987 423/123/423 421/102/421
f 389/124/389 701/125/701 1127/26/1127 1126/25/1126
f 1051/126/1051 799/127/799 803/120/803 1050/119/1050
f 623/110/623 1101/113/1101 1102/128/1102 1103/129/1103
f 952/130/952 1005/131/1005 419/132/419 417/133/417
f 734/134/734 796/92/796 797/95/797 735/135/735
f 1131/136/1131 443/137/443 801/138/801 1132/139/1132
f 1030/140/1030 625/141/625 629/122/629 1029/121/1029
f 952/130/952 415/142/415 413/143/413 1003/144/1003
f 1173/59/1173 699/145/699 697/146/697 1080/147/1080
f 1052/148/1052 797/149/797 799/127/799 1051/126/1051
f 627/150/627 1141/151/1141 1142/152/1142 551/153/551
f 411/154/411 409/155/409 1106/156/1106 1113/157/1113
f 937/50/937 709/158/709 1095/159/1095 1094/51/1094
f 711/160/711 683/161/683 1140/162/1140 1138/163/1138
f 1031/164/1031 621/165/621 625/141/625 1030/140/1030
f 1074/35/1074 399/166/399 407/167/407 1064/36/1064
f 541/168/541 1128/46/1128 1154/66/1154 643/65/643
f 1042/169/1042 735/170/735 797/149/797 1052/148/1052
f 623/110/623 1103/129/1103 1104/171/1104 597/172/597
f 951/173/951 1004/174/1004 1006/175/1006 1005/131/1005
f 1162/176/1162 723/177/723 549/178/549 1111/179/1111
f 1161/180/1161 1155/67/1155 1154/66/1154 1110/181/1110
f 1032/182/1032 617/183/617 621/165/621 1031/164/1031
f 951/173/951 1005/131/1005 952/130/952 1003/144/1003
f 835/184/835 779/185/779 1143/62/1143 1144/61/1144
f 795/186/795 731/187/731 1042/169/1042 1052/148/1052
f 1095/159/1095 1090/188/1090 1089/189/1089 1091/190/1091
f 951/173/951 857/191/857 855/192/855 1004/174/1004
f 359/193/359 517/194/517 1087/195/1087 1086/196/1086
f 793/197/793 795/186/795 1052/148/1052 1051/126/1051
f 1033/198/1033 1009/69/1009 429/48/429 619/199/619
f 951/173/951 1003/144/1003 1002/200/1002 1001/201/1001
f 801/138/801 599/202/599 1137/203/1137 1132/139/1132
f 1131/136/1131 1132/139/1132 1133/204/1133 1134/205/1134
f 1033/198/1033 619/199/619 617/183/617 1032/182/1032
f 951/173/951 1001/201/1001 859/206/859 857/191/857
f 933/207/933 357/208/357 983/209/983 991/210/991
f 1132/139/1132 1137/203/1137 1135/211/1135 1133/204/1133
f 615/212/615 397/213/397 998/58/998 1008/57/1008
f 950/214/950 999/215/999 1000/13/1000 998/58/998
f 997/216/997 991/210/991 873/217/873 871/218/871
f 789/219/789 793/197/793 1051/126/1051 1050/119/1050
f 613/220/613 615/212/615 1008/57/1008 1009/69/1009
f 950/214/950 405/221/405 403/222/403 999/215/999
f 997/216/997 949/223/949 325/224/325 935/225/935
f 733/226/733 1166/227/1166 1167/228/1167 791/229/791
f 611/230/611 613/220/613 1009/69/1009 1033/198/1033
f 794/231/794 730/232/730 731/233/731 795/234/795
f 997/216/997 935/225/935 933/207/933 991/210/991
f 787/235/787 789/219/789 1050/119/1050 1049/108/1049
f 605/236/605 611/230/611 1033/198/1033 1032/182/1032
f 1074/35/1074 1124/237/1124 345/238/345 399/166/399
f 1164/239/1164 753/240/753 741/241/741 1092/242/1092
f 785/243/785 787/235/787 1049/108/1049 1048/84/1048
f 792/244/792 794/231/794 795/234/795 793/245/793
f 950/214/950 998/58/998 397/213/397 395/246/395
f 813/63/813 1143/62/1143 1145/247/1145 843/248/843
f 1062/249/1062 1077/250/1077 695/251/695 323/252/323
f 601/253/601 605/236/605 1032/182/1032 1031/164/1031
f 949/223/949 997/216/997 871/218/871 869/254/869
f 289/255/289 405/221/405 950/214/950 940/256/940
f 499/257/499 1150/258/1150 1151/259/1151 653/260/653
f 603/261/603 1148/262/1148 1149/263/1149 497/264/497
f 949/223/949 869/254/869 863/265/863 975/266/975
f 681/267/681 519/268/519 1142/152/1142 1141/151/1141
f 783/269/783 785/243/785 1048/84/1048 1047/72/1047
f 595/270/595 601/253/601 1031/164/1031 1030/140/1030
f 387/271/387 963/272/963 961/273/961 996/274/996
f 791/229/791 1167/228/1167 1168/275/1168 923/276/923
f 771/277/771 783/269/783 1047/72/1047 1046/75/1046
f 1137/203/1137 599/202/599 597/172/597 1104/171/1104
f 387/271/387 996/274/996 995/278/995 393/279/393
f 925/280/925 1172/281/1172 1162/176/1162 827/282/827
f 1144/61/1144 781/64/781 747/283/747 1116/284/1116
f 591/285/591 595/270/595 1030/140/1030 1029/121/1029
f 1074/35/1074 391/34/391 389/124/389 1126/25/1126
f 1168/275/1168 1167/228/1167 931/286/931 929/287/929
f 1145/247/1145 1143/62/1143 779/185/779 557/288/557
f 1068/289/1068 515/290/515 593/291/593 1105/292/1105
f 387/271/387 385/293/385 994/294/994 963/272/963
f 1170/295/1170 1169/296/1169 927/297/927 287/298/287
f 775/299/775 1146/300/1146 1147/301/1147 777/302/777
f 585/303/585 591/285/591 1029/121/1029 1028/100/1028
f 948/304/948 381/305/381 383/306/383 980/307/980
f 1167/228/1167 1166/227/1166 837/308/837 931/286/931
f 1046/75/1046 1045/54/1045 773/53/773 771/277/771
f 589/309/589 587/49/587 1093/52/1093 1165/310/1165
f 948/304/948 945/311/945 333/312/333 381/305/381
f 1169/296/1169 1168/275/1168 929/287/929 927/297/927
f 767/313/767 1045/54/1045 1046/75/1046 769/74/769
f 583/314/583 585/303/585 1028/100/1028 1027/76/1027
f 948/304/948 377/315/377 339/316/339 945/311/945
f 1151/259/1151 1150/258/1150 509/317/509 481/318/481
f 767/313/767 315/319/315 971/43/971 1045/54/1045
f 1158/87/1158 1157/320/1157 1159/96/1159 1115/99/1115
f 948/304/948 980/307/980 981/321/981 993/322/993
f 833/323/833 1171/324/1171 1172/281/1172 925/280/925
f 1044/325/1044 970/16/970 311/326/311 755/327/755
f 577/328/577 583/314/583 1027/76/1027 1026/55/1026
f 948/304/948 993/322/993 379/329/379 377/315/377
f 923/276/923 1168/275/1168 1169/296/1169 719/330/719
f 1139/331/1139 1138/163/1138 673/332/673 765/333/765
f 579/68/579 1155/67/1155 1156/334/1156 581/335/581
f 875/336/875 984/337/984 992/338/992 877/339/877
f 395/246/395 283/340/283 940/256/940 950/214/950
f 1043/341/1043 966/17/966 970/16/970 1044/325/1044
f 573/342/573 577/328/577 1026/55/1026 1025/30/1025
f 875/336/875 873/217/873 991/210/991 983/209/983
f 1159/96/1159 1157/320/1157 1156/334/1156 1160/343/1160
f 1139/331/1139 765/333/765 761/344/761 1100/112/1100
f 1147/301/1147 1146/300/1146 555/345/555 575/346/575
f 1075/44/1075 293/347/293 375/38/375 1108/41/1108
f 839/348/839 1165/310/1165 1093/52/1093 737/349/737
f 757/350/757 763/3/763 966/17/966 1043/341/1043
f 565/351/565 573/342/573 1025/30/1025 1023/33/1023
f 369/352/369 373/353/373 990/354/990 988/355/988
f 713/356/713 1139/331/1139 1100/112/1100 633/111/633
f 761/344/761 751/357/751 1101/113/1101 1100/112/1100
f 571/358/571 996/274/996 961/273/961 297/359/297
f 369/352/369 986/90/986 989/360/989 371/361/371
f 788/362/788 792/244/792 793/245/793 789/363/789
f 1163/364/1163 759/365/759 757/350/757 1043/341/1043
f 569/366/569 995/278/995 996/274/996 571/358/571
f 369/352/369 988/355/988 987/91/987 986/90/986
f 1180/367/1180 913/368/913 669/369/669 1098/370/1098
f 1164/239/1164 1163/364/1163 1043/341/1043 1044/325/1044
f 1024/371/1024 995/278/995 569/366/569 567/372/567
f 947/373/947 977/374/977 891/375/891 893/376/893
f 911/377/911 1081/378/1081 1078/379/1078 749/380/749
f 753/240/753 1164/239/1164 1044/325/1044 755/327/755
f 1024/371/1024 567/372/567 565/351/565 1023/33/1023
f 947/373/947 985/381/985 367/382/367 335/383/335
f 1180/367/1180 1098/370/1098 1099/384/1099 1177/385/1177
f 1062/249/1062 1078/379/1078 1063/386/1063 1077/250/1077
f 561/387/561 393/279/393 995/278/995 1024/371/1024
f 947/373/947 893/376/893 895/388/895 985/381/985
f 790/389/790 732/390/732 733/391/733 791/392/791
f 751/357/751 529/393/529 1102/128/1102 1101/113/1101
f 561/387/561 1024/371/1024 1023/33/1023 563/32/563
f 946/394/946 365/395/365 363/396/363 984/337/984
f 905/397/905 903/398/903 1178/399/1178 1177/385/1177
f 1062/249/1062 679/400/679 749/380/749 1078/379/1078
f 1068/289/1068 1105/292/1105 307/401/307 1106/156/1106
f 946/394/946 984/337/984 875/336/875 983/209/983
f 786/402/786 788/362/788 789/363/789 787/403/787
f 1172/281/1172 1171/324/1171 285/404/285 725/405/725
f 1068/289/1068 1106/156/1106 409/155/409 559/406/559
f 361/407/361 359/193/359 1086/196/1086 1090/188/1090
f 952/130/952 942/408/942 301/409/301 415/142/415
f 1063/386/1063 1079/410/1079 1080/147/1080 1077/250/1077
f 1069/411/1069 985/381/985 895/388/895 907/412/907
f 946/394/946 983/209/983 357/208/357 355/413/355
f 401/414/401 1057/415/1057 1113/157/1113 305/416/305
f 1063/386/1063 919/417/919 921/418/921 1079/410/1079
f 1146/300/1146 1145/247/1145 557/288/557 555/345/555
f 1174/60/1174 1079/410/1079 921/418/921 693/70/693
f 417/133/417 299/419/299 942/408/942 952/130/952
f 1063/386/1063 1078/379/1078 1081/378/1081 1082/420/1082
f 1069/411/1069 553/421/553 367/382/367 985/381/985
f 349/422/349 353/423/353 982/424/982 981/321/981
f 1057/415/1057 879/425/879 411/154/411 1113/157/1113
f 581/335/581 1156/334/1156 1157/320/1157 745/426/745
f 551/153/551 1142/152/1142 1022/427/1022 491/428/491
f 349/422/349 981/321/981 980/307/980 979/429/979
f 784/430/784 786/402/786 787/403/787 785/431/785
f 747/283/747 717/432/717 1117/433/1117 1116/284/1116
f 1069/411/1069 907/412/907 917/434/917 1099/384/1099
f 349/422/349 979/429/979 978/435/978 351/436/351
f 1178/399/1178 1179/437/1179 1180/367/1180 1177/385/1177
f 1063/386/1063 1082/420/1082 915/438/915 919/417/919
f 1158/87/1158 1115/99/1115 1085/439/1085 1084/88/1084
f 945/311/945 976/440/976 977/374/977 947/373/947
f 694/441/694 322/442/322 323/443/323 695/444/695
f 1064/36/1064 1083/445/1083 715/446/715 433/37/433
f 547/447/547 1107/45/1107 1108/41/1108 1109/40/1109
f 347/448/347 345/238/345 1124/237/1124 1123/449/1123
f 1178/399/1178 903/398/903 915/438/915 1082/420/1082
f 1064/36/1064 1084/88/1084 1085/439/1085 1083/445/1083
f 547/447/547 545/450/545 1110/181/1110 1107/45/1107
f 652/451/652 498/452/498 499/453/499 653/454/653
f 1180/367/1180 1179/437/1179 909/455/909 913/368/913
f 745/426/745 1157/320/1157 1158/87/1158 637/86/637
f 547/447/547 1109/40/1109 1111/179/1111 549/178/549
f 945/311/945 339/316/339 337/456/337 976/440/976
f 909/455/909 1179/437/1179 1081/378/1081 911/377/911
f 1064/36/1064 407/167/407 639/89/639 1084/88/1084
f 543/457/543 1161/180/1161 1110/181/1110 545/450/545
f 945/311/945 947/373/947 335/383/335 333/312/333
f 1178/399/1178 1082/420/1082 1081/378/1081 1179/437/1179
f 782/458/782 784/430/784 785/431/785 783/459/783
f 307/401/307 1105/292/1105 1112/460/1112 309/461/309
f 944/104/944 974/462/974 331/463/331 329/114/329
f 770/464/770 782/458/782 783/459/783 771/465/771
f 780/466/780 746/467/746 747/468/747 781/469/781
f 1075/44/1075 1128/46/1128 541/168/541 319/470/319
f 944/104/944 327/103/327 325/224/325 949/223/949
f 778/471/778 556/472/556 557/473/557 779/474/779
f 1065/475/1065 1086/196/1086 1087/195/1087 685/476/685
f 307/401/307 305/416/305 1113/157/1113 1106/156/1106
f 944/104/944 949/223/949 975/266/975 974/462/974
f 905/397/905 1177/385/1177 1099/384/1099 917/434/917
f 1131/136/1131 1134/205/1134 1120/477/1120 1121/478/1121
f 1070/479/1070 535/480/535 539/481/539 1114/482/1114
f 321/483/321 1072/484/1072 1062/249/1062 323/252/323
f 759/365/759 1163/364/1163 1088/485/1088 691/486/691
f 1065/475/1065 691/486/691 1088/485/1088 1089/189/1089
f 1070/479/1070 1114/482/1114 1103/129/1103 1102/128/1102
f 1075/44/1075 319/470/319 317/487/317 1066/488/1066
f 901/489/901 291/490/291 956/491/956 959/492/959
f 1065/475/1065 1089/189/1089 1090/188/1090 1086/196/1086
f 705/80/705 343/493/343 1097/105/1097 1175/81/1175
f 313/494/313 969/19/969 973/21/973 972/29/972
f 899/495/899 901/489/901 959/492/959 1060/496/1060
f 739/497/739 1091/190/1091 1092/242/1092 741/241/741
f 1070/479/1070 1067/498/1067 537/499/537 535/480/535
f 313/494/313 972/29/972 971/43/971 315/319/315
f 1061/500/1061 897/501/897 899/495/899 1060/496/1060
f 487/502/487 1130/503/1130 1129/504/1129 703/505/703
f 1070/479/1070 527/506/527 533/507/533 1067/498/1067
f 313/494/313 311/326/311 970/16/970 969/19/969
f 1061/500/1061 1058/508/1058 977/374/977 976/440/976
f 739/497/739 737/349/737 1093/52/1093 1094/51/1094
f 1134/205/1134 1133/204/1133 523/509/523 531/510/531
f 943/2/943 964/6/964 968/5/968 967/18/967
f 1061/500/1061 976/440/976 337/456/337 897/501/897
f 739/497/739 1094/51/1094 1095/159/1095 1091/190/1091
f 1011/511/1011 1012/512/1012 1014/513/1014 1016/514/1016
f 943/2/943 967/18/967 966/17/966 763/3/763
f 1059/515/1059 1060/496/1060 959/492/959 960/516/960
f 1042/169/1042 990/354/990 373/353/373 735/170/735
f 1134/205/1134 531/510/531 457/517/457 1120/477/1120
f 943/2/943 831/1/831 965/518/965 964/6/964
f 1059/515/1059 960/516/960 885/519/885 887/520/887
f 1154/66/1154 1128/46/1128 1107/45/1107 1110/181/1110
f 437/521/437 1011/511/1011 1016/514/1016 451/522/451
f 776/523/776 774/524/774 775/525/775 777/526/777
f 1059/515/1059 1058/508/1058 1061/500/1061 1060/496/1060
f 1166/227/1166 733/226/733 589/309/589 1165/310/1165
f 1070/479/1070 1102/128/1102 529/393/529 527/506/527
f 772/527/772 770/464/770 771/465/771 773/528/773
f 889/529/889 1058/508/1058 1059/515/1059 887/520/887
f 729/530/729 990/354/990 1042/169/1042 731/187/731
f 523/509/523 1133/204/1133 1135/211/1135 525/531/525
f 942/408/942 962/532/962 303/533/303 301/409/301
f 889/529/889 891/375/891 977/374/977 1058/508/1058
f 727/534/727 988/355/988 990/354/990 729/530/729
f 505/535/505 1085/439/1085 1115/99/1115 521/98/521
f 942/408/942 961/273/961 963/272/963 962/532/962
f 768/536/768 766/537/766 767/538/767 769/539/769
f 423/123/423 987/91/987 988/355/988 727/534/727
f 1022/427/1022 1142/152/1142 519/268/519 495/540/495
f 942/408/942 299/419/299 297/359/297 961/273/961
f 766/537/766 314/541/314 315/542/315 767/538/767
f 1162/176/1162 1172/281/1172 725/405/725 723/177/723
f 513/543/513 1020/544/1020 1021/545/1021 493/546/493
f 941/547/941 883/548/883 885/519/885 960/516/960
f 310/549/310 754/550/754 755/551/755 311/552/311
f 719/330/719 1169/296/1169 1170/295/1170 721/553/721
f 515/290/515 1068/289/1068 1087/195/1087 517/194/517
f 941/547/941 960/516/960 959/492/959 956/491/956
f 672/554/672 764/555/764 765/556/765 673/557/673
f 717/432/717 715/446/715 1083/445/1083 1117/433/1117
f 507/558/507 1019/559/1019 1020/544/1020 513/543/513
f 941/547/941 957/560/957 851/561/851 883/548/883
f 764/555/764 760/562/760 761/563/761 765/556/765
f 713/356/713 711/160/711 1138/163/1138 1139/331/1139
f 1153/564/1153 511/565/511 453/566/453 1130/503/1130
f 941/547/941 955/567/955 958/568/958 957/560/957
f 756/569/756 762/570/762 763/571/763 757/572/757
f 689/573/689 1112/460/1112 1105/292/1105 593/291/593
f 1150/258/1150 1149/263/1149 473/574/473 509/317/509
f 1075/44/1075 1066/488/1066 295/575/295 293/347/293
f 760/562/760 750/576/750 751/577/751 761/563/761
f 709/158/709 361/407/361 1090/188/1090 1095/159/1095
f 463/578/463 1017/579/1017 1019/559/1019 507/558/507
f 940/256/940 956/491/956 291/490/291 289/255/289
f 881/580/881 992/338/992 984/337/984 363/396/363
f 543/457/543 707/581/707 1160/343/1160 1161/180/1161
f 1076/582/1076 1129/504/1129 1130/503/1130 453/566/453
f 940/256/940 955/567/955 941/547/941 956/491/956
f 1057/415/1057 992/338/992 881/580/881 879/425/879
f 1092/242/1092 1091/190/1091 1089/189/1089 1088/485/1088
f 505/535/505 503/583/503 1116/284/1116 1117/433/1117
f 1171/324/1171 1170/295/1170 287/298/287 285/404/285
f 401/414/401 877/339/877 992/338/992 1057/415/1057
f 758/584/758 756/569/756 757/572/757 759/585/759
f 1118/586/1118 743/587/743 309/461/309 1112/460/1112
f 940/256/940 283/340/283 281/588/281 955/567/955
f 754/550/754 752/589/752 753/590/753 755/551/755
f 703/505/703 1129/504/1129 1119/591/1119 459/592/459
f 505/535/505 1117/433/1117 1083/445/1083 1085/439/1085
f 762/570/762 830/593/830 831/594/831 763/571/763
f 750/576/750 528/595/528 529/596/529 751/577/751
f 701/125/701 699/145/699 1173/59/1173 1127/26/1127
f 501/597/501 1152/598/1152 1153/564/1153 485/599/485
f 374/600/374 840/601/840 841/602/841 375/603/375
f 678/604/678 748/605/748 749/606/749 679/607/679
f 697/146/697 695/251/695 1077/250/1077 1080/147/1080
f 1071/608/1071 1097/105/1097 343/493/343 341/609/341
f 586/610/586 936/611/936 937/612/937 587/613/587
f 284/614/284 724/615/724 725/616/725 285/617/285
f 744/618/744 580/619/580 581/620/581 745/621/745
f 497/264/497 1149/263/1149 1150/258/1150 499/257/499
f 606/622/606 938/623/938 939/624/939 607/625/607
f 746/467/746 716/626/716 717/627/717 747/468/747
f 1175/81/1175 1176/107/1176 1123/449/1123 1122/82/1122
f 1071/608/1071 341/609/341 743/587/743 1118/586/1118
f 938/623/938 704/628/704 705/629/705 939/624/939
f 714/630/714 432/631/432 433/632/433 715/633/715
f 691/486/691 1065/475/1065 685/476/685
f 1022/427/1022 495/540/495 493/546/493 1021/545/1021
f 388/634/388 700/635/700 701/636/701 389/637/389
f 867/638/867 1002/200/1002 1003/144/1003 413/143/413
f 1118/586/1118 1112/460/1112 689/573/689 687/639/687
f 489/640/489 491/428/491 1022/427/1022 1021/545/1021
f 920/641/920 692/642/692 693/643/693 921/644/921
f 1056/645/1056 1002/200/1002 867/638/867 865/646/865
f 1118/586/1118 687/639/687 677/647/677 1071/608/1071
f 1160/343/1160 1156/334/1156 1155/67/1155 1161/180/1161
f 698/648/698 696/649/696 697/650/697 699/651/699
f 1056/645/1056 865/646/865 331/463/331 974/462/974
f 1066/488/1066 1096/106/1096 1097/105/1097 1071/608/1071
f 483/652/483 489/640/489 1021/545/1021 1020/544/1020
f 936/611/936 708/653/708 709/654/709 937/612/937
f 1055/655/1055 1001/201/1001 1002/200/1002 1056/645/1056
f 685/476/685 1087/195/1087 1068/289/1068 559/406/559
f 485/599/485 1153/564/1153 1130/503/1130 487/502/487
f 642/656/642 540/657/540 541/658/541 643/659/643
f 1055/655/1055 1056/645/1056 974/462/974 975/266/975
f 683/161/683 681/267/681 1141/151/1141 1140/162/1140
f 477/660/477 483/652/483 1020/544/1020 1019/559/1019
f 722/661/722 548/662/548 549/663/549 723/664/723
f 861/665/861 859/206/859 1001/201/1001 1055/655/1055
f 679/400/679 1062/249/1062 1072/484/1072 455/666/455
f 1152/598/1152 1151/259/1151 481/318/481 479/667/479
f 834/668/834 778/471/778 779/474/779 835/669/835
f 861/665/861 1055/655/1055 975/266/975 863/265/863
f 1066/488/1066 1071/608/1071 677/647/677 295/575/295
f 465/670/465 477/660/477 1019/559/1019 1017/579/1017
f 358/671/358 516/672/516 517/673/517 359/674/359
f 636/675/636 744/618/744 745/621/745 637/676/637
f 1034/11/1034 989/360/989 986/90/986 1007/23/1007
f 1149/263/1149 1148/262/1148 475/677/475 473/574/473
f 800/678/800 598/679/598 599/680/599 801/681/801
f 406/682/406 638/683/638 639/684/639 407/685/407
f 1041/686/1041 989/360/989 1034/11/1034 1035/10/1035
f 471/687/471 979/429/979 980/307/980 383/306/383
f 932/688/932 356/689/356 357/690/357 933/691/933
f 742/692/742 308/693/308 309/694/309 743/695/743
f 525/531/525 1135/211/1135 1136/696/1136 675/697/675
f 469/698/469 978/435/978 979/429/979 471/687/471
f 324/699/324 934/700/934 935/701/935 325/702/325
f 340/703/340 742/692/742 743/695/743 341/704/341
f 675/697/675 1136/696/1136 1114/482/1114 539/481/539
f 1018/705/1018 978/435/978 469/698/469 467/706/467
f 934/700/934 932/688/932 933/691/933 935/701/935
f 740/707/740 738/708/738 739/709/739 741/710/741
f 673/332/673 1138/163/1138 1140/162/1140 667/711/667
f 1018/705/1018 467/706/467 465/670/465 1017/579/1017
f 752/589/752 740/707/740 741/710/741 753/590/753
f 702/712/702 486/713/486 487/714/487 703/715/703
f 1153/564/1153 1152/598/1152 479/667/479 511/565/511
f 461/716/461 351/436/351 978/435/978 1018/705/1018
f 842/717/842 812/718/812 813/719/813 843/720/843
f 1054/721/1054 1004/174/1004 855/192/855 853/722/853
f 1040/723/1040 1041/686/1041 1035/10/1035 1036/724/1036
f 461/716/461 1018/705/1018 1017/579/1017 463/578/463
f 288/725/288 404/726/404 405/727/405 289/728/289
f 1054/721/1054 853/722/853 851/561/851 957/560/957
f 671/729/671 1041/686/1041 1040/723/1040 659/730/659
f 1072/484/1072 321/483/321 459/592/459 1119/591/1119
f 680/731/680 518/732/518 519/733/519 681/734/681
f 849/735/849 958/568/958 955/567/955 281/588/281
f 671/729/671 371/361/371 989/360/989 1041/686/1041
f 1072/484/1072 1120/477/1120 457/517/457 455/666/455
f 922/736/922 790/389/790 791/392/791 923/737/923
f 1053/738/1053 958/568/958 849/735/849 847/739/847
f 1066/488/1066 317/487/317 665/740/665 1096/106/1096
f 1072/484/1072 1119/591/1119 1121/478/1121 1120/477/1120
f 826/741/826 924/742/924 925/743/925 827/744/827
f 1053/738/1053 1006/175/1006 1004/174/1004 1054/721/1054
f 1067/498/1067 533/507/533 553/421/553 1069/411/1069
f 1073/24/1073 607/745/607 939/83/939 1122/82/1122
f 930/746/930 928/747/928 929/748/929 931/749/931
f 1053/738/1053 1054/721/1054 957/560/957 958/568/958
f 1067/498/1067 1098/370/1098 669/369/669 537/499/537
f 1073/24/1073 1122/82/1122 1123/449/1123 1124/237/1124
f 926/750/926 286/751/286 287/752/287 927/753/927
f 845/754/845 1006/175/1006 1053/738/1053 847/739/847
f 667/711/667 1140/162/1140 1141/151/1141 627/150/627
f 1121/478/1121 1119/591/1119 1129/504/1129 1076/582/1076
f 836/755/836 930/746/930 931/749/931 837/756/837
f 419/132/419 1005/131/1005 1006/175/1006 845/754/845
f 1136/696/1136 1135/211/1135 1137/203/1137 1104/171/1104
f 1076/582/1076 453/566/453 445/757/445 1121/478/1121
f 928/747/928 926/750/926 927/753/927 929/748/929
f 843/248/843 1145/247/1145 1146/300/1146 775/299/775
f 1176/107/1176 663/758/663 347/448/347 1123/449/1123
f 1016/514/1016 982/424/982 353/423/353 451/522/451
f 508/759/508 480/760/480 481/761/481 509/762/509
f 841/39/841 829/763/829 1111/179/1111 1109/40/1109
f 1176/107/1176 1096/106/1096 665/740/665 663/758/663
f 1073/24/1073 1125/27/1125 609/71/609 607/745/607
f 924/742/924 832/764/832 833/765/833 925/743/925
f 1159/96/1159 1160/343/1160 707/581/707 809/97/809
f 1067/498/1067 1069/411/1069 1099/384/1099 1098/370/1098
f 1015/766/1015 993/322/993 981/321/981 982/424/982
f 718/767/718 922/736/922 923/737/923 719/768/719
f 355/413/355 825/769/825 965/518/965 946/394/946
f 1039/770/1039 994/294/994 385/293/385 661/771/661
f 1015/766/1015 982/424/982 1016/514/1016 1014/513/1014
f 394/772/394 282/773/282 283/774/283 395/775/395
f 839/348/839 837/308/837 1166/227/1166 1165/310/1165
f 1039/770/1039 661/771/661 659/730/659 1040/723/1040
f 449/776/449 379/329/379 993/322/993 1015/766/1015
f 736/777/736 838/778/838 839/779/839 737/780/737
f 835/184/835 1144/61/1144 1116/284/1116 503/583/503
f 1039/770/1039 1040/723/1040 1036/724/1036 1037/781/1037
f 447/782/447 449/776/449 1015/766/1015 1014/513/1014
f 632/783/632 712/784/712 713/785/713 633/786/633
f 1173/59/1173 1080/147/1080 1079/410/1079 1174/60/1174
f 1038/787/1038 962/532/962 963/272/963 994/294/994
f 1073/24/1073 1124/237/1124 1074/35/1074 1126/25/1126
f 918/788/918 920/641/920 921/644/921 919/789/919
f 721/553/721 1170/295/1170 1171/324/1171 833/323/833
f 1038/787/1038 994/294/994 1039/770/1039 1037/781/1037
f 439/790/439 447/782/447 1014/513/1014 1012/512/1012
f 912/791/912 668/792/668 669/793/669 913/794/913
f 831/1/831 365/395/365 946/394/946 965/518/965
f 657/795/657 303/533/303 962/532/962 1038/787/1038
f 445/757/445 443/137/443 1131/136/1131 1121/478/1121
f 748/605/748 910/796/910 911/797/911 749/606/749
f 777/302/777 1147/301/1147 1148/262/1148 603/261/603
f 655/798/655 657/795/657 1038/787/1038 1037/781/1037
f 1013/799/1013 999/215/999 403/222/403 441/800/441
f 914/801/914 918/788/918 919/789/919 915/802/915
f 829/763/829 827/282/827 1162/176/1162 1111/179/1111
f 651/803/651 655/798/655 1037/781/1037 1036/724/1036
f 1013/799/1013 441/800/441 439/790/439 1012/512/1012
f 916/804/916 904/805/904 905/806/905 917/807/917
f 1148/262/1148 1147/301/1147 575/346/575 475/677/475
f 1136/696/1136 1104/171/1104 1103/129/1103 1114/482/1114
f 1010/14/1010 1000/13/1000 999/215/999 1013/799/1013
f 300/808/300 414/809/414 415/810/415 301/811/301
f 1163/364/1163 1164/239/1164 1092/242/1092 1088/485/1088
f 653/260/653 1151/259/1151 1152/598/1152 501/597/501
f 1010/14/1010 1013/799/1013 1012/512/1012 1011/511/1011
f 416/812/416 298/813/298 299/814/299 417/815/417
f 823/7/823 964/6/964 965/518/965 825/769/825
f 649/9/649 651/803/651 1036/724/1036 1035/10/1035
f 1010/14/1010 1011/511/1011 437/521/437 435/15/435
f 878/816/878 410/817/410 411/818/411 879/819/879
f 906/820/906 916/804/916 917/807/917 907/821/907
f 902/822/902 914/801/914 915/802/915 903/823/903
f 908/824/908 912/791/912 913/794/913 909/825/909
f 910/796/910 908/824/908 909/825/909 911/797/911
f 894/826/894 906/827/906 907/828/907 895/829/895
f 904/805/904 902/822/902 903/823/903 905/806/905
f 690/830/690 758/584/758 759/585/759 691/831/691
f 900/832/900 290/833/290 291/834/291 901/835/901
f 898/836/898 900/832/900 901/835/901 899/837/899
f 896/838/896 898/836/898 899/837/899 897/839/897
f 336/840/336 896/838/896 897/839/897 337/841/337
f 892/842/892 894/826/894 895/829/895 893/843/893
f 890/844/890 892/842/892 893/843/893 891/845/891
f 888/846/888 890/844/890 891/845/891 889/847/889
f 886/848/886 888/846/888 889/847/889 887/849/887
f 884/850/884 886/848/886 887/849/887 885/851/885
f 882/852/882 884/850/884 885/851/885 883/853/883
f 850/854/850 882/852/882 883/853/883 851/855/851
f 362/856/362 880/857/880 881/858/881 363/859/363
f 880/857/880 878/816/878 879/819/879 881/858/881
f 400/860/400 876/861/876 877/862/877 401/863/401
f 876/861/876 874/864/874 875/865/875 877/862/877
f 874/864/874 872/866/872 873/867/873 875/865/875
f 872/866/872 870/868/870 871/869/871 873/867/873
f 870/868/870 868/870/868 869/871/869 871/869/871
f 868/870/868 862/872/862 863/873/863 869/871/869
f 412/874/412 866/875/866 867/876/867 413/877/413
f 866/875/866 864/878/864 865/879/865 867/876/867
f 864/878/864 330/880/330 331/881/331 865/879/865
f 862/872/862 860/882/860 861/883/861 863/873/863
f 860/882/860 858/884/858 859/885/859 861/883/861
f 858/884/858 856/886/856 857/887/857 859/885/859
f 856/886/856 854/888/854 855/889/855 857/887/857
f 854/888/854 852/890/852 853/891/853 855/889/855
f 852/890/852 850/854/850 851/855/851 853/891/853
f 280/892/280 848/893/848 849/894/849 281/895/281
f 848/893/848 846/896/846 847/897/847 849/894/849
f 846/896/846 844/898/844 845/899/845 847/897/847
f 844/898/844 418/900/418 419/901/419 845/899/845
f 774/524/774 842/717/842 843/720/843 775/525/775
f 840/902/840 828/903/828 829/904/829 841/905/841
f 706/906/706 808/907/808 809/908/809 707/909/707
f 354/910/354 824/911/824 825/912/825 355/913/355
f 838/778/838 836/755/836 837/756/837 839/779/839
f 502/914/502 834/668/834 835/669/835 503/915/503
f 832/764/832 720/916/720 721/917/721 833/765/833
f 830/593/830 364/918/364 365/919/365 831/594/831
f 602/920/602 776/523/776 777/526/777 603/921/603
f 828/903/828 826/741/826 827/744/827 829/904/829
f 574/922/574 474/923/474 475/924/475 575/925/575
f 824/911/824 822/926/822 823/927/823 825/912/825
f 822/926/822 820/928/820 821/929/821 823/927/823
f 820/930/820 818/931/818 819/932/819 821/933/821
f 818/931/818 816/934/816 817/935/817 819/932/819
f 816/934/816 814/936/814 815/937/815 817/935/817
f 814/936/814 772/527/772 773/528/773 815/937/815
f 812/718/812 780/466/780 781/469/781 813/719/813
f 810/938/810 768/536/768 769/539/769 811/939/811
f 806/940/806 810/938/810 811/939/811 807/941/807
f 808/907/808 520/942/520 521/943/521 809/908/809
f 804/944/804 806/940/806 807/941/807 805/945/805
f 802/946/802 804/944/804 805/945/805 803/947/803
f 798/93/798 802/946/802 803/947/803 799/94/799
f 442/948/442 800/678/800 801/681/801 443/949/443
f 1/950/1 17/951/17 280/952/280 282/953/282
f 266/954/266 284/614/284 286/751/286 265/955/265
f 1/950/1 18/956/18 2/957/2 17/951/17
f 1/950/1 288/958/288 290/959/290 18/956/18
f 157/960/157 292/961/292 294/962/294 147/963/147
f 2/957/2 19/964/19 20/965/20 17/951/17
f 2/957/2 21/966/21 22/967/22 19/964/19
f 2/957/2 18/956/18 23/968/23 24/969/24
f 2/957/2 24/969/24 25/970/25 21/966/21
f 3/971/3 26/972/26 296/973/296 298/974/298
f 3/971/3 27/975/27 28/976/28 26/972/26
f 3/971/3 300/977/300 302/978/302 27/975/27
f 306/979/306 151/980/151 201/981/201 304/982/304
f 308/983/308 200/984/200 151/980/151 306/979/306
f 4/985/4 29/986/29 30/987/30 830/988/830
f 4/985/4 762/989/762 31/990/31 32/991/32
f 4/985/4 32/991/32 33/992/33 29/986/29
f 312/993/312 34/994/34 35/995/35 310/549/310
f 312/993/312 314/541/314 36/996/36 37/997/37
f 312/993/312 37/997/37 38/998/38 34/994/34
f 157/960/157 147/963/147 316/999/316 318/1000/318
f 320/1001/320 322/1002/322 143/1003/143 154/1004/154
f 5/1005/5 39/1006/39 40/1007/40 11/1008/11
f 5/1005/5 11/1008/11 324/1009/324 326/1010/326
f 5/1005/5 328/1011/328 330/1012/330 39/1006/39
f 6/1013/6 332/1014/332 334/1015/334 8/1016/8
f 6/1013/6 41/1017/41 336/1018/336 338/1019/338
f 342/1020/342 207/1021/207 208/1022/208 340/1023/340
f 346/1024/346 217/1025/217 218/1026/218 344/1027/344
f 6/1013/6 8/1016/8 42/1028/42 41/1017/41
f 348/1029/348 350/1030/350 43/1031/43 44/1032/44
f 348/1029/348 44/1032/44 45/1033/45 46/1034/46
f 348/1029/348 46/1034/46 47/1035/47 352/1036/352
f 269/1037/269 270/1038/270 164/1039/164 161/1040/161
f 7/1041/7 354/1042/354 356/1043/356 48/1044/48
f 360/1045/360 175/1046/175 171/1047/171 358/1048/358
f 7/1041/7 48/1044/48 9/1049/9 49/1050/49
f 7/1041/7 49/1050/49 362/1051/362 364/1052/364
f 8/1016/8 50/1053/50 51/1054/51 52/1055/52
f 8/1016/8 334/1015/334 366/1056/366 50/1053/50
f 8/1016/8 52/1055/52 53/1057/53 42/1028/42
f 368/1058/368 54/1059/54 55/1060/55 56/1061/56
f 368/1058/368 370/1062/370 57/1063/57 54/1059/54
f 368/1058/368 56/1061/56 58/1064/58 372/1065/372
f 157/960/157 195/1066/195 374/1067/374 292/961/292
f 9/1049/9 48/1044/48 59/1068/59 60/1069/60
f 9/1049/9 61/1070/61 62/1071/62 49/1050/49
f 10/1072/10 376/1073/376 378/1074/378 63/1075/63
f 10/1072/10 63/1075/63 46/1034/46 45/1033/45
f 10/1072/10 6/1013/6 338/1019/338 376/1073/376
f 10/1072/10 380/1076/380 332/1014/332 6/1013/6
f 10/1072/10 45/1033/45 382/1077/382 380/1076/380
f 386/1078/386 28/976/28 64/1079/64 384/1080/384
f 156/1081/156 221/1082/221 388/1083/388 390/1084/390
f 386/1078/386 392/1085/392 65/1086/65 66/1087/66
f 386/1078/386 66/1087/66 26/972/26 28/976/28
f 11/1008/11 40/1007/40 67/1088/67 68/1089/68
f 11/1008/11 68/1089/68 69/1090/69 70/1091/70
f 12/1092/12 394/1093/394 396/1094/396 71/1095/71
f 156/1081/156 398/1096/398 344/1027/344 218/1026/218
f 304/982/304 201/981/201 135/1097/135 400/1098/400
f 12/1092/12 72/1099/72 402/1100/402 404/1101/404
f 12/1092/12 71/1095/71 73/1102/73 72/1099/72
f 13/1103/13 74/1104/74 75/1105/75 76/1106/76
f 13/1103/13 76/1106/76 77/1107/77 78/1108/78
f 13/1103/13 79/1109/79 80/1110/80 74/1104/74
f 13/1103/13 78/1108/78 14/1111/14 81/1112/81
f 13/1103/13 81/1112/81 82/1113/82 79/1109/79
f 156/1081/156 145/1114/145 406/1115/406 398/1096/398
f 410/1116/410 202/1117/202 191/1118/191 408/1119/408
f 14/1111/14 78/1108/78 412/1120/412 414/1121/414
f 14/1111/14 416/1122/416 418/1123/418 81/1112/81
f 15/1124/15 420/1125/420 422/1126/422 55/1060/55
f 15/1124/15 424/1127/424 328/1011/328 5/1005/5
f 15/1124/15 5/1005/5 326/1010/326 420/1125/420
f 15/1124/15 55/1060/55 54/1059/54 83/1128/83
f 15/1124/15 83/1128/83 426/1129/426 424/1127/424
f 16/1130/16 84/1131/84 85/1132/85 428/1133/428
f 73/1102/73 71/1095/71 84/1131/84 16/1130/16
f 16/1130/16 428/1133/428 430/1134/430 73/1102/73
f 390/1084/390 432/1135/432 145/1114/145 156/1081/156
f 155/1136/155 219/1137/219 222/1138/222 221/1082/221
f 430/1134/430 434/1139/434 86/1140/86 73/1102/73
f 86/1140/86 434/1139/434 436/1141/436 87/1142/87
f 86/1140/86 87/1142/87 88/1143/88 89/1144/89
f 86/1140/86 89/1144/89 72/1099/72 73/1102/73
f 89/1144/89 88/1143/88 438/1145/438 440/1146/440
f 89/1144/89 440/1146/440 402/1100/402 72/1099/72
f 444/1147/444 213/1148/213 226/1149/226 442/948/442
f 438/1145/438 88/1143/88 90/1150/90 446/1151/446
f 155/1136/155 221/1082/221 156/1081/156 218/1026/218
f 446/1151/446 90/1150/90 91/1152/91 448/1153/448
f 448/1153/448 91/1152/91 63/1075/63 378/1074/378
f 91/1152/91 90/1150/90 92/1154/92 47/1035/47
f 91/1152/91 47/1035/47 46/1034/46 63/1075/63
f 155/1136/155 214/1155/214 220/1156/220 219/1137/219
f 92/1154/92 450/1157/450 352/1036/352 47/1035/47
f 158/1158/158 213/1148/213 444/1147/444 452/1159/452
f 213/1148/213 158/1158/158 224/1160/224 211/1161/211
f 155/1136/155 218/1026/218 217/1025/217 216/1162/216
f 155/1136/155 216/1162/216 215/1163/215 214/1155/214
f 154/1004/154 212/1164/212 213/1148/213 211/1161/211
f 154/1004/154 454/1165/454 456/1166/456 212/1164/212
f 154/1004/154 211/1161/211 458/1167/458 320/1001/320
f 460/1168/460 462/1169/462 93/1170/93 94/1171/94
f 460/1168/460 94/1171/94 43/1031/43 350/1030/350
f 94/1171/94 93/1170/93 464/1172/464 466/1173/466
f 94/1171/94 466/1173/466 468/1174/468 43/1031/43
f 468/1174/468 470/1175/470 44/1032/44 43/1031/43
f 470/1175/470 382/1077/382 45/1033/45 44/1032/44
f 244/1176/244 472/1177/472 474/923/474 243/1178/243
f 464/1172/464 93/1170/93 95/1179/95 476/1180/476
f 247/1181/247 478/1182/478 480/760/480 246/1183/246
f 476/1180/476 95/1179/95 96/1184/96 482/1185/482
f 484/1186/484 486/1187/486 225/1188/225 248/1189/248
f 482/1185/482 96/1184/96 97/1190/97 488/1191/488
f 255/1192/255 256/1193/256 250/1194/250 251/1195/251
f 488/1191/488 97/1190/97 98/1196/98 490/1197/490
f 98/1196/98 97/1190/97 492/1198/492 494/1199/494
f 153/1200/153 210/1201/210 209/1202/209 208/1022/208
f 496/1203/496 498/1204/498 245/1205/245 244/1176/244
f 153/1200/153 208/1022/208 207/1021/207 182/1206/182
f 500/1207/500 484/1186/484 248/1189/248 247/1181/247
f 504/1208/504 170/1209/170 168/1210/168 206/1211/206
f 210/1201/210 199/1212/199 200/984/200 209/1202/209
f 504/1208/504 206/1211/206 205/1213/205 502/914/502
f 158/1158/158 452/1159/452 225/1188/225 224/1160/224
f 462/1169/462 506/1214/506 95/1179/95 93/1170/93
f 245/1205/245 508/759/508 472/1177/472 244/1176/244
f 248/1189/248 225/1188/225 452/1159/452 510/1215/510
f 506/1214/506 512/1216/512 96/1184/96 95/1179/95
f 514/1217/514 516/1218/516 172/1219/172 149/1220/149
f 512/1216/512 492/1198/492 97/1190/97 96/1184/96
f 98/1196/98 494/1199/494 518/732/518 237/1221/237
f 504/1208/504 520/942/520 204/1222/204 170/1209/170
f 522/1223/522 524/1224/524 230/1225/230 228/1226/228
f 152/1227/152 526/1228/526 528/1229/528 187/1230/187
f 436/1141/436 450/1157/450 92/1154/92 87/1142/87
f 229/1231/229 212/1164/212 456/1166/456 530/1232/530
f 87/1142/87 92/1154/92 90/1150/90 88/1143/88
f 229/1231/229 530/1232/530 522/1223/522 228/1226/228
f 152/1227/152 148/1233/148 532/1234/532 526/1228/526
f 152/1227/152 534/1235/534 536/1236/536 148/1233/148
f 271/1237/271 272/1238/272 182/1206/182 207/1021/207
f 152/1227/152 187/1230/187 188/1239/188 203/1240/203
f 152/1227/152 203/1240/203 538/1241/538 534/1235/534
f 151/980/151 191/1118/191 202/1117/202 201/981/201
f 157/960/157 318/1000/318 540/1242/540 223/1243/223
f 151/980/151 200/984/200 199/1212/199 190/1244/190
f 542/1245/542 544/1246/544 197/1247/197 256/1193/256
f 546/1248/546 548/662/548 198/1249/198 196/1250/196
f 546/1248/546 194/1251/194 197/1247/197 544/1246/544
f 546/1248/546 196/1250/196 195/1066/195 194/1251/194
f 253/1252/253 169/1253/169 170/1209/170 204/1222/204
f 150/1254/150 184/1255/184 193/1256/193 192/1257/192
f 550/1258/550 490/1197/490 98/1196/98 237/1221/237
f 150/1254/150 50/1053/50 366/1056/366 552/1259/552
f 241/1260/241 554/1261/554 556/472/556 240/1262/240
f 150/1254/150 192/1257/192 51/1054/51 50/1053/50
f 149/1220/149 558/1263/558 408/1119/408 191/1118/191
f 149/1220/149 191/1118/191 151/980/151 190/1244/190
f 560/1264/560 562/1265/562 99/1266/99 100/1267/100
f 560/1264/560 100/1267/100 65/1086/65 392/1085/392
f 100/1267/100 99/1266/99 564/1268/564 566/1269/566
f 100/1267/100 566/1269/566 568/1270/568 65/1086/65
f 568/1270/568 570/1271/570 66/1087/66 65/1086/65
f 570/1271/570 296/973/296 26/972/26 66/1087/66
f 564/1268/564 99/1266/99 101/1272/101 572/1273/572
f 242/1274/242 574/922/574 554/1261/554 241/1260/241
f 572/1273/572 101/1272/101 102/1275/102 576/1276/576
f 578/1277/578 580/1278/580 251/1195/251 250/1194/250
f 576/1276/576 102/1275/102 103/1279/103 582/1280/582
f 253/1252/253 204/1222/204 254/1281/254 252/1282/252
f 582/1280/582 103/1279/103 104/1283/104 584/1284/584
f 588/1285/588 260/1286/260 178/1287/178 586/1288/586
f 584/1284/584 104/1283/104 105/1289/105 590/1290/590
f 149/1220/149 190/1244/190 592/1291/592 514/1217/514
f 590/1290/590 105/1289/105 106/1292/106 594/1293/594
f 232/1294/232 189/1295/189 596/1296/596 598/679/598
f 594/1293/594 106/1292/106 107/1297/107 600/1298/600
f 602/1299/602 496/1203/496 244/1176/244 243/1178/243
f 600/1298/600 107/1297/107 108/1300/108 604/1301/604
f 608/1302/608 220/1156/220 214/1155/214 606/1303/606
f 604/1301/604 108/1300/108 109/1304/109 610/1305/610
f 610/1305/610 109/1304/109 85/1132/85 612/1306/612
f 612/1306/612 85/1132/85 84/1131/84 614/1307/614
f 614/1307/614 84/1131/84 71/1095/71 396/1094/396
f 109/1304/109 108/1300/108 616/1308/616 618/1309/618
f 109/1304/109 618/1309/618 428/1133/428 85/1132/85
f 180/1310/180 176/1311/176 174/1312/174 175/1046/175
f 108/1300/108 107/1297/107 620/1313/620 616/1308/616
f 622/1314/622 596/1296/596 189/1295/189 188/1239/188
f 107/1297/107 106/1292/106 624/1315/624 620/1313/620
f 626/1316/626 550/1258/550 237/1221/237 236/1317/236
f 106/1292/106 105/1289/105 628/1318/628 624/1315/624
f 622/1314/622 188/1239/188 187/1230/187 186/1319/186
f 105/1289/105 104/1283/104 630/1320/630 628/1318/628
f 622/1314/622 186/1319/186 185/1321/185 632/783/632
f 104/1283/104 103/1279/103 634/1322/634 630/1320/630
f 636/1323/636 638/1324/638 169/1253/169 253/1252/253
f 103/1279/103 102/1275/102 640/1325/640 634/1322/634
f 642/1326/642 578/1277/578 250/1194/250 249/1327/249
f 102/1275/102 101/1272/101 644/1328/644 640/1325/640
f 157/960/157 223/1243/223 194/1251/194 195/1066/195
f 101/1272/101 99/1266/99 562/1265/562 644/1328/644
f 426/1129/426 83/1128/83 110/1329/110 646/1330/646
f 646/1330/646 110/1329/110 111/1331/111 648/1332/648
f 648/1332/648 111/1331/111 112/1333/112 650/1334/650
f 652/1335/652 500/1207/500 247/1181/247 246/1183/246
f 231/1336/231 203/1240/203 188/1239/188 189/1295/189
f 650/1334/650 112/1333/112 113/1337/113 654/1338/654
f 654/1338/654 113/1337/113 114/1339/114 656/1340/656
f 656/1340/656 114/1339/114 27/975/27 302/978/302
f 114/1339/114 113/1337/113 115/1341/115 64/1079/64
f 114/1339/114 64/1079/64 28/976/28 27/975/27
f 115/1341/115 113/1337/113 112/1333/112 116/1342/116
f 115/1341/115 116/1342/116 658/1343/658 660/1344/660
f 115/1341/115 660/1344/660 384/1080/384 64/1079/64
f 148/1233/148 183/1345/183 184/1255/184 150/1254/150
f 273/1346/273 662/1347/662 664/1348/664 181/1349/181
f 273/1346/273 217/1025/217 346/1024/346 662/1347/662
f 231/1336/231 189/1295/189 232/1294/232 230/1225/230
f 666/1350/666 626/1316/626 236/1317/236 235/1351/235
f 148/1233/148 536/1236/536 668/1352/668 183/1345/183
f 148/1233/148 150/1254/150 552/1259/552 532/1234/532
f 147/963/147 181/1349/181 664/1348/664 316/999/316
f 670/1353/670 117/1354/117 57/1063/57 370/1062/370
f 670/1353/670 658/1343/658 116/1342/116 117/1354/117
f 116/1342/116 112/1333/112 111/1331/111 117/1354/117
f 248/1189/248 510/1215/510 478/1182/478 247/1181/247
f 672/1355/672 666/1350/666 235/1351/235 233/1356/233
f 674/1357/674 538/1241/538 203/1240/203 231/1336/231
f 524/1224/524 674/1357/674 231/1336/231 230/1225/230
f 117/1354/117 111/1331/111 110/1329/110 57/1063/57
f 110/1329/110 83/1128/83 54/1059/54 57/1063/57
f 147/963/147 294/962/294 676/1358/676 153/1200/153
f 678/1359/678 454/1165/454 154/1004/154 143/1003/143
f 682/116/682 235/1351/235 236/1317/236 680/731/680
f 684/1360/684 558/1263/558 149/1220/149 172/1219/172
f 147/963/147 153/1200/153 182/1206/182 181/1349/181
f 210/1201/210 153/1200/153 676/1358/676 686/1361/686
f 210/1201/210 686/1361/686 688/1362/688 199/1212/199
f 684/1360/684 146/1363/146 690/1364/690
f 272/1238/272 216/1162/216 217/1025/217 273/1346/273
f 270/1038/270 220/1156/220 608/1302/608 692/1365/692
f 696/1366/696 162/1367/162 159/1368/159 694/1369/694
f 700/1370/700 222/1138/222 268/1371/268 698/1372/698
f 702/1373/702 458/1167/458 211/1161/211 224/1160/224
f 271/1237/271 207/1021/207 342/1020/342 704/1374/704
f 177/1375/177 173/1376/173 174/1312/174 176/1311/176
f 542/1245/542 256/1193/256 255/1192/255 706/906/706
f 708/1377/708 180/1310/180 175/1046/175 360/1045/360
f 688/1362/688 592/1291/592 190/1244/190 199/1212/199
f 712/784/712 234/1378/234 233/1356/233 710/115/710
f 716/1379/716 206/1211/206 168/1210/168 714/1380/714
f 718/1381/718 720/1382/720 265/955/265 264/1383/264
f 257/1384/257 722/661/722 724/615/724 267/1385/267
f 422/1126/422 726/1386/726 56/1061/56 55/1060/55
f 726/1386/726 728/1387/728 58/1064/58 56/1061/56
f 728/1387/728 730/1388/730 118/1389/118 58/1064/58
f 261/1390/261 260/1286/260 588/1285/588 732/1391/732
f 249/1327/249 197/1247/197 194/1251/194 223/1243/223
f 118/1389/118 734/134/734 372/1065/372 58/1064/58
f 738/708/738 176/1311/176 180/1310/180 179/1392/179
f 738/708/738 179/1392/179 178/1287/178 736/777/736
f 486/1187/486 702/1373/702 224/1160/224 225/1188/225
f 738/708/738 740/707/740 177/1375/177 176/1311/176
f 146/1363/146 171/1047/171 175/1046/175 174/1312/174
f 146/1363/146 174/1312/174 173/1376/173 690/1364/690
f 226/1149/226 213/1148/213 212/1164/212 229/1231/229
f 146/1363/146 684/1360/684 172/1219/172 171/1047/171
f 340/1023/340 208/1022/208 209/1202/209 742/1393/742
f 742/1393/742 209/1202/209 200/984/200 308/983/308
f 145/1114/145 169/1253/169 638/1324/638 406/1115/406
f 744/1394/744 636/1323/636 253/1252/253 252/1282/252
f 145/1114/145 168/1210/168 170/1209/170 169/1253/169
f 145/1114/145 432/1135/432 714/1380/714 168/1210/168
f 144/1395/144 163/1396/163 167/1397/167 166/1398/166
f 746/1399/746 205/1213/205 206/1211/206 716/1379/716
f 580/1278/580 744/1394/744 252/1282/252 251/1195/251
f 144/1395/144 166/1398/166 165/1400/165 160/1401/160
f 144/1395/144 161/1040/161 164/1039/164 163/1396/163
f 144/1395/144 159/1368/159 162/1367/162 161/1040/161
f 267/1385/267 724/615/724 284/614/284 266/954/266
f 143/1003/143 160/1401/160 748/1402/748 678/1359/678
f 750/1403/750 186/1319/186 187/1230/187 528/1229/528
f 143/1003/143 159/1368/159 144/1395/144 160/1401/160
f 752/589/752 754/550/754 120/1404/120 259/1405/259
f 259/1405/259 120/1404/120 119/1406/119 258/1407/258
f 258/1407/258 119/1406/119 756/1408/756 758/1409/758
f 760/1410/760 185/1321/185 186/1319/186 750/1403/750
f 756/1408/756 119/1406/119 31/990/31 762/989/762
f 234/1378/234 185/1321/185 760/1410/760 764/1411/764
f 119/1406/119 120/1404/120 35/995/35 31/990/31
f 234/1378/234 764/1411/764 672/1355/672 233/1356/233
f 120/1404/120 754/550/754 310/549/310 35/995/35
f 766/537/766 121/1412/121 36/996/36 314/541/314
f 766/537/766 768/536/768 122/1413/122 121/1412/121
f 122/1413/122 770/1414/770 772/1415/772 121/1412/121
f 774/1416/774 776/1417/776 242/1274/242 241/1260/241
f 240/1262/240 556/472/556 778/471/778 238/1418/238
f 239/1419/239 205/1213/205 746/1399/746 780/1420/780
f 770/1414/770 122/1413/122 123/1421/123 782/1422/782
f 782/1422/782 123/1421/123 124/1423/124 784/1424/784
f 498/1204/498 652/1335/652 246/1183/246 245/1205/245
f 143/1003/143 322/1002/322 694/1369/694 159/1368/159
f 784/1424/784 124/1423/124 125/1425/125 786/1426/786
f 786/1426/786 125/1425/125 126/1427/126 788/1428/788
f 732/1391/732 790/1429/790 262/1430/262 261/1390/261
f 788/1428/788 126/1427/126 127/1431/127 792/1432/792
f 227/1433/227 228/1226/228 230/1225/230 232/1294/232
f 226/1149/226 229/1231/229 228/1226/228 227/1433/227
f 792/1432/792 127/1431/127 128/1434/128 794/1435/794
f 794/1435/794 128/1434/128 118/1389/118 730/1388/730
f 256/1193/256 197/1247/197 249/1327/249 250/1194/250
f 118/1389/118 128/1434/128 796/92/796 734/134/734
f 710/115/710 233/1356/233 235/1351/235 682/116/682
f 128/1434/128 127/1431/127 798/93/798 796/92/796
f 226/1149/226 227/1433/227 800/678/800 442/948/442
f 127/1431/127 126/1427/126 802/946/802 798/93/798
f 126/1427/126 125/1425/125 804/944/804 802/946/802
f 125/1425/125 124/1423/124 806/940/806 804/944/804
f 254/1281/254 204/1222/204 520/942/520 808/907/808
f 124/1423/124 123/1421/123 810/938/810 806/940/806
f 123/1421/123 122/1413/122 768/536/768 810/938/810
f 239/1419/239 780/1420/780 812/1436/812 238/1418/238
f 772/1415/772 814/1437/814 36/996/36 121/1412/121
f 814/1437/814 816/1438/816 37/997/37 36/996/36
f 816/1438/816 818/1439/818 38/998/38 37/997/37
f 818/1439/818 820/1440/820 33/992/33 38/998/38
f 820/1440/820 822/1441/822 29/986/29 33/992/33
f 822/1441/822 824/1442/824 30/987/30 29/986/29
f 258/1407/258 173/1376/173 177/1375/177 259/1405/259
f 243/1178/243 474/923/474 574/922/574 242/1274/242
f 828/1443/828 198/1249/198 257/1384/257 826/1444/826
f 776/1417/776 602/1299/602 243/1178/243 242/1274/242
f 830/988/830 30/987/30 7/1041/7 364/1052/364
f 720/1382/720 832/1445/832 266/954/266 265/955/265
f 268/1371/268 269/1037/269 161/1040/161 162/1367/162
f 834/668/834 502/914/502 205/1213/205 239/1419/239
f 838/778/838 260/1286/260 261/1390/261 836/755/836
f 354/1042/354 7/1041/7 30/987/30 824/1442/824
f 254/1281/254 808/907/808 706/906/706 255/1192/255
f 840/1446/840 196/1250/196 198/1249/198 828/1443/828
f 842/1447/842 774/1416/774 241/1260/241 240/1262/240
f 418/1123/418 844/1448/844 82/1113/82 81/1112/81
f 844/1448/844 846/1449/846 129/1450/129 82/1113/82
f 129/1450/129 20/965/20 19/964/19 130/1451/130
f 129/1450/129 130/1451/130 79/1109/79 82/1113/82
f 129/1450/129 846/1449/846 848/1452/848 20/965/20
f 848/1452/848 280/952/280 17/951/17 20/965/20
f 130/1451/130 19/964/19 22/967/22 131/1453/131
f 130/1451/130 131/1453/131 80/1110/80 79/1109/79
f 131/1453/131 22/967/22 850/1454/850 852/1455/852
f 131/1453/131 852/1455/852 854/1456/854 80/1110/80
f 854/1456/854 856/1457/856 74/1104/74 80/1110/80
f 856/1457/856 858/1458/858 75/1105/75 74/1104/74
f 858/1458/858 860/1459/860 132/1460/132 75/1105/75
f 132/1460/132 860/1459/860 862/1461/862 67/1088/67
f 132/1460/132 67/1088/67 40/1007/40 133/1462/133
f 132/1460/132 133/1462/133 76/1106/76 75/1105/75
f 133/1462/133 40/1007/40 39/1006/39 134/1463/134
f 133/1462/133 134/1463/134 77/1107/77 76/1106/76
f 134/1463/134 39/1006/39 330/1012/330 864/1464/864
f 134/1463/134 864/1464/864 866/1465/866 77/1107/77
f 866/1465/866 412/1120/412 78/1108/78 77/1107/77
f 862/1461/862 868/1466/868 68/1089/68 67/1088/67
f 868/1466/868 870/1467/870 69/1090/69 68/1089/68
f 870/1467/870 872/1468/872 60/1069/60 69/1090/69
f 872/1468/872 874/1469/874 9/1049/9 60/1069/60
f 874/1469/874 876/1470/876 61/1070/61 9/1049/9
f 876/1470/876 400/1098/400 135/1097/135 61/1070/61
f 135/1097/135 136/1471/136 62/1071/62 61/1070/61
f 136/1471/136 878/1472/878 880/1473/880 62/1071/62
f 880/1473/880 362/1051/362 49/1050/49 62/1071/62
f 850/1454/850 22/967/22 21/966/21 882/1474/882
f 882/1474/882 21/966/21 25/970/25 884/1475/884
f 884/1475/884 25/970/25 137/1476/137 886/1477/886
f 886/1477/886 137/1476/137 138/1478/138 888/1479/888
f 888/1479/888 138/1478/138 53/1057/53 890/1480/890
f 890/1480/890 53/1057/53 52/1055/52 892/1481/892
f 892/1481/892 52/1055/52 51/1054/51 894/1482/894
f 138/1478/138 139/1483/139 42/1028/42 53/1057/53
f 138/1478/138 137/1476/137 140/1484/140 139/1483/139
f 140/1484/140 141/1485/141 142/1486/142 139/1483/139
f 140/1484/140 137/1476/137 25/970/25 24/969/24
f 140/1484/140 24/969/24 23/968/23 141/1485/141
f 142/1486/142 896/1487/896 336/1018/336 41/1017/41
f 142/1486/142 41/1017/41 42/1028/42 139/1483/139
f 142/1486/142 141/1485/141 898/1488/898 896/1487/896
f 898/1488/898 141/1485/141 23/968/23 900/1489/900
f 900/1489/900 23/968/23 18/956/18 290/959/290
f 758/1409/758 690/1364/690 173/1376/173 258/1407/258
f 275/1490/275 193/1256/193 184/1255/184 276/1491/276
f 902/1492/902 904/1493/904 275/1490/275 274/1494/274
f 906/1495/906 894/1482/894 51/1054/51 192/1257/192
f 277/1496/277 278/1497/278 165/1400/165 166/1398/166
f 908/1498/908 910/1499/910 165/1400/165 278/1497/278
f 279/1500/279 912/1501/912 908/1498/908 278/1497/278
f 277/1496/277 166/1398/166 167/1397/167 274/1494/274
f 914/1502/914 902/1492/902 274/1494/274 167/1397/167
f 277/1496/277 276/1491/276 279/1500/279 278/1497/278
f 916/1503/916 906/1495/906 192/1257/192 193/1256/193
f 136/1471/136 202/1117/202 410/1116/410 878/1472/878
f 416/1122/416 14/1111/14 3/971/3 298/974/298
f 135/1097/135 201/981/201 202/1117/202 136/1471/136
f 14/1111/14 414/1121/414 300/977/300 3/971/3
f 904/1493/904 916/1503/916 193/1256/193 275/1490/275
f 275/1490/275 276/1491/276 277/1496/277 274/1494/274
f 918/1504/918 914/1502/914 167/1397/167 163/1396/163
f 279/1500/279 276/1491/276 184/1255/184 183/1345/183
f 910/1499/910 748/1402/748 160/1401/160 165/1400/165
f 279/1500/279 183/1345/183 668/1352/668 912/1501/912
f 920/1505/920 918/1504/918 163/1396/163 164/1039/164
f 712/784/712 632/783/632 185/1321/185 234/1378/234
f 838/778/838 736/777/736 178/1287/178 260/1286/260
f 254/1281/254 255/1192/255 251/1195/251 252/1282/252
f 394/1093/394 12/1092/12 1/950/1 282/953/282
f 922/1506/922 718/1381/718 264/1383/264 263/1507/263
f 832/1445/832 924/1508/924 267/1385/267 266/954/266
f 246/1183/246 480/760/480 508/759/508 245/1205/245
f 264/1383/264 926/750/926 928/747/928 263/1507/263
f 262/1430/262 930/746/930 836/755/836 261/1390/261
f 265/955/265 286/751/286 926/750/926 264/1383/264
f 263/1507/263 928/747/928 930/746/930 262/1430/262
f 924/1508/924 826/1444/826 257/1384/257 267/1385/267
f 790/1429/790 922/1506/922 263/1507/263 262/1430/262
f 680/731/680 236/1317/236 237/1221/237 518/732/518
f 288/958/288 1/950/1 12/1092/12 404/1101/404
f 812/1436/812 842/1447/842 240/1262/240 238/1418/238
f 259/1405/259 177/1375/177 740/707/740 752/589/752
f 70/1091/70 59/1068/59 932/1509/932 934/1510/934
f 70/1091/70 934/1510/934 324/1009/324 11/1008/11
f 70/1091/70 69/1090/69 60/1069/60 59/1068/59
f 932/1509/932 59/1068/59 48/1044/48 356/1043/356
f 800/678/800 227/1433/227 232/1294/232 598/679/598
f 358/1048/358 171/1047/171 172/1219/172 516/1218/516
f 834/668/834 239/1419/239 238/1418/238 778/471/778
f 257/1384/257 198/1249/198 548/662/548 722/661/722
f 540/1242/540 642/1326/642 249/1327/249 223/1243/223
f 936/1511/936 179/1392/179 180/1310/180 708/1377/708
f 268/1371/268 162/1367/162 696/1366/696 698/1372/698
f 270/1038/270 692/1365/692 920/1505/920 164/1039/164
f 388/1083/388 221/1082/221 222/1138/222 700/1370/700
f 938/1512/938 215/1163/215 271/1237/271 704/1374/704
f 272/1238/272 273/1346/273 181/1349/181 182/1206/182
f 606/1303/606 214/1155/214 215/1163/215 938/1512/938
f 271/1237/271 215/1163/215 216/1162/216 272/1238/272
f 269/1037/269 219/1137/219 220/1156/220 270/1038/270
f 268/1371/268 222/1138/222 219/1137/219 269/1037/269
f 586/1288/586 178/1287/178 179/1392/179 936/1511/936
f 374/1067/374 195/1066/195 196/1250/196 840/1446/840
f 38/998/38 33/992/33 32/991/32 34/994/34
f 35/995/35 34/994/34 32/991/32 31/990/31
f 762/989/762 4/985/4 830/988/830
f 282/773/282 280/892/280 281/895/281 283/774/283
f 286/751/286 284/614/284 285/617/285 287/752/287
f 290/833/290 288/725/288 289/728/289 291/834/291
f 294/1513/294 292/1514/292 293/1515/293 295/1516/295
f 298/813/298 296/1517/296 297/1518/297 299/814/299
f 302/1519/302 300/1520/300 301/1521/301 303/1522/303
f 306/1523/306 304/1524/304 305/1525/305 307/1526/307
f 308/693/308 306/1523/306 307/1526/307 309/694/309
f 312/993/312 310/549/310 311/552/311 313/1527/313
f 314/541/314 312/993/312 313/1527/313 315/542/315
f 318/1528/318 316/1529/316 317/1530/317 319/1531/319
f 322/442/322 320/1532/320 321/1533/321 323/443/323
f 326/1534/326 324/699/324 325/702/325 327/1535/327
f 330/880/330 328/1536/328 329/1537/329 331/881/331
f 334/1538/334 332/1539/332 333/1540/333 335/1541/335
f 338/1542/338 336/840/336 337/841/337 339/1543/339
f 342/1544/342 340/703/340 341/704/341 343/1545/343
f 346/1546/346 344/1547/344 345/1548/345 347/1549/347
f 350/1030/350 348/1029/348 349/1550/349 351/1551/351
f 348/1029/348 352/1036/352 353/1552/353 349/1550/349
f 356/689/356 354/910/354 355/913/355 357/690/357
f 360/1553/360 358/671/358 359/674/359 361/1554/361
f 364/918/364 362/856/362 363/859/363 365/919/365
f 366/1555/366 334/1538/334 335/1541/335 367/1556/367
f 370/1062/370 368/1058/368 369/1557/369 371/1558/371
f 368/1058/368 372/1065/372 373/1559/373 369/1557/369
f 292/1514/292 374/600/374 375/603/375 293/1515/293
f 378/1560/378 376/1561/376 377/1562/377 379/1563/379
f 376/1561/376 338/1542/338 339/1543/339 377/1562/377
f 332/1539/332 380/1564/380 381/1565/381 333/1540/333
f 380/1564/380 382/1566/382 383/1567/383 381/1565/381
f 386/1078/386 384/1080/384 385/1568/385 387/1569/387
f 390/1570/390 388/634/388 389/637/389 391/1571/391
f 392/1085/392 386/1078/386 387/1569/387 393/1572/393
f 396/1573/396 394/772/394 395/775/395 397/1574/397
f 344/1547/344 398/1575/398 399/1576/399 345/1548/345
f 304/1524/304 400/860/400 401/863/401 305/1525/305
f 404/726/404 402/1577/402 403/1578/403 405/727/405
f 398/1575/398 406/682/406 407/685/407 399/1576/399
f 410/817/410 408/1579/408 409/1580/409 411/818/411
f 414/809/414 412/874/412 413/877/413 415/810/415
f 418/900/418 416/812/416 417/815/417 419/901/419
f 422/1581/422 420/1582/420 421/1583/421 423/1584/423
f 328/1536/328 424/1585/424 425/1586/425 329/1537/329
f 420/1582/420 326/1534/326 327/1535/327 421/1583/421
f 424/1585/424 426/1587/426 427/1588/427 425/1586/425
f 430/1134/430 428/1133/428 429/1589/429 431/1590/431
f 432/631/432 390/1570/390 391/1571/391 433/632/433
f 434/1139/434 430/1134/430 431/1590/431 435/1591/435
f 436/1141/436 434/1139/434 435/1591/435 437/1592/437
f 440/1593/440 438/1594/438 439/1595/439 441/1596/441
f 402/1577/402 440/1593/440 441/1596/441 403/1578/403
f 444/1147/444 442/948/442 443/949/443 445/1597/445
f 438/1594/438 446/1598/446 447/1599/447 439/1595/439
f 446/1598/446 448/1600/448 449/1601/449 447/1599/447
f 448/1602/448 378/1560/378 379/1563/379 449/1603/449
f 352/1036/352 450/1157/450 451/1604/451 353/1552/353
f 452/1159/452 444/1147/444 445/1597/445 453/1605/453
f 456/1606/456 454/1607/454 455/1608/455 457/1609/457
f 320/1532/320 458/1610/458 459/1611/459 321/1533/321
f 462/1169/462 460/1168/460 461/1612/461 463/1613/463
f 460/1168/460 350/1030/350 351/1551/351 461/1612/461
f 466/1614/466 464/1615/464 465/1616/465 467/1617/467
f 468/1618/468 466/1614/466 467/1617/467 469/1619/469
f 470/1620/470 468/1621/468 469/1622/469 471/1623/471
f 382/1566/382 470/1620/470 471/1623/471 383/1567/383
f 474/923/474 472/1177/472 473/1624/473 475/924/475
f 464/1615/464 476/1625/476 477/1626/477 465/1616/465
f 480/760/480 478/1182/478 479/1627/479 481/761/481
f 476/1625/476 482/1628/482 483/1629/483 477/1626/477
f 486/1630/486 484/1631/484 485/1632/485 487/1633/487
f 482/1628/482 488/1634/488 489/1635/489 483/1629/483
f 488/1634/488 490/1636/490 491/1637/491 489/1635/489
f 494/1199/494 492/1198/492 493/1638/493 495/1639/495
f 498/452/498 496/1640/496 497/1641/497 499/453/499
f 484/1631/484 500/1642/500 501/1643/501 485/1632/485
f 504/1208/504 502/914/502 503/915/503 505/1644/505
f 506/1214/506 462/1169/462 463/1613/463 507/1645/507
f 472/1177/472 508/759/508 509/762/509 473/1624/473
f 510/1215/510 452/1159/452 453/1605/453 511/1646/511
f 512/1216/512 506/1214/506 507/1645/507 513/1647/513
f 516/672/516 514/1648/514 515/1649/515 517/673/517
f 492/1198/492 512/1216/512 513/1647/513 493/1638/493
f 518/732/518 494/1199/494 495/1639/495 519/733/519
f 520/942/520 504/1208/504 505/1644/505 521/943/521
f 524/1650/524 522/1651/522 523/1652/523 525/1653/525
f 528/595/528 526/1654/526 527/1655/527 529/596/529
f 450/1157/450 436/1141/436 437/1592/437 451/1604/451
f 530/1656/530 456/1606/456 457/1609/457 531/1657/531
f 522/1651/522 530/1656/530 531/1657/531 523/1652/523
f 526/1654/526 532/1658/532 533/1659/533 527/1655/527
f 536/1660/536 534/1661/534 535/1662/535 537/1663/537
f 534/1661/534 538/1664/538 539/1665/539 535/1662/535
f 540/657/540 318/1528/318 319/1531/319 541/658/541
f 544/1246/544 542/1245/542 543/1666/543 545/1667/545
f 548/662/548 546/1248/546 547/1668/547 549/663/549
f 546/1248/546 544/1246/544 545/1667/545 547/1668/547
f 490/1636/490 550/1669/550 551/1670/551 491/1637/491
f 552/1671/552 366/1555/366 367/1556/367 553/1672/553
f 556/472/556 554/1261/554 555/1673/555 557/473/557
f 408/1579/408 558/1674/558 559/1675/559 409/1580/409
f 562/1265/562 560/1264/560 561/1676/561 563/1677/563
f 560/1264/560 392/1085/392 393/1572/393 561/1676/561
f 566/1678/566 564/1679/564 565/1680/565 567/1681/567
f 568/1682/568 566/1678/566 567/1681/567 569/1683/569
f 570/1684/570 568/1682/568 569/1683/569 571/1685/571
f 296/1517/296 570/1684/570 571/1685/571 297/1518/297
f 564/1679/564 572/1686/572 573/1687/573 565/1680/565
f 554/1261/554 574/922/574 575/925/575 555/1673/555
f 572/1686/572 576/1688/576 577/1689/577 573/1687/573
f 580/619/580 578/1690/578 579/1691/579 581/620/581
f 576/1688/576 582/1692/582 583/1693/583 577/1689/577
f 582/1692/582 584/1694/584 585/1695/585 583/1693/583
f 588/1696/588 586/610/586 587/613/587 589/1697/589
f 584/1694/584 590/1698/590 591/1699/591 585/1695/585
f 514/1648/514 592/1700/592 593/1701/593 515/1649/515
f 590/1698/590 594/1702/594 595/1703/595 591/1699/591
f 598/679/598 596/1296/596 597/1704/597 599/680/599
f 594/1702/594 600/1705/600 601/1706/601 595/1703/595
f 496/1640/496 602/920/602 603/921/603 497/1641/497
f 600/1705/600 604/1707/604 605/1708/605 601/1706/601
f 608/1709/608 606/622/606 607/625/607 609/1710/609
f 604/1707/604 610/1711/610 611/1712/611 605/1708/605
f 610/1711/610 612/1713/612 613/1714/613 611/1712/611
f 612/1713/612 614/1715/614 615/1716/615 613/1714/613
f 614/1715/614 396/1717/396 397/1718/397 615/1716/615
f 618/1309/618 616/1308/616 617/1719/617 619/1720/619
f 428/1133/428 618/1309/618 619/1720/619 429/1589/429
f 616/1308/616 620/1313/620 621/1721/621 617/1719/617
f 596/1296/596 622/1314/622 623/1722/623 597/1704/597
f 620/1313/620 624/1315/624 625/1723/625 621/1721/621
f 550/1669/550 626/1724/626 627/1725/627 551/1670/551
f 624/1315/624 628/1318/628 629/1726/629 625/1723/625
f 628/1318/628 630/1320/630 631/1727/631 629/1726/629
f 622/1314/622 632/783/632 633/786/633 623/1722/623
f 630/1320/630 634/1322/634 635/1728/635 631/1727/631
f 638/1729/638 636/675/636 637/676/637 639/1730/639
f 634/1322/634 640/1325/640 641/1731/641 635/1728/635
f 578/1690/578 642/656/642 643/659/643 579/1691/579
f 640/1325/640 644/1328/644 645/1732/645 641/1731/641
f 644/1328/644 562/1265/562 563/1677/563 645/1732/645
f 426/1587/426 646/1733/646 647/1734/647 427/1588/427
f 646/1733/646 648/1735/648 649/1736/649 647/1734/647
f 648/1735/648 650/1737/650 651/1738/651 649/1736/649
f 500/1642/500 652/451/652 653/454/653 501/1643/501
f 650/1737/650 654/1739/654 655/1740/655 651/1738/651
f 654/1739/654 656/1741/656 657/1742/657 655/1740/655
f 656/1741/656 302/1519/302 303/1522/303 657/1742/657
f 660/1344/660 658/1343/658 659/1743/659 661/1744/661
f 384/1080/384 660/1344/660 661/1744/661 385/1568/385
f 664/1745/664 662/1746/662 663/1747/663 665/1748/665
f 662/1746/662 346/1546/346 347/1549/347 663/1747/663
f 626/1724/626 666/1749/666 667/1750/667 627/1725/627
f 668/792/668 536/1660/536 537/1663/537 669/793/669
f 532/1658/532 552/1671/552 553/1672/553 533/1659/533
f 316/1529/316 664/1745/664 665/1748/665 317/1530/317
f 670/1353/670 370/1062/370 371/1558/371 671/1751/671
f 658/1343/658 670/1353/670 671/1751/671 659/1743/659
f 478/1182/478 510/1215/510 511/1646/511 479/1627/479
f 666/1749/666 672/554/672 673/557/673 667/1750/667
f 538/1664/538 674/1752/674 675/1753/675 539/1665/539
f 674/1752/674 524/1754/524 525/1755/525 675/1753/675
f 676/1756/676 294/1513/294 295/1516/295 677/1757/677
f 454/1607/454 678/604/678 679/607/679 455/1608/455
f 682/116/682 680/731/680 681/734/681 683/117/683
f 558/1758/558 684/1759/684 685/1760/685 559/1761/559
f 686/1762/686 676/1756/676 677/1757/677 687/1763/687
f 688/1764/688 686/1762/686 687/1763/687 689/1765/689
f 684/1759/684 690/830/690 691/831/691 685/1760/685
f 692/642/692 608/1709/608 609/1710/609 693/643/693
f 696/649/696 694/441/694 695/444/695 697/650/697
f 700/635/700 698/648/698 699/651/699 701/636/701
f 458/1610/458 702/712/702 703/715/703 459/1611/459
f 704/628/704 342/1544/342 343/1545/343 705/629/705
f 542/1245/542 706/906/706 707/909/707 543/1666/543
f 708/653/708 360/1553/360 361/1554/361 709/654/709
f 592/1700/592 688/1764/688 689/1765/689 593/1701/593
f 712/784/712 710/115/710 711/118/711 713/785/713
f 716/626/716 714/630/714 715/633/715 717/627/717
f 720/916/720 718/767/718 719/768/719 721/917/721
f 724/615/724 722/661/722 723/664/723 725/616/725
f 726/1766/726 422/1581/422 423/1584/423 727/1767/727
f 728/1768/728 726/1766/726 727/1767/727 729/1769/729
f 730/232/730 728/1768/728 729/1769/729 731/233/731
f 732/390/732 588/1696/588 589/1697/589 733/391/733
f 372/1065/372 734/134/734 735/135/735 373/1559/373
f 738/708/738 736/777/736 737/780/737 739/709/739
f 1247/1770/1247 1249/1771/1249 1251/1772/1251 1181/1773/1181
f 1253/1774/1253 1255/1775/1255 1257/1776/1257 1182/1777/1182
f 1247/1770/1247 1181/1773/1181 1259/1778/1259 1261/1779/1261
f 1253/1774/1253 1182/1777/1182 1263/1780/1263 1265/1781/1265
f 1201/1782/1201 1267/1783/1267 1273/1784/1273 1202/1785/1202
f 1233/1786/1233 1279/1787/1279 1285/1788/1285 1234/1789/1234
f 1202/1785/1202 1273/1784/1273 1291/1790/1291 1203/1791/1203
f 1234/1789/1234 1285/1788/1285 1297/1792/1297 1235/1793/1235
f 1200/1794/1200 1303/1795/1303 1267/1783/1267 1201/1782/1201
f 1232/1796/1232 1309/1797/1309 1279/1787/1279 1233/1786/1233
f 1203/1791/1203 1291/1790/1291 1315/1798/1315 1204/1799/1204
f 1235/1793/1235 1297/1792/1297 1321/1800/1321 1236/1801/1236
f 1199/1802/1199 1327/1803/1327 1303/1795/1303 1200/1794/1200
f 1231/1804/1231 1333/1805/1333 1309/1797/1309 1232/1796/1232
f 1204/1799/1204 1315/1798/1315 1339/1806/1339 1205/1807/1205
f 1236/1801/1236 1321/1800/1321 1345/1808/1345 1237/1809/1237
f 1351/1810/1351 1353/1811/1353 1355/1812/1355 1357/1813/1357
f 1359/1814/1359 1361/1815/1361 1363/1816/1363 1365/1817/1365
f 1373/1818/1373 1367/1819/1367 1369/1820/1369 1371/1821/1371
f 1381/1822/1381 1375/1823/1375 1377/1824/1377 1379/1825/1379
f 1198/1826/1198 1383/1827/1383 1327/1803/1327 1199/1802/1199
f 1230/1828/1230 1389/1829/1389 1333/1805/1333 1231/1804/1231
f 1205/1807/1205 1339/1806/1339 1395/1830/1395 1206/1831/1206
f 1237/1809/1237 1345/1808/1345 1401/1832/1401 1238/1833/1238
f 1197/1834/1197 1407/1835/1407 1383/1827/1383 1198/1826/1198
f 1229/1836/1229 1413/1837/1413 1389/1829/1389 1230/1828/1230
f 1206/1831/1206 1395/1830/1395 1419/1838/1419 1207/1839/1207
f 1238/1833/1238 1401/1832/1401 1425/1840/1425 1239/1841/1239
f 1431/1842/1431 1433/1843/1433 1435/1844/1435 1437/1845/1437
f 1439/1846/1439 1441/1847/1441 1443/1848/1443 1445/1849/1445
f 1453/1850/1453 1447/1851/1447 1449/1852/1449 1451/1853/1451
f 1461/1854/1461 1455/1855/1455 1457/1856/1457 1459/1857/1459
f 1196/1858/1196 1463/1859/1463 1407/1835/1407 1197/1834/1197
f 1228/1860/1228 1469/1861/1469 1413/1837/1413 1229/1836/1229
f 1207/1839/1207 1419/1838/1419 1475/1862/1475 1208/1863/1208
f 1239/1841/1239 1425/1840/1425 1481/1864/1481 1240/1865/1240
f 1487/1866/1487 1489/1867/1489 1491/1868/1491 1493/1869/1493
f 1495/1870/1495 1497/1871/1497 1499/1872/1499 1501/1873/1501
f 1509/1874/1509 1503/1875/1503 1505/1876/1505 1507/1877/1507
f 1517/1878/1517 1511/1879/1511 1513/1880/1513 1515/1881/1515
f 1195/1882/1195 1519/1883/1519 1463/1859/1463 1196/1858/1196
f 1227/1884/1227 1525/1885/1525 1469/1861/1469 1228/1860/1228
f 1208/1863/1208 1475/1862/1475 1531/1886/1531 1209/1887/1209
f 1240/1865/1240 1481/1864/1481 1537/1888/1537 1241/1889/1241
f 1194/1890/1194 1543/1891/1543 1519/1883/1519 1195/1882/1195
f 1226/1892/1226 1549/1893/1549 1525/1885/1525 1227/1884/1227
f 1209/1887/1209 1531/1886/1531 1555/1894/1555 1210/1895/1210
f 1241/1889/1241 1537/1888/1537 1561/1896/1561 1242/1897/1242
f 1567/1898/1567 1569/1899/1569 1571/1900/1571 1573/1901/1573
f 1575/1902/1575 1577/1903/1577 1579/1904/1579 1581/1905/1581
f 1589/1906/1589 1583/1907/1583 1585/1908/1585 1587/1909/1587
f 1597/1910/1597 1591/1911/1591 1593/1912/1593 1595/1913/1595
f 1193/1914/1193 1599/1915/1599 1543/1891/1543 1194/1890/1194
f 1225/1916/1225 1605/1917/1605 1549/1893/1549 1226/1892/1226
f 1210/1895/1210 1555/1894/1555 1611/1918/1611 1211/1919/1211
f 1242/1897/1242 1561/1896/1561 1617/1920/1617 1243/1921/1243
f 1192/1922/1192 1623/1923/1623 1599/1915/1599 1193/1914/1193
f 1224/1924/1224 1629/1925/1629 1605/1917/1605 1225/1916/1225
f 1211/1919/1211 1611/1918/1611 1635/1926/1635 1212/1927/1212
f 1243/1921/1243 1617/1920/1617 1641/1928/1641 1244/1929/1244
f 1647/1930/1647 1649/1931/1649 1651/1932/1651 1653/1933/1653
f 1655/1934/1655 1657/1935/1657 1659/1936/1659 1661/1937/1661
f 1669/1938/1669 1663/1939/1663 1665/1940/1665 1667/1941/1667
f 1677/1942/1677 1671/1943/1671 1673/1944/1673 1675/1945/1675
f 1191/1946/1191 1679/1947/1679 1623/1923/1623 1192/1922/1192
f 1223/1948/1223 1685/1949/1685 1629/1925/1629 1224/1924/1224
f 1212/1927/1212 1635/1926/1635 1691/1950/1691 1213/1951/1213
f 1244/1929/1244 1641/1928/1641 1697/1952/1697 1245/1953/1245
f 1190/1954/1190 1703/1955/1703 1679/1947/1679 1191/1946/1191
f 1222/1956/1222 1709/1957/1709 1685/1949/1685 1223/1948/1223
f 1213/1951/1213 1691/1950/1691 1715/1958/1715 1214/1959/1214
f 1245/1953/1245 1697/1952/1697 1721/1960/1721 1246/1961/1246
f 1727/1962/1727 1729/1963/1729 1731/1964/1731 1733/1965/1733
f 1735/1966/1735 1737/1967/1737 1739/1968/1739 1741/1969/1741
f 1749/1970/1749 1743/1971/1743 1745/1972/1745 1747/1973/1747
f 1757/1974/1757 1751/1975/1751 1753/1976/1753 1755/1977/1755
f 1188/1978/1188 1759/1979/1759 1765/1980/1765 1189/1981/1189
f 1220/1982/1220 1771/1983/1771 1777/1984/1777 1221/1985/1221
f 1215/1986/1215 1783/1987/1783 1789/1988/1789 1216/1989/1216
f 1185/1990/1185 1795/1991/1795 1751/1975/1751 1186/1992/1186
f 1189/1981/1189 1765/1980/1765 1703/1955/1703 1190/1954/1190
f 1221/1985/1221 1777/1984/1777 1709/1957/1709 1222/1956/1222
f 1214/1959/1214 1715/1958/1715 1783/1987/1783 1215/1986/1215
f 1246/1961/1246 1721/1960/1721 1797/1993/1797 1186/1992/1186
f 1187/1994/1187 1803/1995/1803 1759/1979/1759 1188/1978/1188
f 1219/1996/1219 1809/1997/1809 1771/1983/1771 1220/1982/1220
f 1216/1989/1216 1789/1988/1789 1815/1998/1815 1217/1999/1217
f 1185/1990/1185 1821/2000/1821 1827/2001/1827 1184/2002/1184
f 1833/2003/1833 1835/2004/1835 1837/2005/1837 1839/2006/1839
f 1841/2007/1841 1843/2008/1843 1845/2009/1845 1847/2010/1847
f 1855/2011/1855 1849/2012/1849 1851/2013/1851 1853/2014/1853
f 1795/1991/1795 1857/2015/1857 1859/2016/1859 1861/2017/1861
f 1183/2018/1183 1863/2019/1863 1803/1995/1803 1187/1994/1187
f 1218/2020/1218 1869/2021/1869 1809/1997/1809 1219/1996/1219
f 1217/1999/1217 1815/1998/1815 1869/2021/1869 1218/2020/1218
f 1184/2002/1184 1827/2001/1827 1863/2019/1863 1183/2018/1183
f 1186/1992/1186 1797/1993/1797 1821/2000/1821 1185/1990/1185
f 1184/2002/1184 1857/2015/1857 1795/1991/1795 1185/1990/1185
f 1183/2018/1183 1875/2022/1875 1857/2015/1857 1184/2002/1184
f 1187/1994/1187 1839/2006/1839 1875/2022/1875 1183/2018/1183
f 1188/1978/1188 1833/2003/1833 1839/2006/1839 1187/1994/1187
f 1189/1981/1189 1733/1965/1733 1833/2003/1833 1188/1978/1188
f 1190/1954/1190 1727/1962/1727 1733/1965/1733 1189/1981/1189
f 1191/1946/1191 1653/1933/1653 1727/1962/1727 1190/1954/1190
f 1192/1922/1192 1647/1930/1647 1653/1933/1653 1191/1946/1191
f 1193/1914/1193 1573/1901/1573 1647/1930/1647 1192/1922/1192
f 1194/1890/1194 1567/1898/1567 1573/1901/1573 1193/1914/1193
f 1195/1882/1195 1493/1869/1493 1567/1898/1567 1194/1890/1194
f 1196/1858/1196 1487/1866/1487 1493/1869/1493 1195/1882/1195
f 1197/1834/1197 1437/1845/1437 1487/1866/1487 1196/1858/1196
f 1198/1826/1198 1431/1842/1431 1437/1845/1437 1197/1834/1197
f 1199/1802/1199 1357/1813/1357 1431/1842/1431 1198/1826/1198
f 1200/1794/1200 1351/1810/1351 1357/1813/1357 1199/1802/1199
f 1201/1782/1201 1251/1772/1251 1351/1810/1351 1200/1794/1200
f 1202/1785/1202 1181/1773/1181 1251/1772/1251 1201/1782/1201
f 1203/1791/1203 1259/1778/1259 1181/1773/1181 1202/1785/1202
f 1204/1799/1204 1373/1818/1373 1259/1778/1259 1203/1791/1203
f 1205/1807/1205 1367/1819/1367 1373/1818/1373 1204/1799/1204
f 1206/1831/1206 1453/1850/1453 1367/1819/1367 1205/1807/1205
f 1207/1839/1207 1447/1851/1447 1453/1850/1453 1206/1831/1206
f 1208/1863/1208 1509/1874/1509 1447/1851/1447 1207/1839/1207
f 1209/1887/1209 1503/1875/1503 1509/1874/1509 1208/1863/1208
f 1210/1895/1210 1589/1906/1589 1503/1875/1503 1209/1887/1209
f 1211/1919/1211 1583/1907/1583 1589/1906/1589 1210/1895/1210
f 1212/1927/1212 1669/1938/1669 1583/1907/1583 1211/1919/1211
f 1213/1951/1213 1663/1939/1663 1669/1938/1669 1212/1927/1212
f 1214/1959/1214 1749/1970/1749 1663/1939/1663 1213/1951/1213
f 1215/1986/1215 1743/1971/1743 1749/1970/1749 1214/1959/1214
f 1216/1989/1216 1855/2011/1855 1743/1971/1743 1215/1986/1215
f 1217/1999/1217 1849/2012/1849 1855/2011/1855 1216/1989/1216
f 1218/2020/1218 1877/2023/1877 1849/2012/1849 1217/1999/1217
f 1219/1996/1219 1847/2010/1847 1877/2023/1877 1218/2020/1218
f 1220/1982/1220 1841/2007/1841 1847/2010/1847 1219/1996/1219
f 1221/1985/1221 1741/1969/1741 1841/2007/1841 1220/1982/1220
f 1222/1956/1222 1735/1966/1735 1741/1969/1741 1221/1985/1221
f 1223/1948/1223 1661/1937/1661 1735/1966/1735 1222/1956/1222
f 1224/1924/1224 1655/1934/1655 1661/1937/1661 1223/1948/1223
f 1225/1916/1225 1581/1905/1581 1655/1934/1655 1224/1924/1224
f 1226/1892/1226 1575/1902/1575 1581/1905/1581 1225/1916/1225
f 1227/1884/1227 1501/1873/1501 1575/1902/1575 1226/1892/1226
f 1228/1860/1228 1495/1870/1495 1501/1873/1501 1227/1884/1227
f 1229/1836/1229 1445/1849/1445 1495/1870/1495 1228/1860/1228
f 1230/1828/1230 1439/1846/1439 1445/1849/1445 1229/1836/1229
f 1231/1804/1231 1365/1817/1365 1439/1846/1439 1230/1828/1230
f 1232/1796/1232 1359/1814/1359 1365/1817/1365 1231/1804/1231
f 1233/1786/1233 1257/1776/1257 1359/1814/1359 1232/1796/1232
f 1234/1789/1234 1182/1777/1182 1257/1776/1257 1233/1786/1233
f 1235/1793/1235 1263/1780/1263 1182/1777/1182 1234/1789/1234
f 1236/1801/1236 1381/1822/1381 1263/1780/1263 1235/1793/1235
f 1237/1809/1237 1375/1823/1375 1381/1822/1381 1236/1801/1236
f 1238/1833/1238 1461/1854/1461 1375/1823/1375 1237/1809/1237
f 1239/1841/1239 1455/1855/1455 1461/1854/1461 1238/1833/1238
f 1240/1865/1240 1517/1878/1517 1455/1855/1455 1239/1841/1239
f 1241/1889/1241 1511/1879/1511 1517/1878/1517 1240/1865/1240
f 1242/1897/1242 1597/1910/1597 1511/1879/1511 1241/1889/1241
f 1243/1921/1243 1591/1911/1591 1597/1910/1597 1242/1897/1242
f 1244/1929/1244 1677/1942/1677 1591/1911/1591 1243/1921/1243
f 1245/1953/1245 1671/1943/1671 1677/1942/1677 1244/1929/1244
f 1246/1961/1246 1757/1974/1757 1671/1943/1671 1245/1953/1245
f 1186/1992/1186 1751/1975/1751 1757/1974/1757 1246/1961/1246
f 1249/2024/1249 1247/2025/1247 1248/2026/1248 1250/2027/1250
f 1251/2028/1251 1249/2024/1249 1250/2027/1250 1252/2029/1252
f 1255/2030/1255 1253/2031/1253 1254/2032/1254 1256/2033/1256
f 1257/2034/1257 1255/2030/1255 1256/2033/1256 1258/2035/1258
f 1261/2036/1261 1259/2037/1259 1260/2038/1260 1262/2039/1262
f 1247/2025/1247 1261/2036/1261 1262/2039/1262 1248/2026/1248
f 1265/2040/1265 1263/2041/1263 1264/2042/1264 1266/2043/1266
f 1253/2031/1253 1265/2040/1265 1266/2043/1266 1254/2032/1254
f 1273/2044/1273 1267/2045/1267 1268/2046/1268 1274/2047/1274
f 1274/2047/1274 1268/2046/1268 1269/2048/1269 1275/2049/1275
f 1275/2049/1275 1269/2048/1269 1270/2050/1270 1276/2051/1276
f 1276/2051/1276 1270/2050/1270 1271/2052/1271 1277/2053/1277
f 1277/2053/1277 1271/2052/1271 1272/2054/1272 1278/2055/1278
f 1285/2056/1285 1279/2057/1279 1280/2058/1280 1286/2059/1286
f 1286/2059/1286 1280/2058/1280 1281/2060/1281 1287/2061/1287
f 1287/2061/1287 1281/2060/1281 1282/2062/1282 1288/2063/1288
f 1288/2063/1288 1282/2062/1282 1283/2064/1283 1289/2065/1289
f 1289/2065/1289 1283/2064/1283 1284/2066/1284 1290/2067/1290
f 1291/2068/1291 1273/2044/1273 1274/2047/1274 1292/2069/1292
f 1292/2069/1292 1274/2047/1274 1275/2049/1275 1293/2070/1293
f 1293/2070/1293 1275/2049/1275 1276/2051/1276 1294/2071/1294
f 1294/2071/1294 1276/2051/1276 1277/2053/1277 1295/2072/1295
f 1295/2072/1295 1277/2053/1277 1278/2055/1278 1296/2073/1296
f 1297/2074/1297 1285/2056/1285 1286/2059/1286 1298/2075/1298
f 1298/2075/1298 1286/2059/1286 1287/2061/1287 1299/2076/1299
f 1299/2076/1299 1287/2061/1287 1288/2063/1288 1300/2077/1300
f 1300/2077/1300 1288/2063/1288 1289/2065/1289 1301/2078/1301
f 1301/2078/1301 1289/2065/1289 1290/2067/1290 1302/2079/1302
f 1267/2045/1267 1303/2080/1303 1304/2081/1304 1268/2046/1268
f 1268/2046/1268 1304/2081/1304 1305/2082/1305 1269/2048/1269
f 1269/2048/1269 1305/2082/1305 1306/2083/1306 1270/2050/1270
f 1270/2050/1270 1306/2083/1306 1307/2084/1307 1271/2052/1271
f 1271/2052/1271 1307/2084/1307 1308/2085/1308 1272/2054/1272
f 1279/2057/1279 1309/2086/1309 1310/2087/1310 1280/2058/1280
f 1280/2058/1280 1310/2087/1310 1311/2088/1311 1281/2060/1281
f 1281/2060/1281 1311/2088/1311 1312/2089/1312 1282/2062/1282
f 1282/2062/1282 1312/2089/1312 1313/2090/1313 1283/2064/1283
f 1283/2064/1283 1313/2090/1313 1314/2091/1314 1284/2066/1284
f 1315/2092/1315 1291/2068/1291 1292/2069/1292 1316/2093/1316
f 1316/2093/1316 1292/2069/1292 1293/2070/1293 1317/2094/1317
f 1317/2094/1317 1293/2070/1293 1294/2071/1294 1318/2095/1318
f 1318/2095/1318 1294/2071/1294 1295/2072/1295 1319/2096/1319
f 1319/2096/1319 1295/2072/1295 1296/2073/1296 1320/2097/1320
f 1321/2098/1321 1297/2074/1297 1298/2075/1298 1322/2099/1322
f 1322/2099/1322 1298/2075/1298 1299/2076/1299 1323/2100/1323
f 1323/2100/1323 1299/2076/1299 1300/2077/1300 1324/2101/1324
f 1324/2101/1324 1300/2077/1300 1301/2078/1301 1325/2102/1325
f 1325/2102/1325 1301/2078/1301 1302/2079/1302 1326/2103/1326
f 1303/2080/1303 1327/2104/1327 1328/2105/1328 1304/2081/1304
f 1304/2081/1304 1328/2105/1328 1329/2106/1329 1305/2082/1305
f 1305/2082/1305 1329/2106/1329 1330/2107/1330 1306/2083/1306
f 1306/2083/1306 1330/2107/1330 1331/2108/1331 1307/2084/1307
f 1307/2084/1307 1331/2108/1331 1332/2109/1332 1308/2085/1308
f 1309/2086/1309 1333/2110/1333 1334/2111/1334 1310/2087/1310
f 1310/2087/1310 1334/2111/1334 1335/2112/1335 1311/2088/1311
f 1311/2088/1311 1335/2112/1335 1336/2113/1336 1312/2089/1312
f 1312/2089/1312 1336/2113/1336 1337/2114/1337 1313/2090/1313
f 1313/2090/1313 1337/2114/1337 1338/2115/1338 1314/2091/1314
f 1339/2116/1339 1315/2092/1315 1316/2093/1316 1340/2117/1340
f 1340/2117/1340 1316/2093/1316 1317/2094/1317 1341/2118/1341
f 1341/2118/1341 1317/2094/1317 1318/2095/1318 1342/2119/1342
f 1342/2119/1342 1318/2095/1318 1319/2096/1319 1343/2120/1343
f 1343/2120/1343 1319/2096/1319 1320/2097/1320 1344/2121/1344
f 1345/2122/1345 1321/2098/1321 1322/2099/1322 1346/2123/1346
f 1346/2123/1346 1322/2099/1322 1323/2100/1323 1347/2124/1347
f 1347/2124/1347 1323/2100/1323 1324/2101/1324 1348/2125/1348
f 1348/2125/1348 1324/2101/1324 1325/2102/1325 1349/2126/1349
f 1349/2126/1349 1325/2102/1325 1326/2103/1326 1350/2127/1350
f 1353/2128/1353 1351/2129/1351 1352/2130/1352 1354/2131/1354
f 1355/2132/1355 1353/2128/1353 1354/2131/1354 1356/2133/1356
f 1357/2134/1357 1355/2132/1355 1356/2133/1356 1358/2135/1358
f 1361/2136/1361 1359/2137/1359 1360/2138/1360 1362/2139/1362
f 1363/2140/1363 1361/2136/1361 1362/2139/1362 1364/2141/1364
f 1365/2142/1365 1363/2140/1363 1364/2141/1364 1366/2143/1366
f 1369/2144/1369 1367/2145/1367 1368/2146/1368 1370/2147/1370
f 1371/2148/1371 1369/2144/1369 1370/2147/1370 1372/2149/1372
f 1373/2150/1373 1371/2148/1371 1372/2149/1372 1374/2151/1374
f 1377/2152/1377 1375/2153/1375 1376/2154/1376 1378/2155/1378
f 1379/2156/1379 1377/2152/1377 1378/2155/1378 1380/2157/1380
f 1381/2158/1381 1379/2156/1379 1380/2157/1380 1382/2159/1382
f 1327/2104/1327 1383/2160/1383 1384/2161/1384 1328/2105/1328
f 1328/2105/1328 1384/2161/1384 1385/2162/1385 1329/2106/1329
f 1329/2106/1329 1385/2162/1385 1386/2163/1386 1330/2107/1330
f 1330/2107/1330 1386/2163/1386 1387/2164/1387 1331/2108/1331
f 1331/2108/1331 1387/2164/1387 1388/2165/1388 1332/2109/1332
f 1333/2110/1333 1389/2166/1389 1390/2167/1390 1334/2111/1334
f 1334/2111/1334 1390/2167/1390 1391/2168/1391 1335/2112/1335
f 1335/2112/1335 1391/2168/1391 1392/2169/1392 1336/2113/1336
f 1336/2113/1336 1392/2169/1392 1393/2170/1393 1337/2114/1337
f 1337/2114/1337 1393/2170/1393 1394/2171/1394 1338/2115/1338
f 1395/2172/1395 1339/2116/1339 1340/2117/1340 1396/2173/1396
f 1396/2173/1396 1340/2117/1340 1341/2118/1341 1397/2174/1397
f 1397/2174/1397 1341/2118/1341 1342/2119/1342 1398/2175/1398
f 1398/2175/1398 1342/2119/1342 1343/2120/1343 1399/2176/1399
f 1399/2176/1399 1343/2120/1343 1344/2121/1344 1400/2177/1400
f 1401/2178/1401 1345/2122/1345 1346/2123/1346 1402/2179/1402
f 1402/2179/1402 1346/2123/1346 1347/2124/1347 1403/2180/1403
f 1403/2180/1403 1347/2124/1347 1348/2125/1348 1404/2181/1404
f 1404/2181/1404 1348/2125/1348 1349/2126/1349 1405/2182/1405
f 1405/2182/1405 1349/2126/1349 1350/2127/1350 1406/2183/1406
f 1383/2160/1383 1407/2184/1407 1408/2185/1408 1384/2161/1384
f 1384/2161/1384 1408/2185/1408 1409/2186/1409 1385/2162/1385
f 1385/2162/1385 1409/2186/1409 1410/2187/1410 1386/2163/1386
f 1386/2163/1386 1410/2187/1410 1411/2188/1411 1387/2164/1387
f 1387/2164/1387 1411/2188/1411 1412/2189/1412 1388/2165/1388
f 1389/2166/1389 1413/2190/1413 1414/2191/1414 1390/2167/1390
f 1390/2167/1390 1414/2191/1414 1415/2192/1415 1391/2168/1391
f 1391/2168/1391 1415/2192/1415 1416/2193/1416 1392/2169/1392
f 1392/2169/1392 1416/2193/1416 1417/2194/1417 1393/2170/1393
f 1393/2170/1393 1417/2194/1417 1418/2195/1418 1394/2171/1394
f 1419/2196/1419 1395/2172/1395 1396/2173/1396 1420/2197/1420
f 1420/2197/1420 1396/2173/1396 1397/2174/1397 1421/2198/1421
f 1421/2198/1421 1397/2174/1397 1398/2175/1398 1422/2199/1422
f 1422/2199/1422 1398/2175/1398 1399/2176/1399 1423/2200/1423
f 1423/2200/1423 1399/2176/1399 1400/2177/1400 1424/2201/1424
f 1425/2202/1425 1401/2178/1401 1402/2179/1402 1426/2203/1426
f 1426/2203/1426 1402/2179/1402 1403/2180/1403 1427/2204/1427
f 1427/2204/1427 1403/2180/1403 1404/2181/1404 1428/2205/1428
f 1428/2205/1428 1404/2181/1404 1405/2182/1405 1429/2206/1429
f 1429/2206/1429 1405/2182/1405 1406/2183/1406 1430/2207/1430
f 1433/2208/1433 1431/2209/1431 1432/2210/1432 1434/2211/1434
f 1435/2212/1435 1433/2208/1433 1434/2211/1434 1436/2213/1436
f 1437/2214/1437 1435/2212/1435 1436/2213/1436 1438/2215/1438
f 1441/2216/1441 1439/2217/1439 1440/2218/1440 1442/2219/1442
f 1443/2220/1443 1441/2216/1441 1442/2219/1442 1444/2221/1444
f 1445/2222/1445 1443/2223/1443 1444/2224/1444 1446/2225/1446
f 1449/2226/1449 1447/2227/1447 1448/2228/1448 1450/2229/1450
f 1451/2230/1451 1449/2226/1449 1450/2229/1450 1452/2231/1452
f 1453/2232/1453 1451/2230/1451 1452/2231/1452 1454/2233/1454
f 1457/2234/1457 1455/2235/1455 1456/2236/1456 1458/2237/1458
f 1459/2238/1459 1457/2234/1457 1458/2237/1458 1460/2239/1460
f 1461/2240/1461 1459/2238/1459 1460/2239/1460 1462/2241/1462
f 1407/2184/1407 1463/2242/1463 1464/2243/1464 1408/2185/1408
f 1408/2185/1408 1464/2243/1464 1465/2244/1465 1409/2186/1409
f 1409/2186/1409 1465/2244/1465 1466/2245/1466 1410/2187/1410
f 1410/2187/1410 1466/2245/1466 1467/2246/1467 1411/2188/1411
f 1411/2188/1411 1467/2246/1467 1468/2247/1468 1412/2189/1412
f 1413/2190/1413 1469/2248/1469 1470/2249/1470 1414/2191/1414
f 1414/2191/1414 1470/2249/1470 1471/2250/1471 1415/2192/1415
f 1415/2192/1415 1471/2250/1471 1472/2251/1472 1416/2193/1416
f 1416/2193/1416 1472/2251/1472 1473/2252/1473 1417/2194/1417
f 1417/2194/1417 1473/2252/1473 1474/2253/1474 1418/2195/1418
f 1475/2254/1475 1419/2196/1419 1420/2197/1420 1476/2255/1476
f 1476/2255/1476 1420/2197/1420 1421/2198/1421 1477/2256/1477
f 1477/2256/1477 1421/2198/1421 1422/2199/1422 1478/2257/1478
f 1478/2257/1478 1422/2199/1422 1423/2200/1423 1479/2258/1479
f 1479/2258/1479 1423/2200/1423 1424/2201/1424 1480/2259/1480
f 1481/2260/1481 1425/2202/1425 1426/2203/1426 1482/2261/1482
f 1482/2261/1482 1426/2203/1426 1427/2204/1427 1483/2262/1483
f 1483/2262/1483 1427/2204/1427 1428/2205/1428 1484/2263/1484
f 1484/2263/1484 1428/2205/1428 1429/2206/1429 1485/2264/1485
f 1485/2264/1485 1429/2206/1429 1430/2207/1430 1486/2265/1486
f 1489/2266/1489 1487/2267/1487 1488/2268/1488 1490/2269/1490
f 1491/2270/1491 1489/2266/1489 1490/2269/1490 1492/2271/1492
f 1493/2272/1493 1491/2270/1491 1492/2271/1492 1494/2273/1494
f 1497/2274/1497 1495/2275/1495 1496/2276/1496 1498/2277/1498
f 1499/2278/1499 1497/2274/1497 1498/2277/1498 1500/2279/1500
f 1501/2280/1501 1499/2278/1499 1500/2279/1500 1502/2281/1502
f 1505/2282/1505 1503/2283/1503 1504/2284/1504 1506/2285/1506
f 1507/2286/1507 1505/2282/1505 1506/2285/1506 1508/2287/1508
f 1509/2288/1509 1507/2286/1507 1508/2287/1508 1510/2289/1510
f 1513/2290/1513 1511/2291/1511 1512/2292/1512 1514/2293/1514
f 1515/2294/1515 1513/2290/1513 1514/2293/1514 1516/2295/1516
f 1517/2296/1517 1515/2294/1515 1516/2295/1516 1518/2297/1518
f 1463/2242/1463 1519/2298/1519 1520/2299/1520 1464/2243/1464
f 1464/2243/1464 1520/2299/1520 1521/2300/1521 1465/2244/1465
f 1465/2244/1465 1521/2300/1521 1522/2301/1522 1466/2245/1466
f 1466/2245/1466 1522/2301/1522 1523/2302/1523 1467/2246/1467
f 1467/2246/1467 1523/2302/1523 1524/2303/1524 1468/2247/1468
f 1469/2248/1469 1525/2304/1525 1526/2305/1526 1470/2249/1470
f 1470/2249/1470 1526/2305/1526 1527/2306/1527 1471/2250/1471
f 1471/2250/1471 1527/2306/1527 1528/2307/1528 1472/2251/1472
f 1472/2251/1472 1528/2307/1528 1529/2308/1529 1473/2252/1473
f 1473/2252/1473 1529/2308/1529 1530/2309/1530 1474/2253/1474
f 1531/2310/1531 1475/2254/1475 1476/2255/1476 1532/2311/1532
f 1532/2311/1532 1476/2255/1476 1477/2256/1477 1533/2312/1533
f 1533/2312/1533 1477/2256/1477 1478/2257/1478 1534/2313/1534
f 1534/2313/1534 1478/2257/1478 1479/2258/1479 1535/2314/1535
f 1535/2314/1535 1479/2258/1479 1480/2259/1480 1536/2315/1536
f 1537/2316/1537 1481/2260/1481 1482/2261/1482 1538/2317/1538
f 1538/2317/1538 1482/2261/1482 1483/2262/1483 1539/2318/1539
f 1539/2318/1539 1483/2262/1483 1484/2263/1484 1540/2319/1540
f 1540/2319/1540 1484/2263/1484 1485/2264/1485 1541/2320/1541
f 1541/2320/1541 1485/2264/1485 1486/2265/1486 1542/2321/1542
f 1519/2322/1519 1543/2323/1543 1544/2324/1544 1520/2325/1520
f 1520/2325/1520 1544/2324/1544 1545/2326/1545 1521/2327/1521
f 1521/2327/1521 1545/2326/1545 1546/2328/1546 1522/2329/1522
f 1522/2329/1522 1546/2328/1546 1547/2330/1547 1523/2331/1523
f 1523/2331/1523 1547/2330/1547 1548/2332/1548 1524/2333/1524
f 1525/2304/1525 1549/2334/1549 1550/2335/1550 1526/2305/1526
f 1526/2305/1526 1550/2335/1550 1551/2336/1551 1527/2306/1527
f 1527/2306/1527 1551/2336/1551 1552/2337/1552 1528/2307/1528
f 1528/2307/1528 1552/2337/1552 1553/2338/1553 1529/2308/1529
f 1529/2308/1529 1553/2338/1553 1554/2339/1554 1530/2309/1530
f 1555/2340/1555 1531/2310/1531 1532/2311/1532 1556/2341/1556
f 1556/2341/1556 1532/2311/1532 1533/2312/1533 1557/2342/1557
f 1557/2342/1557 1533/2312/1533 1534/2313/1534 1558/2343/1558
f 1558/2343/1558 1534/2313/1534 1535/2314/1535 1559/2344/1559
f 1559/2344/1559 1535/2314/1535 1536/2315/1536 1560/2345/1560
f 1561/2346/1561 1537/2316/1537 1538/2317/1538 1562/2347/1562
f 1562/2347/1562 1538/2317/1538 1539/2318/1539 1563/2348/1563
f 1563/2348/1563 1539/2318/1539 1540/2319/1540 1564/2349/1564
f 1564/2349/1564 1540/2319/1540 1541/2320/1541 1565/2350/1565
f 1565/2350/1565 1541/2320/1541 1542/2321/1542 1566/2351/1566
f 1569/2352/1569 1567/2353/1567 1568/2354/1568 1570/2355/1570
f 1571/2356/1571 1569/2352/1569 1570/2355/1570 1572/2357/1572
f 1573/2358/1573 1571/2359/1571 1572/2360/1572 1574/2361/1574
f 1577/2362/1577 1575/2363/1575 1576/2364/1576 1578/2365/1578
f 1579/2366/1579 1577/2362/1577 1578/2365/1578 1580/2367/1580
f 1581/2368/1581 1579/2366/1579 1580/2367/1580 1582/2369/1582
f 1585/2370/1585 1583/2371/1583 1584/2372/1584 1586/2373/1586
f 1587/2374/1587 1585/2370/1585 1586/2373/1586 1588/2375/1588
f 1589/2376/1589 1587/2374/1587 1588/2375/1588 1590/2377/1590
f 1593/2378/1593 1591/2379/1591 1592/2380/1592 1594/2381/1594
f 1595/2382/1595 1593/2378/1593 1594/2381/1594 1596/2383/1596
f 1597/2384/1597 1595/2382/1595 1596/2383/1596 1598/2385/1598
f 1543/2323/1543 1599/2386/1599 1600/2387/1600 1544/2324/1544
f 1544/2324/1544 1600/2387/1600 1601/2388/1601 1545/2326/1545
f 1545/2326/1545 1601/2388/1601 1602/2389/1602 1546/2328/1546
f 1546/2328/1546 1602/2389/1602 1603/2390/1603 1547/2330/1547
f 1547/2330/1547 1603/2390/1603 1604/2391/1604 1548/2332/1548
f 1549/2334/1549 1605/2392/1605 1606/2393/1606 1550/2335/1550
f 1550/2335/1550 1606/2393/1606 1607/2394/1607 1551/2336/1551
f 1551/2336/1551 1607/2394/1607 1608/2395/1608 1552/2337/1552
f 1552/2337/1552 1608/2395/1608 1609/2396/1609 1553/2338/1553
f 1553/2338/1553 1609/2396/1609 1610/2397/1610 1554/2339/1554
f 1611/2398/1611 1555/2340/1555 1556/2341/1556 1612/2399/1612
f 1612/2399/1612 1556/2341/1556 1557/2342/1557 1613/2400/1613
f 1613/2400/1613 1557/2342/1557 1558/2343/1558 1614/2401/1614
f 1614/2401/1614 1558/2343/1558 1559/2344/1559 1615/2402/1615
f 1615/2402/1615 1559/2344/1559 1560/2345/1560 1616/2403/1616
f 1617/2404/1617 1561/2346/1561 1562/2347/1562 1618/2405/1618
f 1618/2405/1618 1562/2347/1562 1563/2348/1563 1619/2406/1619
f 1619/2406/1619 1563/2348/1563 1564/2349/1564 1620/2407/1620
f 1620/2407/1620 1564/2349/1564 1565/2350/1565 1621/2408/1621
f 1621/2408/1621 1565/2350/1565 1566/2351/1566 1622/2409/1622
f 1599/2386/1599 1623/2410/1623 1624/2411/1624 1600/2387/1600
f 1600/2387/1600 1624/2411/1624 1625/2412/1625 1601/2388/1601
f 1601/2388/1601 1625/2412/1625 1626/2413/1626 1602/2389/1602
f 1602/2389/1602 1626/2413/1626 1627/2414/1627 1603/2390/1603
f 1603/2390/1603 1627/2414/1627 1628/2415/1628 1604/2391/1604
f 1605/2392/1605 1629/2416/1629 1630/2417/1630 1606/2393/1606
f 1606/2393/1606 1630/2417/1630 1631/2418/1631 1607/2394/1607
f 1607/2394/1607 1631/2418/1631 1632/2419/1632 1608/2395/1608
f 1608/2395/1608 1632/2419/1632 1633/2420/1633 1609/2396/1609
f 1609/2396/1609 1633/2420/1633 1634/2421/1634 1610/2397/1610
f 1635/2422/1635 1611/2398/1611 1612/2399/1612 1636/2423/1636
f 1636/2423/1636 1612/2399/1612 1613/2400/1613 1637/2424/1637
f 1637/2424/1637 1613/2400/1613 1614/2401/1614 1638/2425/1638
f 1638/2425/1638 1614/2401/1614 1615/2402/1615 1639/2426/1639
f 1639/2426/1639 1615/2402/1615 1616/2403/1616 1640/2427/1640
f 1641/2428/1641 1617/2404/1617 1618/2405/1618 1642/2429/1642
f 1642/2429/1642 1618/2405/1618 1619/2406/1619 1643/2430/1643
f 1643/2430/1643 1619/2406/1619 1620/2407/1620 1644/2431/1644
f 1644/2431/1644 1620/2407/1620 1621/2408/1621 1645/2432/1645
f 1645/2432/1645 1621/2408/1621 1622/2409/1622 1646/2433/1646
f 1649/2434/1649 1647/2435/1647 1648/2436/1648 1650/2437/1650
f 1651/2438/1651 1649/2434/1649 1650/2437/1650 1652/2439/1652
f 1653/2440/1653 1651/2438/1651 1652/2439/1652 1654/2441/1654
f 1657/2442/1657 1655/2443/1655 1656/2444/1656 1658/2445/1658
f 1659/2446/1659 1657/2442/1657 1658/2445/1658 1660/2447/1660
f 1661/2448/1661 1659/2446/1659 1660/2447/1660 1662/2449/1662
f 1665/2450/1665 1663/2451/1663 1664/2452/1664 1666/2453/1666
f 1667/2454/1667 1665/2455/1665 1666/2456/1666 1668/2457/1668
f 1669/2458/1669 1667/2454/1667 1668/2457/1668 1670/2459/1670
f 1673/2460/1673 1671/2461/1671 1672/2462/1672 1674/2463/1674
f 1675/2464/1675 1673/2460/1673 1674/2463/1674 1676/2465/1676
f 1677/2466/1677 1675/2464/1675 1676/2465/1676 1678/2467/1678
f 1623/2410/1623 1679/2468/1679 1680/2469/1680 1624/2411/1624
f 1624/2411/1624 1680/2469/1680 1681/2470/1681 1625/2412/1625
f 1625/2412/1625 1681/2470/1681 1682/2471/1682 1626/2413/1626
f 1626/2413/1626 1682/2471/1682 1683/2472/1683 1627/2414/1627
f 1627/2414/1627 1683/2472/1683 1684/2473/1684 1628/2415/1628
f 1629/2474/1629 1685/2475/1685 1686/2476/1686 1630/2477/1630
f 1630/2477/1630 1686/2476/1686 1687/2478/1687 1631/2479/1631
f 1631/2479/1631 1687/2478/1687 1688/2480/1688 1632/2481/1632
f 1632/2481/1632 1688/2480/1688 1689/2482/1689 1633/2483/1633
f 1633/2483/1633 1689/2482/1689 1690/2484/1690 1634/2485/1634
f 1691/2486/1691 1635/2422/1635 1636/2423/1636 1692/2487/1692
f 1692/2487/1692 1636/2423/1636 1637/2424/1637 1693/2488/1693
f 1693/2488/1693 1637/2424/1637 1638/2425/1638 1694/2489/1694
f 1694/2489/1694 1638/2425/1638 1639/2426/1639 1695/2490/1695
f 1695/2490/1695 1639/2426/1639 1640/2427/1640 1696/2491/1696
f 1697/2492/1697 1641/2428/1641 1642/2429/1642 1698/2493/1698
f 1698/2493/1698 1642/2429/1642 1643/2430/1643 1699/2494/1699
f 1699/2494/1699 1643/2430/1643 1644/2431/1644 1700/2495/1700
f 1700/2495/1700 1644/2431/1644 1645/2432/1645 1701/2496/1701
f 1701/2496/1701 1645/2432/1645 1646/2433/1646 1702/2497/1702
f 1679/2468/1679 1703/2498/1703 1704/2499/1704 1680/2469/1680
f 1680/2469/1680 1704/2499/1704 1705/2500/1705 1681/2470/1681
f 1681/2470/1681 1705/2500/1705 1706/2501/1706 1682/2471/1682
f 1682/2471/1682 1706/2501/1706 1707/2502/1707 1683/2472/1683
f 1683/2472/1683 1707/2502/1707 1708/2503/1708 1684/2473/1684
f 1685/2475/1685 1709/2504/1709 1710/2505/1710 1686/2476/1686
f 1686/2476/1686 1710/2505/1710 1711/2506/1711 1687/2478/1687
f 1687/2478/1687 1711/2506/1711 1712/2507/1712 1688/2480/1688
f 1688/2480/1688 1712/2507/1712 1713/2508/1713 1689/2482/1689
f 1689/2482/1689 1713/2508/1713 1714/2509/1714 1690/2484/1690
f 1715/2510/1715 1691/2486/1691 1692/2487/1692 1716/2511/1716
f 1716/2511/1716 1692/2487/1692 1693/2488/1693 1717/2512/1717
f 1717/2512/1717 1693/2488/1693 1694/2489/1694 1718/2513/1718
f 1718/2513/1718 1694/2489/1694 1695/2490/1695 1719/2514/1719
f 1719/2514/1719 1695/2490/1695 1696/2491/1696 1720/2515/1720
f 1721/2516/1721 1697/2492/1697 1698/2493/1698 1722/2517/1722
f 1722/2517/1722 1698/2493/1698 1699/2494/1699 1723/2518/1723
f 1723/2518/1723 1699/2494/1699 1700/2495/1700 1724/2519/1724
f 1724/2519/1724 1700/2495/1700 1701/2496/1701 1725/2520/1725
f 1725/2520/1725 1701/2496/1701 1702/2497/1702 1726/2521/1726
f 1729/2522/1729 1727/2523/1727 1728/2524/1728 1730/2525/1730
f 1731/2526/1731 1729/2522/1729 1730/2525/1730 1732/2527/1732
f 1733/2528/1733 1731/2526/1731 1732/2527/1732 1734/2529/1734
f 1737/2530/1737 1735/2531/1735 1736/2532/1736 1738/2533/1738
f 1739/2534/1739 1737/2530/1737 1738/2533/1738 1740/2535/1740
f 1741/2536/1741 1739/2534/1739 1740/2535/1740 1742/2537/1742
f 1745/2538/1745 1743/2539/1743 1744/2540/1744 1746/2541/1746
f 1747/2542/1747 1745/2538/1745 1746/2541/1746 1748/2543/1748
f 1749/2544/1749 1747/2542/1747 1748/2543/1748 1750/2545/1750
f 1753/2546/1753 1751/2547/1751 1752/2548/1752 1754/2549/1754
f 1755/2550/1755 1753/2546/1753 1754/2549/1754 1756/2551/1756
f 1757/2552/1757 1755/2550/1755 1756/2551/1756 1758/2553/1758
f 1765/2554/1765 1759/2555/1759 1760/2556/1760 1766/2557/1766
f 1766/2557/1766 1760/2556/1760 1761/2558/1761 1767/2559/1767
f 1767/2559/1767 1761/2558/1761 1762/2560/1762 1768/2561/1768
f 1768/2561/1768 1762/2560/1762 1763/2562/1763 1769/2563/1769
f 1769/2563/1769 1763/2562/1763 1764/2564/1764 1770/2565/1770
f 1777/2566/1777 1771/2567/1771 1772/2568/1772 1778/2569/1778
f 1778/2569/1778 1772/2568/1772 1773/2570/1773 1779/2571/1779
f 1779/2571/1779 1773/2570/1773 1774/2572/1774 1780/2573/1780
f 1780/2573/1780 1774/2572/1774 1775/2574/1775 1781/2575/1781
f 1781/2575/1781 1775/2574/1775 1776/2576/1776 1782/2577/1782
f 1789/2578/1789 1783/2579/1783 1784/2580/1784 1790/2581/1790
f 1790/2581/1790 1784/2580/1784 1785/2582/1785 1791/2583/1791
f 1791/2583/1791 1785/2582/1785 1786/2584/1786 1792/2585/1792
f 1792/2585/1792 1786/2584/1786 1787/2586/1787 1793/2587/1793
f 1793/2587/1793 1787/2586/1787 1788/2588/1788 1794/2589/1794
f 1751/2547/1751 1795/2590/1795 1796/2591/1796 1752/2548/1752
f 1703/2498/1703 1765/2554/1765 1766/2557/1766 1704/2499/1704
f 1704/2499/1704 1766/2557/1766 1767/2559/1767 1705/2500/1705
f 1705/2500/1705 1767/2559/1767 1768/2561/1768 1706/2501/1706
f 1706/2501/1706 1768/2561/1768 1769/2563/1769 1707/2502/1707
f 1707/2502/1707 1769/2563/1769 1770/2565/1770 1708/2503/1708
f 1709/2504/1709 1777/2566/1777 1778/2569/1778 1710/2505/1710
f 1710/2505/1710 1778/2569/1778 1779/2571/1779 1711/2506/1711
f 1711/2506/1711 1779/2571/1779 1780/2573/1780 1712/2507/1712
f 1712/2507/1712 1780/2573/1780 1781/2575/1781 1713/2508/1713
f 1713/2508/1713 1781/2575/1781 1782/2577/1782 1714/2509/1714
f 1783/2579/1783 1715/2510/1715 1716/2511/1716 1784/2580/1784
f 1784/2580/1784 1716/2511/1716 1717/2512/1717 1785/2582/1785
f 1785/2582/1785 1717/2512/1717 1718/2513/1718 1786/2584/1786
f 1786/2584/1786 1718/2513/1718 1719/2514/1719 1787/2586/1787
f 1787/2586/1787 1719/2514/1719 1720/2515/1720 1788/2588/1788
f 1797/2592/1797 1721/2516/1721 1722/2517/1722 1798/2593/1798
f 1798/2593/1798 1722/2517/1722 1723/2518/1723 1799/2594/1799
f 1799/2594/1799 1723/2518/1723 1724/2519/1724 1800/2595/1800
f 1800/2595/1800 1724/2519/1724 1725/2520/1725 1801/2596/1801
f 1801/2596/1801 1725/2520/1725 1726/2521/1726 1802/2597/1802
f 1759/2555/1759 1803/2598/1803 1804/2599/1804 1760/2556/1760
f 1760/2556/1760 1804/2599/1804 1805/2600/1805 1761/2558/1761
f 1761/2558/1761 1805/2600/1805 1806/2601/1806 1762/2560/1762
f 1762/2560/1762 1806/2601/1806 1807/2602/1807 1763/2562/1763
f 1763/2562/1763 1807/2602/1807 1808/2603/1808 1764/2564/1764
f 1771/2567/1771 1809/2604/1809 1810/2605/1810 1772/2568/1772
f 1772/2568/1772 1810/2605/1810 1811/2606/1811 1773/2570/1773
f 1773/2570/1773 1811/2606/1811 1812/2607/1812 1774/2572/1774
f 1774/2572/1774 1812/2607/1812 1813/2608/1813 1775/2574/1775
f 1775/2574/1775 1813/2608/1813 1814/2609/1814 1776/2576/1776
f 1815/2610/1815 1789/2578/1789 1790/2581/1790 1816/2611/1816
f 1816/2611/1816 1790/2581/1790 1791/2583/1791 1817/2612/1817
f 1817/2612/1817 1791/2583/1791 1792/2585/1792 1818/2613/1818
f 1818/2613/1818 1792/2585/1792 1793/2587/1793 1819/2614/1819
f 1819/2614/1819 1793/2587/1793 1794/2589/1794 1820/2615/1820
f 1827/2616/1827 1821/2617/1821 1822/2618/1822 1828/2619/1828
f 1828/2619/1828 1822/2618/1822 1823/2620/1823 1829/2621/1829
f 1829/2621/1829 1823/2620/1823 1824/2622/1824 1830/2623/1830
f 1830/2623/1830 1824/2622/1824 1825/2624/1825 1831/2625/1831
f 1831/2625/1831 1825/2624/1825 1826/2626/1826 1832/2627/1832
f 1835/2628/1835 1833/2629/1833 1834/2630/1834 1836/2631/1836
f 1837/2632/1837 1835/2628/1835 1836/2631/1836 1838/2633/1838
f 1839/2634/1839 1837/2632/1837 1838/2633/1838 1840/2635/1840
f 1843/2636/1843 1841/2637/1841 1842/2638/1842 1844/2639/1844
f 1845/2640/1845 1843/2636/1843 1844/2639/1844 1846/2641/1846
f 1847/2642/1847 1845/2640/1845 1846/2641/1846 1848/2643/1848
f 1851/2644/1851 1849/2645/1849 1850/2646/1850 1852/2647/1852
f 1853/2648/1853 1851/2644/1851 1852/2647/1852 1854/2649/1854
f 1855/2650/1855 1853/2648/1853 1854/2649/1854 1856/2651/1856
f 1859/2652/1859 1857/2653/1857 1858/2654/1858 1860/2655/1860
f 1861/2656/1861 1859/2657/1859 1860/2658/1860 1862/2659/1862
f 1795/2590/1795 1861/2656/1861 1862/2659/1862 1796/2591/1796
f 1803/2598/1803 1863/2660/1863 1864/2661/1864 1804/2599/1804
f 1804/2599/1804 1864/2661/1864 1865/2662/1865 1805/2600/1805
f 1805/2600/1805 1865/2662/1865 1866/2663/1866 1806/2601/1806
f 1806/2601/1806 1866/2663/1866 1867/2664/1867 1807/2602/1807
f 1807/2602/1807 1867/2664/1867 1868/2665/1868 1808/2603/1808
f 1809/2604/1809 1869/2666/1869 1870/2667/1870 1810/2605/1810
f 1810/2605/1810 1870/2667/1870 1871/2668/1871 1811/2606/1811
f 1811/2606/1811 1871/2668/1871 1872/2669/1872 1812/2607/1812
f 1812/2607/1812 1872/2669/1872 1873/2670/1873 1813/2608/1813
f 1813/2608/1813 1873/2670/1873 1874/2671/1874 1814/2609/1814
f 1869/2666/1869 1815/2610/1815 1816/2611/1816 1870/2667/1870
f 1870/2667/1870 1816/2611/1816 1817/2612/1817 1871/2668/1871
f 1871/2668/1871 1817/2612/1817 1818/2613/1818 1872/2669/1872
f 1872/2669/1872 1818/2613/1818 1819/2614/1819 1873/2670/1873
f 1873/2670/1873 1819/2614/1819 1820/2615/1820 1874/2671/1874
f 1863/2660/1863 1827/2616/1827 1828/2619/1828 1864/2661/1864
f 1864/2661/1864 1828/2619/1828 1829/2621/1829 1865/2662/1865
f 1865/2662/1865 1829/2621/1829 1830/2623/1830 1866/2663/1866
f 1866/2663/1866 1830/2623/1830 1831/2625/1831 1867/2664/1867
f 1867/2664/1867 1831/2625/1831 1832/2627/1832 1868/2665/1868
f 1821/2617/1821 1797/2592/1797 1798/2593/1798 1822/2618/1822
f 1822/2618/1822 1798/2593/1798 1799/2594/1799 1823/2620/1823
f 1823/2620/1823 1799/2594/1799 1800/2595/1800 1824/2622/1824
f 1824/2622/1824 1800/2595/1800 1801/2596/1801 1825/2624/1825
f 1825/2624/1825 1801/2596/1801 1802/2597/1802 1826/2626/1826
f 1857/2653/1857 1875/2672/1875 1876/2673/1876 1858/2654/1858
f 1875/2672/1875 1839/2634/1839 1840/2635/1840 1876/2673/1876
f 1833/2629/1833 1733/2528/1733 1734/2529/1734 1834/2630/1834
f 1727/2523/1727 1653/2440/1653 1654/2441/1654 1728/2524/1728
f 1647/2435/1647 1573/2358/1573 1574/2361/1574 1648/2436/1648
f 1567/2353/1567 1493/2272/1493 1494/2273/1494 1568/2354/1568
f 1487/2267/1487 1437/2214/1437 1438/2215/1438 1488/2268/1488
f 1431/2209/1431 1357/2134/1357 1358/2135/1358 1432/2210/1432
f 1351/2129/1351 1251/2028/1251 1252/2029/1252 1352/2130/1352
f 1259/2037/1259 1373/2150/1373 1374/2151/1374 1260/2038/1260
f 1367/2145/1367 1453/2232/1453 1454/2233/1454 1368/2146/1368
f 1447/2227/1447 1509/2288/1509 1510/2289/1510 1448/2228/1448
f 1503/2283/1503 1589/2376/1589 1590/2377/1590 1504/2284/1504
f 1583/2371/1583 1669/2458/1669 1670/2459/1670 1584/2372/1584
f 1663/2451/1663 1749/2544/1749 1750/2545/1750 1664/2452/1664
f 1743/2539/1743 1855/2650/1855 1856/2651/1856 1744/2540/1744
f 1849/2645/1849 1877/2674/1877 1878/2675/1878 1850/2646/1850
f 1877/2674/1877 1847/2642/1847 1848/2643/1848 1878/2675/1878
f 1841/2637/1841 1741/2536/1741 1742/2537/1742 1842/2638/1842
f 1735/2531/1735 1661/2448/1661 1662/2449/1662 1736/2532/1736
f 1655/2443/1655 1581/2368/1581 1582/2369/1582 1656/2444/1656
f 1575/2363/1575 1501/2280/1501 1502/2281/1502 1576/2364/1576
f 1495/2275/1495 1445/2222/1445 1446/2225/1446 1496/2276/1496
f 1439/2217/1439 1365/2142/1365 1366/2143/1366 1440/2218/1440
f 1359/2137/1359 1257/2034/1257 1258/2035/1258 1360/2138/1360
f 1263/2041/1263 1381/2158/1381 1382/2159/1382 1264/2042/1264
f 1375/2153/1375 1461/2240/1461 1462/2241/1462 1376/2154/1376
f 1455/2235/1455 1517/2296/1517 1518/2297/1518 1456/2236/1456
f 1511/2291/1511 1597/2384/1597 1598/2385/1598 1512/2292/1512
f 1591/2379/1591 1677/2466/1677 1678/2467/1678 1592/2380/1592
f 1671/2461/1671 1757/2552/1757 1758/2553/1758 1672/2462/1672
f 1248/2676/1248 1879/2677/1879 1252/2678/1252 1250/2679/1250
f 1254/2680/1254 1880/2681/1880 1258/2682/1258 1256/2683/1256
f 1248/2676/1248 1262/2684/1262 1260/2685/1260 1879/2677/1879
f 1254/2680/1254 1266/2686/1266 1264/2687/1264 1880/2681/1880
f 1899/2688/1899 1900/2689/1900 1278/2690/1278 1272/2691/1272
f 1931/2692/1931 1932/2693/1932 1290/2694/1290 1284/2695/1284
f 1900/2689/1900 1901/2696/1901 1296/2697/1296 1278/2690/1278
f 1932/2693/1932 1933/2698/1933 1302/2699/1302 1290/2694/1290
f 1898/2700/1898 1899/2688/1899 1272/2691/1272 1308/2701/1308
f 1930/2702/1930 1931/2692/1931 1284/2695/1284 1314/2703/1314
f 1901/2696/1901 1902/2704/1902 1320/2705/1320 1296/2697/1296
f 1933/2698/1933 1934/2706/1934 1326/2707/1326 1302/2699/1302
f 1897/2708/1897 1898/2700/1898 1308/2701/1308 1332/2709/1332
f 1929/2710/1929 1930/2702/1930 1314/2703/1314 1338/2711/1338
f 1902/2704/1902 1903/2712/1903 1344/2713/1344 1320/2705/1320
f 1934/2706/1934 1935/2714/1935 1350/2715/1350 1326/2707/1326
f 1352/2716/1352 1358/2717/1358 1356/2718/1356 1354/2719/1354
f 1360/2720/1360 1366/2721/1366 1364/2722/1364 1362/2723/1362
f 1374/2724/1374 1372/2725/1372 1370/2726/1370 1368/2727/1368
f 1382/2728/1382 1380/2729/1380 1378/2730/1378 1376/2731/1376
f 1896/2732/1896 1897/2708/1897 1332/2709/1332 1388/2733/1388
f 1928/2734/1928 1929/2710/1929 1338/2711/1338 1394/2735/1394
f 1903/2712/1903 1904/2736/1904 1400/2737/1400 1344/2713/1344
f 1935/2714/1935 1936/2738/1936 1406/2739/1406 1350/2715/1350
f 1895/2740/1895 1896/2732/1896 1388/2733/1388 1412/2741/1412
f 1927/2742/1927 1928/2734/1928 1394/2735/1394 1418/2743/1418
f 1904/2736/1904 1905/2744/1905 1424/2745/1424 1400/2737/1400
f 1936/2738/1936 1937/2746/1937 1430/2747/1430 1406/2739/1406
f 1432/2748/1432 1438/2749/1438 1436/2750/1436 1434/2751/1434
f 1440/2752/1440 1446/2753/1446 1444/2754/1444 1442/2755/1442
f 1454/2756/1454 1452/2757/1452 1450/2758/1450 1448/2759/1448
f 1462/2760/1462 1460/2761/1460 1458/2762/1458 1456/2763/1456
f 1894/2764/1894 1895/2740/1895 1412/2741/1412 1468/2765/1468
f 1926/2766/1926 1927/2742/1927 1418/2743/1418 1474/2767/1474
f 1905/2744/1905 1906/2768/1906 1480/2769/1480 1424/2745/1424
f 1937/2746/1937 1938/2770/1938 1486/2771/1486 1430/2747/1430
f 1488/2772/1488 1494/2773/1494 1492/2774/1492 1490/2775/1490
f 1496/2776/1496 1502/2777/1502 1500/2778/1500 1498/2779/1498
f 1510/2780/1510 1508/2781/1508 1506/2782/1506 1504/2783/1504
f 1518/2784/1518 1516/2785/1516 1514/2786/1514 1512/2787/1512
f 1893/2788/1893 1894/2764/1894 1468/2765/1468 1524/2789/1524
f 1925/2790/1925 1926/2766/1926 1474/2767/1474 1530/2791/1530
f 1906/2768/1906 1907/2792/1907 1536/2793/1536 1480/2769/1480
f 1938/2770/1938 1939/2794/1939 1542/2795/1542 1486/2771/1486
f 1892/2796/1892 1893/2788/1893 1524/2789/1524 1548/2797/1548
f 1924/2798/1924 1925/2790/1925 1530/2791/1530 1554/2799/1554
f 1907/2792/1907 1908/2800/1908 1560/2801/1560 1536/2793/1536
f 1939/2794/1939 1940/2802/1940 1566/2803/1566 1542/2795/1542
f 1568/2804/1568 1574/2805/1574 1572/2806/1572 1570/2807/1570
f 1576/2808/1576 1582/2809/1582 1580/2810/1580 1578/2811/1578
f 1590/2812/1590 1588/2813/1588 1586/2814/1586 1584/2815/1584
f 1598/2816/1598 1596/2817/1596 1594/2818/1594 1592/2819/1592
f 1891/2820/1891 1892/2796/1892 1548/2797/1548 1604/2821/1604
f 1923/2822/1923 1924/2798/1924 1554/2799/1554 1610/2823/1610
f 1908/2800/1908 1909/2824/1909 1616/2825/1616 1560/2801/1560
f 1940/2802/1940 1941/2826/1941 1622/2827/1622 1566/2803/1566
f 1890/2828/1890 1891/2820/1891 1604/2821/1604 1628/2829/1628
f 1922/2830/1922 1923/2822/1923 1610/2823/1610 1634/2831/1634
f 1909/2824/1909 1910/2832/1910 1640/2833/1640 1616/2825/1616
f 1941/2826/1941 1942/2834/1942 1646/2835/1646 1622/2827/1622
f 1648/2836/1648 1654/2837/1654 1652/2838/1652 1650/2839/1650
f 1656/2840/1656 1662/2841/1662 1660/2842/1660 1658/2843/1658
f 1670/2844/1670 1668/2845/1668 1666/2846/1666 1664/2847/1664
f 1678/2848/1678 1676/2849/1676 1674/2850/1674 1672/2851/1672
f 1889/2852/1889 1890/2828/1890 1628/2829/1628 1684/2853/1684
f 1921/2854/1921 1922/2830/1922 1634/2831/1634 1690/2855/1690
f 1910/2832/1910 1911/2856/1911 1696/2857/1696 1640/2833/1640
f 1942/2834/1942 1943/2858/1943 1702/2859/1702 1646/2835/1646
f 1888/2860/1888 1889/2852/1889 1684/2853/1684 1708/2861/1708
f 1920/2862/1920 1921/2854/1921 1690/2855/1690 1714/2863/1714
f 1911/2856/1911 1912/2864/1912 1720/2865/1720 1696/2857/1696
f 1943/2858/1943 1944/2866/1944 1726/2867/1726 1702/2859/1702
f 1728/2868/1728 1734/2869/1734 1732/2870/1732 1730/2871/1730
f 1736/2872/1736 1742/2873/1742 1740/2874/1740 1738/2875/1738
f 1750/2876/1750 1748/2877/1748 1746/2878/1746 1744/2879/1744
f 1758/2880/1758 1756/2881/1756 1754/2882/1754 1752/2883/1752
f 1886/2884/1886 1887/2885/1887 1770/2886/1770 1764/2887/1764
f 1918/2888/1918 1919/2889/1919 1782/2890/1782 1776/2891/1776
f 1913/2892/1913 1914/2893/1914 1794/2894/1794 1788/2895/1788
f 1883/2896/1883 1884/2897/1884 1752/2883/1752 1796/2898/1796
f 1887/2885/1887 1888/2860/1888 1708/2861/1708 1770/2886/1770
f 1919/2889/1919 1920/2862/1920 1714/2863/1714 1782/2890/1782
f 1912/2864/1912 1913/2892/1913 1788/2895/1788 1720/2865/1720
f 1944/2866/1944 1884/2897/1884 1802/2899/1802 1726/2867/1726
f 1885/2900/1885 1886/2884/1886 1764/2887/1764 1808/2901/1808
f 1917/2902/1917 1918/2888/1918 1776/2891/1776 1814/2903/1814
f 1914/2893/1914 1915/2904/1915 1820/2905/1820 1794/2894/1794
f 1883/2896/1883 1882/2906/1882 1832/2907/1832 1826/2908/1826
f 1834/2909/1834 1840/2910/1840 1838/2911/1838 1836/2912/1836
f 1842/2913/1842 1848/2914/1848 1846/2915/1846 1844/2916/1844
f 1856/2917/1856 1854/2918/1854 1852/2919/1852 1850/2920/1850
f 1796/2898/1796 1862/2921/1862 1860/2922/1860 1858/2923/1858
f 1881/2924/1881 1885/2900/1885 1808/2901/1808 1868/2925/1868
f 1916/2926/1916 1917/2902/1917 1814/2903/1814 1874/2927/1874
f 1915/2904/1915 1916/2926/1916 1874/2927/1874 1820/2905/1820
f 1882/2906/1882 1881/2924/1881 1868/2925/1868 1832/2907/1832
f 1884/2897/1884 1883/2896/1883 1826/2908/1826 1802/2899/1802
f 1882/2906/1882 1883/2896/1883 1796/2898/1796 1858/2923/1858
f 1881/2924/1881 1882/2906/1882 1858/2923/1858 1876/2928/1876
f 1885/2900/1885 1881/2924/1881 1876/2928/1876 1840/2910/1840
f 1886/2884/1886 1885/2900/1885 1840/2910/1840 1834/2909/1834
f 1887/2885/1887 1886/2884/1886 1834/2909/1834 1734/2869/1734
f 1888/2860/1888 1887/2885/1887 1734/2869/1734 1728/2868/1728
f 1889/2852/1889 1888/2860/1888 1728/2868/1728 1654/2837/1654
f 1890/2828/1890 1889/2852/1889 1654/2837/1654 1648/2836/1648
f 1891/2820/1891 1890/2828/1890 1648/2836/1648 1574/2805/1574
f 1892/2796/1892 1891/2820/1891 1574/2805/1574 1568/2804/1568
f 1893/2788/1893 1892/2796/1892 1568/2804/1568 1494/2773/1494
f 1894/2764/1894 1893/2788/1893 1494/2773/1494 1488/2772/1488
f 1895/2740/1895 1894/2764/1894 1488/2772/1488 1438/2749/1438
f 1896/2732/1896 1895/2740/1895 1438/2749/1438 1432/2748/1432
f 1897/2708/1897 1896/2732/1896 1432/2748/1432 1358/2717/1358
f 1898/2700/1898 1897/2708/1897 1358/2717/1358 1352/2716/1352
f 1899/2688/1899 1898/2700/1898 1352/2716/1352 1252/2678/1252
f 1900/2689/1900 1899/2688/1899 1252/2678/1252 1879/2677/1879
f 1901/2696/1901 1900/2689/1900 1879/2677/1879 1260/2685/1260
f 1902/2704/1902 1901/2696/1901 1260/2685/1260 1374/2724/1374
f 1903/2712/1903 1902/2704/1902 1374/2724/1374 1368/2727/1368
f 1904/2736/1904 1903/2712/1903 1368/2727/1368 1454/2756/1454
f 1905/2744/1905 1904/2736/1904 1454/2756/1454 1448/2759/1448
f 1906/2768/1906 1905/2744/1905 1448/2759/1448 1510/2780/1510
f 1907/2792/1907 1906/2768/1906 1510/2780/1510 1504/2783/1504
f 1908/2800/1908 1907/2792/1907 1504/2783/1504 1590/2812/1590
f 1909/2824/1909 1908/2800/1908 1590/2812/1590 1584/2815/1584
f 1910/2832/1910 1909/2824/1909 1584/2815/1584 1670/2844/1670
f 1911/2856/1911 1910/2832/1910 1670/2844/1670 1664/2847/1664
f 1912/2864/1912 1911/2856/1911 1664/2847/1664 1750/2876/1750
f 1913/2892/1913 1912/2864/1912 1750/2876/1750 1744/2879/1744
f 1914/2893/1914 1913/2892/1913 1744/2879/1744 1856/2917/1856
f 1915/2904/1915 1914/2893/1914 1856/2917/1856 1850/2920/1850
f 1916/2926/1916 1915/2904/1915 1850/2920/1850 1878/2929/1878
f 1917/2902/1917 1916/2926/1916 1878/2929/1878 1848/2914/1848
f 1918/2888/1918 1917/2902/1917 1848/2914/1848 1842/2913/1842
f 1919/2889/1919 1918/2888/1918 1842/2913/1842 1742/2873/1742
f 1920/2862/1920 1919/2889/1919 1742/2873/1742 1736/2872/1736
f 1921/2854/1921 1920/2862/1920 1736/2872/1736 1662/2841/1662
f 1922/2830/1922 1921/2854/1921 1662/2841/1662 1656/2840/1656
f 1923/2822/1923 1922/2830/1922 1656/2840/1656 1582/2809/1582
f 1924/2798/1924 1923/2822/1923 1582/2809/1582 1576/2808/1576
f 1925/2790/1925 1924/2798/1924 1576/2808/1576 1502/2777/1502
f 1926/2766/1926 1925/2790/1925 1502/2777/1502 1496/2776/1496
f 1927/2742/1927 1926/2766/1926 1496/2776/1496 1446/2753/1446
f 1928/2734/1928 1927/2742/1927 1446/2753/1446 1440/2752/1440
f 1929/2710/1929 1928/2734/1928 1440/2752/1440 1366/2721/1366
f 1930/2702/1930 1929/2710/1929 1366/2721/1366 1360/2720/1360
f 1931/2692/1931 1930/2702/1930 1360/2720/1360 1258/2682/1258
f 1932/2693/1932 1931/2692/1931 1258/2682/1258 1880/2681/1880
f 1933/2698/1933 1932/2693/1932 1880/2681/1880 1264/2687/1264
f 1934/2706/1934 1933/2698/1933 1264/2687/1264 1382/2728/1382
f 1935/2714/1935 1934/2706/1934 1382/2728/1382 1376/2731/1376
f 1936/2738/1936 1935/2714/1935 1376/2731/1376 1462/2760/1462
f 1937/2746/1937 1936/2738/1936 1462/2760/1462 1456/2763/1456
f 1938/2770/1938 1937/2746/1937 1456/2763/1456 1518/2784/1518
f 1939/2794/1939 1938/2770/1938 1518/2784/1518 1512/2787/1512
f 1940/2802/1940 1939/2794/1939 1512/2787/1512 1598/2816/1598
f 1941/2826/1941 1940/2802/1940 1598/2816/1598 1592/2819/1592
f 1942/2834/1942 1941/2826/1941 1592/2819/1592 1678/2848/1678
f 1943/2858/1943 1942/2834/1942 1678/2848/1678 1672/2851/1672
f 1944/2866/1944 1943/2858/1943 1672/2851/1672 1758/2880/1758
f 1884/2897/1884 1944/2866/1944 1758/2880/1758 1752/2883/1752

# 1966 faces
