# File exported by ZBrush version 2024
# www.zbrush.com
#Vertex Count 1574
#UV Vertex Count 1984
#Face Count 1574
#Auto scale x=1.172829 y=1.172829 z=1.172829
#Auto offset x=-0.001290 y=-0.068260 z=0.009274
mtllib gear_small.mtl
usemtl defaultMat
v -0.49590501 -0.001678 -0.052354
v -0.52719697 -0.001678 -0.03187
v -0.52099404 -0.001678 -0.073741
v -0.542255 -0.001678 -0.053412
v -0.483899 -0.001678 -0.087191
v -0.50779302 -0.001678 -0.098985
v -0.47588297 -0.001678 -0.116806
v -0.46836203 -0.001678 -0.142749
v -0.49280004 -0.001678 -0.152996
v -0.49996797 -0.001678 -0.126913
v -0.51804203 -0.001678 -0.16349501
v -0.52503697 -0.001678 -0.13795399
v -0.53192802 -0.001678 -0.11312
v -0.54288204 -0.001678 -0.091316
v -0.55167401 -0.001678 -0.14840401
v -0.55815301 -0.001678 -0.125438
v -0.56476597 -0.001678 -0.106095
v -0.57558296 -0.001678 -0.08935099
v -0.55861802 -0.001678 -0.07284899
v -0.58949294 -0.001678 -0.077325
v -0.57806202 -0.001678 -0.057795
v -0.60695705 -0.001678 -0.071203
v -0.59964702 -0.001678 -0.048985
v -0.590326 -0.001678 -0.027427
v -0.56613601 -0.001678 -0.038326
v -0.62564809 -0.001678 -0.069654
v -0.62128803 -0.001678 -0.04642
v -0.61557105 -0.001678 -0.022291
v -0.60981503 -0.001678 -0.000307
v -0.58159298 -0.001678 -0.006249
v -0.599107 -0.001678 0.07018099
v -0.57020201 -0.001678 0.065767
v -0.55347003 -0.001678 -0.016767
v -0.51311807 -0.001678 0.05117
v -0.48663806 -0.001678 0.044154
v -0.54130505 -0.001678 0.058838
v -0.53828597 -0.001678 0.085292
v -0.51088102 -0.001678 0.077902
v -0.56658699 -0.001678 0.092871
v -0.561321 -0.001678 0.11853
v -0.53387804 -0.001678 0.111321
v -0.55436001 -0.001678 0.14550101
v -0.54619995 -0.001678 0.17292001
v -0.51990199 -0.001678 0.16394401
v -0.52765203 -0.001678 0.13757899
v -0.53604505 -0.001678 0.2012
v -0.52446401 -0.001678 0.226373
v -0.50003597 -0.001678 0.215034
v -0.51073099 -0.001678 0.190171
v -0.54792005 -0.001678 0.23841799
v -0.47650502 -0.001678 0.360641
v -0.47572705 -0.001678 0.204043
v -0.45142504 -0.001678 0.193129
v -0.46060305 -0.001678 0.169714
v -0.48557204 -0.001678 0.17981499
v -0.46838999 -0.001678 0.145742
v -0.49414101 -0.001678 0.15484899
v -0.47521497 -0.001678 0.12134701
v -0.50128505 -0.001678 0.12944099
v -0.48051004 -0.001678 0.09640999
v -0.50689297 -0.001678 0.10384101
v -0.48424997 -0.001678 0.070862
v -0.45074495 -0.001678 -0.19101401
v -0.46005103 -0.001678 -0.16736799
v -0.474827 -0.001678 -0.20236101
v -0.484456 -0.001678 -0.178058
v -0.49931603 -0.001678 -0.21371402
v -0.50934002 -0.001678 -0.18913101
v -0.52432506 -0.001678 -0.225169
v -0.53532705 -0.001678 -0.20067001
v -0.54427799 -0.001678 -0.173424
v -0.54911404 -0.001678 -0.23733499
v -0.47704301 -0.001678 -0.35839701
v -0.45395604 -0.001678 -0.345769
v -0.43679696 -0.001678 -0.36990701
v -0.41513901 -0.001678 -0.39518402
v -0.39137901 -0.00167699 -0.418298
v -0.366577 -0.00167699 -0.440593
v -0.343334 -0.00167699 -0.45851999
v -0.35733701 -0.00167699 -0.48042303
v -0.235799 -0.00167699 -0.55326908
v -0.221216 -0.00167699 -0.52947
v -0.19195 -0.00167699 -0.541834
v -0.15416101 -0.00167699 -0.55501398
v -0.113447 -0.00167699 -0.56428703
v -0.079217 -0.00167699 -0.56318604
v -0.07179199 -0.00167699 -0.58646898
v 0.071129 -0.00167699 -0.58850803
v 0.069076 -0.00167699 -0.56152306
v 0.098894 -0.00167699 -0.561092
v 0.129648 -0.00167699 -0.55719299
v 0.16112299 -0.00167699 -0.55061195
v 0.192527 -0.00167699 -0.539631
v 0.21913799 -0.00167699 -0.52614701
v 0.23477299 -0.00167699 -0.54711595
v 0.35902 -0.00167699 -0.47954301
v 0.343934 -0.00167699 -0.45513499
v 0.36826599 -0.00167699 -0.43890198
v 0.39360602 -0.00167699 -0.41609401
v 0.417509 -0.001678 -0.39228101
v 0.44017703 -0.001678 -0.366101
v 0.45735298 -0.001678 -0.34210301
v 0.48090304 -0.001678 -0.35677602
v 0.54981004 -0.001678 -0.23102101
v 0.52787 -0.001678 -0.21793101
v 0.54099804 -0.001678 -0.19014
v 0.55236208 -0.001678 -0.16108299
v 0.56047904 -0.001678 -0.13065099
v 0.56660005 -0.001678 -0.099572
v 0.56866401 -0.001678 -0.070197
v 0.593318 -0.001678 -0.069812
v 0.59339799 -0.001678 0.07375399
v 0.56682601 -0.001678 0.07416599
v 0.56419895 -0.001678 0.104347
v 0.55839995 -0.001678 0.136655
v 0.550018 -0.001678 0.168228
v 0.53919795 -0.001678 0.200077
v 0.52674502 -0.001678 0.22636899
v 0.55151997 -0.001678 0.23881702
v 0.47914005 -0.001678 0.361136
v 0.45579704 -0.001678 0.35244501
v 0.43702804 -0.001678 0.37835802
v 0.414927 -0.001678 0.401252
v 0.39152502 -0.001678 0.42327399
v 0.36708302 -0.001678 0.44439306
v 0.343561 -0.001678 0.46043804
v 0.35867302 -0.001678 0.48369099
v 0.23470101 -0.001678 0.551194
v 0.22070301 -0.001678 0.52909499
v 0.193603 -0.001678 0.54131699
v 0.162302 -0.001678 0.552215
v 0.13059699 -0.001678 0.56103503
v 0.097612 -0.001678 0.568193
v 0.069068 -0.001678 0.57046603
v 0.070829 -0.001678 0.59853897
v -0.07108999 -0.001678 0.594939
v -0.072398 -0.001678 0.569097
v -0.101555 -0.001678 0.56618606
v -0.133385 -0.001678 0.559579
v -0.164491 -0.001678 0.55051401
v -0.195629 -0.001678 0.54005602
v -0.22240402 -0.001678 0.53003498
v -0.23420301 -0.001678 0.55362803
v -0.35779199 -0.001678 0.47937403
v -0.34619501 -0.001678 0.45744904
v -0.370055 -0.001678 0.43981203
v -0.393738 -0.001678 0.41865403
v -0.416347 -0.001678 0.396628
v -0.437771 -0.001678 0.37255601
v -0.45513997 -0.001678 0.34910501
v -0.41611401 -0.001678 0.35606599
v -0.43310805 -0.001678 0.33403702
v -0.41146201 -0.001678 0.31810502
v -0.43145199 -0.001678 -0.33164799
v -0.40942601 -0.001678 -0.31652801
v -0.39274402 -0.001678 -0.33807001
v -0.41436101 -0.001678 -0.35451402
v -0.37441701 -0.001678 -0.35913501
v -0.394604 -0.001678 -0.377241
v -0.35447402 -0.001678 -0.37926401
v -0.37310402 -0.001678 -0.39892301
v -0.33360301 -0.001678 -0.39785701
v -0.35045703 -0.00167699 -0.41905999
v -0.31217001 -0.00167699 -0.41473299
v -0.32800901 -0.00167699 -0.436558
v -0.208278 -0.00167699 -0.50549193
v -0.196107 -0.00167699 -0.48117905
v -0.169385 -0.00167699 -0.49181807
v -0.179629 -0.00167699 -0.51723896
v -0.140953 -0.00167699 -0.50176897
v -0.14815099 -0.00167699 -0.52872995
v -0.11309401 -0.00167699 -0.50924803
v -0.11573101 -0.00167699 -0.53707002
v -0.085496 -0.00167699 -0.51313799
v -0.08448299 -0.00167699 -0.53923002
v 0.06527099 -0.00167699 -0.53478702
v 0.060852 -0.00167699 -0.50874805
v 0.088439 -0.00167699 -0.50639706
v 0.093912 -0.00167699 -0.53289403
v 0.115751 -0.00167699 -0.50232597
v 0.12274 -0.00167699 -0.52926896
v 0.142804 -0.00167699 -0.49654597
v 0.15170699 -0.00167699 -0.52343701
v 0.168785 -0.00167699 -0.48888304
v 0.17948399 -0.00167699 -0.51495099
v 0.19374899 -0.00167699 -0.47917303
v 0.20544801 -0.00167699 -0.50361297
v 0.32796901 -0.00167699 -0.43249604
v 0.31184 -0.001678 -0.410624
v 0.33397499 -0.001678 -0.39376001
v 0.351176 -0.00167699 -0.41534702
v 0.35559501 -0.001678 -0.37498799
v 0.374577 -0.001678 -0.39528002
v 0.37615299 -0.001678 -0.35465499
v 0.39651002 -0.001678 -0.37337302
v 0.39537999 -0.001678 -0.33313001
v 0.417 -0.001678 -0.34992999
v 0.41270599 -0.00167699 -0.31128999
v 0.43468895 -0.001678 -0.326811
v 0.50486404 -0.001678 -0.20594101
v 0.48075698 -0.001678 -0.194912
v 0.49143696 -0.001678 -0.16975001
v 0.516564 -0.001678 -0.179644
v 0.500196 -0.001678 -0.144051
v 0.52640604 -0.001678 -0.152427
v 0.50715902 -0.001678 -0.117782
v 0.53402303 -0.001678 -0.12432899
v 0.51260604 -0.001678 -0.091291
v 0.53929594 -0.001678 -0.095806
v 0.51583898 -0.001678 -0.064744
v 0.54216998 -0.001678 -0.06794899
v 0.54046299 -0.001678 0.07267499
v 0.51402202 -0.001678 0.070312
v 0.51015595 -0.001678 0.097717
v 0.53688701 -0.001678 0.10147599
v 0.50455799 -0.001678 0.125216
v 0.53100994 -0.001678 0.130919
v 0.49708798 -0.001678 0.152567
v 0.52311405 -0.001678 0.16021199
v 0.48804098 -0.001678 0.179254
v 0.51322108 -0.001678 0.188809
v 0.47764398 -0.001678 0.204824
v 0.50202699 -0.001678 0.215277
v 0.43302099 -0.001678 0.33864501
v 0.41117901 -0.001678 0.322258
v 0.393755 -0.001678 0.34270001
v 0.41485901 -0.001678 0.36064501
v 0.374611 -0.001678 0.362827
v 0.39453701 -0.001678 0.38196902
v 0.35443301 -0.001678 0.38210202
v 0.37282402 -0.001678 0.40250401
v 0.333374 -0.001678 0.399929
v 0.35024399 -0.001678 0.42145103
v 0.31186399 -0.001678 0.416104
v 0.327812 -0.001678 0.43805596
v 0.208023 -0.001678 0.50546495
v 0.196204 -0.001678 0.48135301
v 0.17070401 -0.001678 0.49154104
v 0.181502 -0.001678 0.51662397
v 0.14424699 -0.001678 0.50032702
v 0.153123 -0.001678 0.52631202
v 0.116999 -0.001678 0.50746903
v 0.12380601 -0.001678 0.53406104
v 0.08964099 -0.001678 0.51276796
v 0.094178 -0.001678 0.53980303
v 0.062759 -0.001678 0.51638704
v 0.066134 -0.001678 0.543248
v -0.07178 -0.001678 0.54199404
v -0.070251 -0.001678 0.51519396
v -0.09699899 -0.001678 0.51125501
v -0.099838 -0.001678 0.538353
v -0.12397299 -0.001678 0.50552898
v -0.128668 -0.001678 0.532313
v -0.15097199 -0.001678 0.49811203
v -0.157549 -0.001678 0.52424299
v -0.17754101 -0.001678 0.48932605
v -0.186153 -0.001678 0.51465404
v -0.202925 -0.001678 0.47962295
v -0.21267701 -0.001678 0.504664
v -0.33201301 -0.001678 0.435565
v -0.31648702 -0.001678 0.41400701
v -0.33723101 -0.001678 0.39699399
v -0.35401899 -0.001678 0.418004
v -0.357598 -0.001678 0.378564
v -0.37580301 -0.001678 0.39844799
v -0.37695599 -0.001678 0.35906501
v -0.39656003 -0.001678 0.37773002
v -0.39510199 -0.001678 0.33878898
v -0.357375 -0.001678 0.34047899
v -0.37440802 -0.001678 0.32143599
v -0.389974 -0.001678 0.30173801
v -0.38777301 -0.001678 -0.30088899
v -0.37177601 -0.001678 -0.321186
v -0.35442599 -0.001678 -0.340806
v -0.33588701 -0.001678 -0.35948301
v -0.31636302 -0.001678 -0.37698099
v -0.29613502 -0.001678 -0.39306
v -0.184604 -0.00167699 -0.45648999
v -0.15944999 -0.00167699 -0.46617296
v -0.133246 -0.00167699 -0.47464801
v -0.10747899 -0.00167699 -0.48144007
v -0.081674 -0.00167699 -0.48630397
v 0.056276 -0.00167699 -0.48323497
v 0.08266299 -0.00167699 -0.480384
v 0.108668 -0.00167699 -0.47621503
v 0.13421699 -0.00167699 -0.47048504
v 0.158916 -0.00167699 -0.46312999
v 0.18294799 -0.00167699 -0.45426503
v 0.29587001 -0.001678 -0.38935902
v 0.31681001 -0.001678 -0.373041
v 0.337051 -0.001678 -0.35527001
v 0.35632602 -0.001678 -0.336166
v 0.37450402 -0.001678 -0.31616601
v 0.39111301 -0.001678 -0.29548601
v 0.45639602 -0.001678 -0.18430401
v 0.46611802 -0.001678 -0.16036101
v 0.47435299 -0.001678 -0.136058
v 0.48082396 -0.001678 -0.111293
v 0.48599695 -0.001678 -0.086385
v 0.48920896 -0.001678 -0.06108
v 0.48784299 -0.001678 0.067577
v 0.48385596 -0.001678 0.093528
v 0.47837296 -0.001678 0.11941699
v 0.47127099 -0.001678 0.145017
v 0.46297503 -0.001678 0.170178
v 0.45336606 -0.001678 0.194599
v 0.38957399 -0.001678 0.30543899
v 0.373086 -0.001678 0.32500403
v 0.355093 -0.001678 0.344013
v 0.336098 -0.001678 0.362063
v 0.316288 -0.001678 0.37891502
v 0.29589601 -0.001678 0.39455701
v 0.18494 -0.001678 0.45695495
v 0.16066299 -0.001678 0.46616905
v 0.135764 -0.001678 0.47441398
v 0.11030699 -0.001678 0.48105103
v 0.084653 -0.001678 0.48602602
v 0.05910899 -0.001678 0.48972103
v -0.068098 -0.001678 0.48849604
v -0.093479 -0.001678 0.48449204
v -0.118863 -0.001678 0.47897102
v -0.144169 -0.001678 0.47214603
v -0.168985 -0.001678 0.46391604
v -0.193 -0.001678 0.454761
v -0.30075299 -0.001678 0.392548
v -0.32036501 -0.001678 0.37629501
v -0.339355 -0.001678 0.35890799
v -0.58559404 -0.001678 -0.134699
v -0.58559404 -0.137687 -0.134699
v -0.58979004 -0.001678 -0.115138
v -0.58979004 -0.137687 -0.115138
v -0.59171302 -0.001678 -0.101322
v -0.59171302 -0.137687 -0.101322
v -0.60071702 -0.001678 -0.09478
v -0.60071702 -0.137687 -0.09478
v -0.61146205 -0.001678 -0.093515
v -0.61146205 -0.137687 -0.093515
v -0.30979201 -0.001678 -0.26855799
v -0.30979201 -0.137687 -0.26855799
v -0.29527301 -0.001678 -0.28464401
v -0.29527301 -0.137687 -0.28464401
v 0.281228 -0.001678 0.30275403
v 0.281228 -0.137687 0.30275403
v 0.264804 -0.001678 0.31692401
v 0.264804 -0.137687 0.31692401
v -0.24706602 -0.001678 -0.32792701
v -0.24706602 -0.137687 -0.32792701
v -0.15267999 -0.001678 -0.381279
v -0.15267999 -0.137687 -0.381279
v -0.84291103 -0.001678 0.07158699
v -0.84291103 -0.137687 0.07158699
v -0.83999908 -0.001678 0.091646
v -0.83999908 -0.137687 0.091646
v -0.59482195 -0.001678 0.100822
v -0.59482195 -0.137687 0.100822
v -0.84374999 -0.001678 0.002346
v -0.84374999 -0.137687 0.002346
v -0.84375406 -0.001678 -0.02037
v -0.84375406 -0.137687 -0.02037
v -0.84373901 -0.001678 -0.042914
v -0.84373901 -0.137687 -0.042914
v -0.84355006 -0.001678 -0.06564299
v -0.84355006 -0.137687 -0.06564299
v -0.627159 -0.001678 -0.093653
v -0.627159 -0.137687 -0.093653
v -0.84245008 -0.001678 -0.085181
v -0.84245008 -0.137687 -0.085181
v 0.247648 -0.001678 0.33019801
v 0.247648 -0.137687 0.33019801
v 0.153441 -0.001678 0.383151
v 0.153441 -0.137687 0.383151
v 0.044448 -0.001678 -0.40675802
v 0.044448 -0.137687 -0.40675802
v 0.066944 -0.001678 -0.40345203
v 0.066944 -0.137687 -0.40345203
v 0.84761805 -0.001678 0.066286
v 0.84761805 -0.137687 0.066286
v 0.84736302 -0.001678 -0.064002
v 0.84736302 -0.137687 -0.064002
v 0.39035801 -0.001678 -0.133199
v 0.39035801 -0.137687 -0.133199
v 0.39701701 -0.001678 -0.11261899
v 0.39701701 -0.137687 -0.11261899
v 0.325222 -0.001678 0.255393
v 0.325222 -0.137687 0.255393
v 0.311552 -0.001678 0.27210701
v 0.311552 -0.137687 0.27210701
v -0.36660002 -0.001678 0.76790208
v -0.36660002 -0.137687 0.76790208
v -0.34670203 -0.001678 0.77676602
v -0.34670203 -0.137687 0.77676602
v -0.20841401 -0.001678 0.56764697
v -0.20841401 -0.137687 0.56764697
v -0.378041 -0.001678 0.160594
v -0.378041 -0.137687 0.160594
v -0.38576801 -0.001678 0.140447
v -0.38576801 -0.137687 0.140447
v -0.46314503 -0.001678 0.38664501
v -0.46314503 -0.137687 0.38664501
v -0.43715098 -0.001678 0.41476001
v -0.43715098 -0.137687 0.41476001
v -0.41166301 -0.001678 0.43965998
v -0.41166301 -0.137687 0.43965998
v -0.383739 -0.001678 0.46427799
v -0.383739 -0.137687 0.46427799
v -0.58831999 -0.001678 0.125492
v -0.58831999 -0.137687 0.125492
v -0.58136103 -0.001678 0.152748
v -0.58136103 -0.137687 0.152748
v -0.57266999 -0.001678 0.18241601
v -0.57266999 -0.137687 0.18241601
v -0.56417207 -0.001678 0.214361
v -0.56417207 -0.137687 0.214361
v 0.29679303 -0.001678 0.28784099
v 0.29679303 -0.137687 0.28784099
v -0.700571 -0.001678 0.48131205
v -0.700571 -0.137687 0.48131205
v -0.68478003 -0.001678 0.499082
v -0.68478003 -0.137687 0.499082
v -0.76523503 -0.001678 0.36896801
v -0.76523503 -0.137687 0.36896801
v -0.77531705 -0.001678 0.348817
v -0.77531705 -0.137687 0.348817
v 0.069818 -0.001678 0.40677802
v 0.069818 -0.137687 0.40677802
v 0.04839 -0.001678 0.40994701
v 0.04839 -0.137687 0.40994701
v 0.088881 -0.001678 -0.39946899
v 0.088881 -0.137687 -0.39946899
v 0.39456499 -0.001678 0.122137
v 0.39456499 -0.137687 0.122137
v 0.387622 -0.001678 0.14291101
v 0.387622 -0.137687 0.14291101
v 0.110388 -0.001678 -0.39408003
v 0.110388 -0.137687 -0.39408003
v 0.13140299 -0.001678 -0.38780099
v 0.13140299 -0.137687 -0.38780099
v -0.27997102 -0.001678 -0.29991099
v -0.27997102 -0.137687 -0.29991099
v -0.263849 -0.001678 -0.314382
v -0.263849 -0.137687 -0.314382
v -0.32544899 -0.001678 0.25208398
v -0.32544899 -0.137687 0.25208398
v 0.112142 -0.001678 0.397236
v 0.112142 -0.137687 0.397236
v 0.091141 -0.001678 0.402468
v 0.091141 -0.137687 0.402468
v 0.31364901 -0.001678 -0.26488201
v 0.31364901 -0.137687 -0.26488201
v 0.32769201 -0.001678 -0.247614
v 0.32769201 -0.137687 -0.247614
v -0.100939 -0.001678 0.59579503
v -0.100939 -0.137687 0.59579503
v -0.088794 -0.001678 0.84222601
v -0.088794 -0.137687 0.84222601
v -0.065293 -0.001678 0.84691803
v -0.065293 -0.137687 0.84691803
v 0.064828 -0.001678 0.84777701
v 0.064828 -0.137687 0.84777701
v 0.086277 -0.001678 0.84750299
v 0.086277 -0.137687 0.84750299
v 0.098892 -0.001678 0.60245902
v 0.098892 -0.137687 0.60245902
v -0.40289701 -0.001678 0.076657
v -0.40289701 -0.137687 0.076657
v -0.40658 -0.001678 0.053947
v -0.40658 -0.137687 0.053947
v -0.39244801 -0.001678 0.119788
v -0.39244801 -0.137687 0.119788
v -0.39820501 -0.001678 0.098515
v -0.39820501 -0.137687 0.098515
v -0.40906503 -0.001678 0.030165
v -0.40906503 -0.137687 0.030165
v -0.40805303 -0.001678 -0.045018
v -0.40805303 -0.137687 -0.045018
v -0.40444601 -0.001678 -0.06954
v -0.40444601 -0.137687 -0.06954
v -0.39937403 -0.001678 -0.09285199
v -0.39937403 -0.137687 -0.09285199
v -0.39328201 -0.001678 -0.11536
v -0.39328201 -0.137687 -0.11536
v -0.38612501 -0.001678 -0.137014
v -0.38612501 -0.137687 -0.137014
v -0.26824099 -0.001678 0.31372301
v -0.26824099 -0.137687 0.31372301
v -0.28383501 -0.001678 0.29950602
v -0.28383501 -0.137687 0.29950602
v -0.56526107 -0.001678 -0.212853
v -0.56526107 -0.137687 -0.212853
v -0.57165601 -0.001678 -0.182903
v -0.57165601 -0.137687 -0.182903
v -0.57926201 -0.001678 -0.157147
v -0.57926201 -0.137687 -0.157147
v 0.36937498 -0.001678 0.767656
v 0.36937498 -0.137687 0.767656
v 0.48171801 -0.001678 0.70226502
v 0.48171801 -0.137687 0.70226502
v -0.142357 -0.001678 0.38787902
v -0.142357 -0.137687 0.38787902
v -0.162095 -0.001678 0.379913
v -0.162095 -0.137687 0.379913
v -0.31255201 -0.001678 0.26874102
v -0.31255201 -0.137687 0.26874102
v -0.29852799 -0.001678 0.28453202
v -0.29852799 -0.137687 0.28453202
v -0.76502301 -0.001678 -0.366285
v -0.76502301 -0.137687 -0.366285
v -0.77592406 -0.001678 -0.34594101
v -0.77592406 -0.137687 -0.34594101
v -0.25195499 -0.001678 0.32692001
v -0.25195499 -0.137687 0.32692001
v -0.47912597 -0.001678 0.70297002
v -0.47912597 -0.137687 0.70297002
v -0.68644798 -0.00167699 -0.49844404
v -0.68644798 -0.137687 -0.49844404
v -0.700051 -0.00167699 -0.47908603
v -0.700051 -0.137687 -0.47908603
v -0.46282404 -0.001678 -0.38314599
v -0.46282404 -0.137687 -0.38314599
v -0.101218 -0.001678 0.40044999
v -0.101218 -0.137687 0.40044999
v -0.121923 -0.001678 0.39473202
v -0.121923 -0.137687 0.39473202
v -0.43600303 -0.00167699 -0.41281701
v -0.43600303 -0.137687 -0.41281701
v -0.409894 -0.00167699 -0.43872004
v -0.409894 -0.137687 -0.43872004
v -0.38178401 -0.00167699 -0.46565499
v -0.38178401 -0.137687 -0.46565499
v 0.28266599 -0.001678 -0.297263
v 0.28266599 -0.137687 -0.297263
v 0.29860102 -0.001678 -0.28158401
v 0.29860102 -0.137687 -0.28158401
v 0.13303 -0.001678 0.390744
v 0.13303 -0.137687 0.390744
v -0.47986796 -0.001678 -0.69917098
v -0.47986796 -0.137687 -0.69917098
v -0.49870699 -0.00167699 -0.68430403
v -0.49870699 -0.137687 -0.68430403
v -0.36603702 -0.001678 -0.76515799
v -0.366036 -0.137687 -0.76515799
v -0.13851499 -0.001678 0.58706201
v -0.13851499 -0.137687 0.58706201
v -0.34536202 -0.00167699 -0.775951
v -0.34536202 -0.137687 -0.775951
v -0.215758 -0.00167699 -0.56744699
v -0.215758 -0.137687 -0.56744699
v -0.15999299 -0.00167699 -0.578531
v -0.15999299 -0.137687 -0.578531
v -0.101644 -0.00167699 -0.59158901
v -0.101644 -0.137687 -0.59158901
v 0.40965702 -0.001678 -0.04992
v 0.40965702 -0.137687 -0.04992
v 0.40885402 -0.001678 0.057991
v 0.40885402 -0.137687 0.057991
v 0.40226901 -0.001678 -0.091965
v 0.40226901 -0.137687 -0.091965
v -0.497049 -0.001678 0.69022303
v -0.497049 -0.137687 0.69022303
v 0.37974399 -0.001678 0.163196
v 0.37974399 -0.137687 0.163196
v -0.061326 -0.00167699 -0.84395602
v -0.061326 -0.137687 -0.84395602
v -0.083564 -0.00167699 -0.84306004
v -0.083564 -0.137687 -0.84306004
v 0.06766899 -0.00167699 -0.84380305
v 0.06766899 -0.137687 -0.84380305
v 0.102918 -0.00167699 -0.59300398
v 0.102918 -0.137687 -0.59300398
v 0.090631 -0.00167699 -0.84132998
v 0.090631 -0.137687 -0.84132998
v -0.059013 -0.001678 0.408554
v -0.059013 -0.137687 0.408554
v 0.40641501 -0.001678 -0.071069
v 0.40641501 -0.137687 -0.071069
v 0.38248801 -0.001678 -0.153286
v 0.38248801 -0.137687 -0.153286
v 0.13643799 -0.00167699 -0.58568399
v 0.13643799 -0.137687 -0.58568399
v 0.170524 -0.00167699 -0.57690503
v 0.170524 -0.137687 -0.57690503
v 0.211035 -0.00167699 -0.56353406
v 0.211035 -0.137687 -0.56353406
v 0.26572201 -0.001678 -0.31220299
v 0.26572201 -0.137687 -0.31220299
v 0.37068902 -0.001678 -0.76456704
v 0.37068902 -0.137687 -0.76456704
v 0.35155002 -0.00167699 -0.77520301
v 0.35155002 -0.137687 -0.77520301
v 0.479904 -0.001678 -0.70119295
v 0.479904 -0.137687 -0.70119295
v -0.13188099 -0.001678 -0.389033
v -0.13188099 -0.137687 -0.38903401
v 0.38506101 -0.00167699 -0.46827899
v 0.38506101 -0.137687 -0.46827899
v 0.49697404 -0.00167699 -0.68999205
v 0.49697404 -0.137687 -0.68999205
v 0.248168 -0.001678 -0.325943
v 0.248168 -0.137687 -0.325943
v 0.40518002 -0.001678 0.079659
v 0.40518002 -0.137687 0.079659
v 0.41341401 -0.00167699 -0.439052
v 0.41341401 -0.137687 -0.439052
v 0.44038804 -0.00167699 -0.41123901
v 0.44038804 -0.137687 -0.41123901
v 0.46901798 -0.001678 -0.381151
v 0.46901798 -0.137687 -0.381151
v 0.70163199 -0.00167699 -0.48084902
v 0.70163199 -0.137687 -0.48084902
v 0.68660009 -0.00167699 -0.49801501
v 0.68660009 -0.137687 -0.49801501
v 0.76847402 -0.001678 -0.36519001
v 0.76847402 -0.137687 -0.36519001
v 0.40049301 -0.001678 0.10106299
v 0.40049301 -0.137687 0.10106299
v 0.567426 -0.001678 -0.202878
v 0.567426 -0.137687 -0.202878
v 0.77621501 -0.001678 -0.34375501
v 0.77621501 -0.137687 -0.34375501
v -0.080261 -0.001678 0.404982
v -0.080261 -0.137687 0.404982
v 0.57855402 -0.001678 -0.16964001
v 0.57855402 -0.137687 -0.16964001
v 0.58744398 -0.001678 -0.13670801
v 0.58744398 -0.137687 -0.13670801
v 0.59581404 -0.001678 -0.100901
v 0.59581404 -0.137687 -0.100901
v -0.089297 -0.001678 -0.400958
v -0.089297 -0.137687 -0.400958
v -0.067825 -0.001678 -0.40508801
v -0.067825 -0.137687 -0.40508801
v 0.84435807 -0.001678 -0.087554
v 0.84435807 -0.137687 -0.087554
v -0.17257699 -0.001678 0.57770602
v -0.17257699 -0.137687 0.577705
v -0.32339299 -0.001678 -0.25171802
v -0.32339299 -0.137687 -0.25171802
v 0.15210401 -0.001678 -0.38033103
v 0.15210401 -0.137687 -0.38033103
v 0.84647701 -0.001678 0.08892
v 0.84647701 -0.137687 0.08892
v 0.59575407 -0.001678 0.10448999
v 0.59575407 -0.137687 0.10448999
v 0.586709 -0.001678 0.142345
v 0.586709 -0.137687 0.142345
v 0.577179 -0.001678 0.17795401
v 0.577179 -0.137687 0.17795401
v 0.56857405 -0.001678 0.21576201
v 0.56857405 -0.137687 0.21576201
v -0.110701 -0.001678 -0.39556599
v -0.110701 -0.137687 -0.39556599
v 0.76742304 -0.001678 0.37036602
v 0.76742304 -0.137687 0.37036602
v 0.77688596 -0.001678 0.35186801
v 0.77688596 -0.137687 0.35186801
v 0.687696 -0.001678 0.49903697
v 0.687696 -0.137687 0.49903697
v 0.70206601 -0.001678 0.48249801
v 0.70206601 -0.137687 0.48249801
v 0.46271097 -0.001678 0.38930901
v 0.46271097 -0.137687 0.38930901
v -0.37808801 -0.001678 -0.15793801
v -0.37808801 -0.137687 -0.15793801
v 0.43597096 -0.001678 0.41928803
v 0.43597096 -0.137687 0.41928803
v 0.41021402 -0.001678 0.44435596
v 0.41021402 -0.137687 0.44435504
v 0.38489701 -0.001678 0.47201003
v 0.38489701 -0.137687 0.47201003
v 0.49857104 -0.001678 0.68905902
v 0.49857104 -0.137687 0.68905902
v 0.34942002 -0.001678 0.776709
v 0.34942002 -0.137687 0.776709
v 0.210004 -0.001678 0.56662099
v 0.210004 -0.137687 0.56662099
v 0.13611699 -0.001678 0.58830205
v 0.13611699 -0.137687 0.58830205
v 0.172276 -0.001678 0.57882297
v 0.172276 -0.137687 0.57882297
v -0.49590501 -0.137687 -0.052354
v -0.52719697 -0.137687 -0.03187
v -0.52099404 -0.137687 -0.073741
v -0.542255 -0.137687 -0.053412
v -0.483899 -0.137687 -0.087191
v -0.50779302 -0.137687 -0.098985
v -0.47588297 -0.137687 -0.116806
v -0.46836203 -0.137687 -0.142749
v -0.49280004 -0.137687 -0.152996
v -0.49996797 -0.137687 -0.126913
v -0.51804203 -0.137687 -0.16349501
v -0.52503697 -0.137687 -0.13795399
v -0.53192802 -0.137687 -0.11312
v -0.54288204 -0.137687 -0.091316
v -0.55167401 -0.137687 -0.14840401
v -0.55815301 -0.137687 -0.125438
v -0.56476597 -0.137687 -0.106095
v -0.57558296 -0.137687 -0.08935099
v -0.55861802 -0.137687 -0.07284899
v -0.58949294 -0.137687 -0.077325
v -0.57806202 -0.137687 -0.057795
v -0.60695705 -0.137687 -0.071203
v -0.59964702 -0.137687 -0.048985
v -0.590326 -0.137687 -0.027427
v -0.56613601 -0.137687 -0.038326
v -0.62564809 -0.137687 -0.069654
v -0.62128803 -0.137687 -0.04642
v -0.61557105 -0.137687 -0.022291
v -0.60981503 -0.137687 -0.000307
v -0.58159298 -0.137687 -0.006249
v -0.599107 -0.137687 0.07018099
v -0.57020201 -0.137687 0.065767
v -0.55347003 -0.137687 -0.016767
v -0.51311807 -0.137687 0.05117
v -0.48663806 -0.137687 0.044154
v -0.54130505 -0.137687 0.058838
v -0.53828597 -0.137687 0.085292
v -0.51088102 -0.137687 0.077902
v -0.56658699 -0.137687 0.092871
v -0.561321 -0.137687 0.11853
v -0.53387804 -0.137687 0.111321
v -0.55436001 -0.137687 0.14550101
v -0.54619995 -0.137687 0.17292001
v -0.51990199 -0.137687 0.16394401
v -0.52765203 -0.137687 0.13757899
v -0.53604505 -0.137687 0.2012
v -0.52446401 -0.137687 0.226373
v -0.50003597 -0.137687 0.215034
v -0.51073099 -0.137687 0.190171
v -0.54792005 -0.137687 0.23841799
v -0.47650502 -0.137687 0.360641
v -0.47572705 -0.137687 0.204043
v -0.45142504 -0.137687 0.193129
v -0.46060305 -0.137687 0.169714
v -0.48557204 -0.137687 0.17981499
v -0.46838999 -0.137687 0.145742
v -0.49414101 -0.137687 0.15484899
v -0.47521497 -0.137687 0.12134701
v -0.50128505 -0.137687 0.12944099
v -0.48051004 -0.137687 0.09640999
v -0.50689297 -0.137687 0.10384101
v -0.48424997 -0.137687 0.070862
v -0.45074495 -0.137687 -0.19101401
v -0.46005103 -0.137687 -0.16736799
v -0.474827 -0.137687 -0.20236101
v -0.484456 -0.137687 -0.178058
v -0.49931603 -0.137687 -0.21371402
v -0.50934002 -0.137687 -0.18913101
v -0.52432506 -0.137687 -0.225169
v -0.53532705 -0.137687 -0.20067001
v -0.54427799 -0.137687 -0.173424
v -0.54911404 -0.137687 -0.23733499
v -0.47704301 -0.137687 -0.35839701
v -0.45395604 -0.137687 -0.345769
v -0.43679696 -0.137687 -0.36990701
v -0.41513901 -0.137687 -0.39518402
v -0.39137901 -0.137687 -0.418298
v -0.366577 -0.137687 -0.440593
v -0.343334 -0.137687 -0.45851999
v -0.35733701 -0.137687 -0.48042303
v -0.235799 -0.137687 -0.55326908
v -0.221216 -0.137687 -0.52947
v -0.19195 -0.137687 -0.541834
v -0.15416101 -0.137687 -0.55501398
v -0.113447 -0.137687 -0.56428703
v -0.079217 -0.137687 -0.56318604
v -0.07179199 -0.137687 -0.58646898
v 0.071129 -0.137687 -0.58850803
v 0.069076 -0.137687 -0.56152306
v 0.098894 -0.137687 -0.561092
v 0.129648 -0.137687 -0.55719401
v 0.16112299 -0.137687 -0.55061195
v 0.192527 -0.137687 -0.539631
v 0.21913799 -0.137687 -0.52614701
v 0.23477299 -0.137687 -0.54711595
v 0.35902 -0.137687 -0.47954301
v 0.343934 -0.137687 -0.45513499
v 0.36826599 -0.137687 -0.43890198
v 0.39360602 -0.137687 -0.41609401
v 0.417509 -0.137687 -0.39228101
v 0.44017703 -0.137687 -0.366101
v 0.45735298 -0.137687 -0.34210301
v 0.48090304 -0.137687 -0.35677602
v 0.54981004 -0.137687 -0.23102101
v 0.52787 -0.137687 -0.21793101
v 0.54099804 -0.137687 -0.19014
v 0.55236208 -0.137687 -0.16108299
v 0.56047904 -0.137687 -0.13065099
v 0.56660005 -0.137687 -0.099572
v 0.56866401 -0.137687 -0.070197
v 0.593318 -0.137687 -0.069812
v 0.59339799 -0.137687 0.07375399
v 0.56682601 -0.137687 0.07416599
v 0.56419895 -0.137687 0.104347
v 0.55839995 -0.137687 0.136655
v 0.550018 -0.137687 0.168228
v 0.53919795 -0.137687 0.200077
v 0.52674502 -0.137687 0.22636899
v 0.55151997 -0.137687 0.23881702
v 0.47914005 -0.137687 0.361136
v 0.45579704 -0.137687 0.35244501
v 0.43702804 -0.137687 0.37835802
v 0.414927 -0.137687 0.40125101
v 0.39152502 -0.137687 0.42327399
v 0.36708302 -0.137687 0.44439306
v 0.343561 -0.137687 0.46043804
v 0.35867302 -0.137687 0.48369099
v 0.23470101 -0.137687 0.551194
v 0.22070301 -0.137687 0.52909499
v 0.193603 -0.137687 0.54131598
v 0.162302 -0.137687 0.552215
v 0.13059699 -0.137687 0.56103503
v 0.097612 -0.137687 0.568193
v 0.069068 -0.137687 0.57046603
v 0.070829 -0.137687 0.59853897
v -0.07108999 -0.137687 0.594939
v -0.072398 -0.137687 0.569097
v -0.101555 -0.137687 0.56618606
v -0.133385 -0.137687 0.559579
v -0.164491 -0.137687 0.55051401
v -0.195629 -0.137687 0.54005602
v -0.22240402 -0.137687 0.53003498
v -0.23420301 -0.137687 0.55362803
v -0.35779199 -0.137687 0.47937403
v -0.34619501 -0.137687 0.45744904
v -0.370055 -0.137687 0.43981203
v -0.393738 -0.137687 0.41865403
v -0.416347 -0.137687 0.396628
v -0.437771 -0.137687 0.37255601
v -0.45513997 -0.137687 0.34910501
v -0.41611401 -0.137687 0.35606599
v -0.43310805 -0.137687 0.33403702
v -0.41146201 -0.137687 0.31810502
v -0.43145199 -0.137687 -0.33164799
v -0.40942601 -0.137687 -0.31652801
v -0.39274402 -0.137687 -0.33807001
v -0.41436101 -0.137687 -0.35451402
v -0.37441701 -0.137687 -0.35913501
v -0.394604 -0.137687 -0.377241
v -0.35447402 -0.137687 -0.37926401
v -0.37310402 -0.137687 -0.39892301
v -0.33360301 -0.137687 -0.39785701
v -0.35045703 -0.137687 -0.41905999
v -0.31217001 -0.137687 -0.41473299
v -0.32800901 -0.137687 -0.436558
v -0.208278 -0.137687 -0.50549193
v -0.196107 -0.137687 -0.48117905
v -0.169385 -0.137687 -0.49181807
v -0.179629 -0.137687 -0.51723896
v -0.140953 -0.137687 -0.50176897
v -0.14815099 -0.137687 -0.52872995
v -0.11309401 -0.137687 -0.50924803
v -0.11573101 -0.137687 -0.53707002
v -0.085496 -0.137687 -0.51313799
v -0.08448299 -0.137687 -0.53923002
v 0.06527099 -0.137687 -0.53478702
v 0.060852 -0.137687 -0.50874805
v 0.088439 -0.137687 -0.50639706
v 0.093912 -0.137687 -0.53289403
v 0.115751 -0.137687 -0.50232597
v 0.12274 -0.137687 -0.52926896
v 0.142804 -0.137687 -0.49654597
v 0.15170699 -0.137687 -0.52343701
v 0.168785 -0.137687 -0.48888304
v 0.17948399 -0.137687 -0.51495099
v 0.19374899 -0.137687 -0.47917303
v 0.20544801 -0.137687 -0.50361297
v 0.32796901 -0.137687 -0.43249604
v 0.31184 -0.137687 -0.410624
v 0.33397499 -0.137687 -0.39376001
v 0.351176 -0.137687 -0.41534702
v 0.35559501 -0.137687 -0.37498799
v 0.374577 -0.137687 -0.39528002
v 0.37615299 -0.137687 -0.35465499
v 0.39651002 -0.137687 -0.37337302
v 0.39537999 -0.137687 -0.33313001
v 0.417 -0.137687 -0.34992999
v 0.41270599 -0.137687 -0.31128999
v 0.43468895 -0.137687 -0.326811
v 0.50486404 -0.137687 -0.20594101
v 0.48075698 -0.137687 -0.194912
v 0.49143696 -0.137687 -0.16975001
v 0.516564 -0.137687 -0.179644
v 0.500196 -0.137687 -0.144051
v 0.52640604 -0.137687 -0.152427
v 0.50715902 -0.137687 -0.117782
v 0.53402303 -0.137687 -0.12432899
v 0.51260604 -0.137687 -0.091291
v 0.53929594 -0.137687 -0.095806
v 0.51583898 -0.137687 -0.06474299
v 0.54216998 -0.137687 -0.06794899
v 0.54046299 -0.137687 0.07267499
v 0.51402202 -0.137687 0.070312
v 0.51015595 -0.137687 0.097717
v 0.53688701 -0.137687 0.10147599
v 0.50455799 -0.137687 0.125216
v 0.53100994 -0.137687 0.130919
v 0.49708798 -0.137687 0.152567
v 0.52311405 -0.137687 0.16021199
v 0.48804098 -0.137687 0.179254
v 0.51322108 -0.137687 0.188809
v 0.47764398 -0.137687 0.204824
v 0.50202699 -0.137687 0.215277
v 0.43302099 -0.137687 0.33864501
v 0.41117901 -0.137687 0.322258
v 0.393755 -0.137687 0.34270001
v 0.41485901 -0.137687 0.36064501
v 0.374611 -0.137687 0.362827
v 0.39453701 -0.137687 0.38196902
v 0.35443301 -0.137687 0.38210202
v 0.37282402 -0.137687 0.40250401
v 0.333374 -0.137687 0.399929
v 0.35024399 -0.137687 0.42145103
v 0.31186399 -0.137687 0.416104
v 0.327812 -0.137687 0.43805596
v 0.208023 -0.137687 0.50546495
v 0.196204 -0.137687 0.48135301
v 0.17070401 -0.137687 0.49154104
v 0.181502 -0.137687 0.51662305
v 0.14424699 -0.137687 0.50032702
v 0.153123 -0.137687 0.52631202
v 0.116999 -0.137687 0.50746903
v 0.12380601 -0.137687 0.53406104
v 0.08964099 -0.137687 0.51276796
v 0.094178 -0.137687 0.53980303
v 0.062759 -0.137687 0.51638704
v 0.066134 -0.137687 0.543248
v -0.07178 -0.137687 0.54199404
v -0.070251 -0.137687 0.51519396
v -0.09699899 -0.137687 0.51125501
v -0.099838 -0.137687 0.538353
v -0.12397299 -0.137687 0.50552898
v -0.128668 -0.137687 0.532313
v -0.15097199 -0.137687 0.49811203
v -0.157549 -0.137687 0.52424299
v -0.17754101 -0.137687 0.48932503
v -0.186153 -0.137687 0.51465404
v -0.202925 -0.137687 0.47962295
v -0.21267701 -0.137687 0.504664
v -0.33201301 -0.137687 0.435565
v -0.31648702 -0.137687 0.41400701
v -0.33723101 -0.137687 0.39699399
v -0.35401899 -0.137687 0.418004
v -0.357598 -0.137687 0.378564
v -0.37580301 -0.137687 0.39844799
v -0.37695599 -0.137687 0.35906501
v -0.39656003 -0.137687 0.37773002
v -0.39510199 -0.137687 0.33878898
v -0.357375 -0.137687 0.34047899
v -0.37440802 -0.137687 0.32143599
v -0.389974 -0.137687 0.30173801
v -0.38777301 -0.137687 -0.30088899
v -0.37177601 -0.137687 -0.321186
v -0.35442599 -0.137687 -0.340806
v -0.33588701 -0.137687 -0.35948301
v -0.31636302 -0.137687 -0.37698099
v -0.29613502 -0.137687 -0.39306
v -0.184604 -0.137687 -0.45648999
v -0.15944999 -0.137687 -0.46617296
v -0.133246 -0.137687 -0.47464801
v -0.10747899 -0.137687 -0.48144007
v -0.081674 -0.137687 -0.48630397
v 0.056276 -0.137687 -0.48323497
v 0.08266299 -0.137687 -0.480384
v 0.108668 -0.137687 -0.47621595
v 0.13421699 -0.137687 -0.47048504
v 0.158916 -0.137687 -0.46312999
v 0.18294799 -0.137687 -0.45426503
v 0.29587001 -0.137687 -0.38935902
v 0.31681001 -0.137687 -0.373041
v 0.337051 -0.137687 -0.35527001
v 0.35632602 -0.137687 -0.336166
v 0.37450402 -0.137687 -0.31616601
v 0.39111301 -0.137687 -0.29548601
v 0.45639602 -0.137687 -0.18430401
v 0.46611802 -0.137687 -0.16036101
v 0.47435299 -0.137687 -0.136058
v 0.48082396 -0.137687 -0.111293
v 0.48599695 -0.137687 -0.086385
v 0.48920896 -0.137687 -0.06108
v 0.48784299 -0.137687 0.067577
v 0.48385596 -0.137687 0.093528
v 0.47837296 -0.137687 0.11941699
v 0.47127099 -0.137687 0.145017
v 0.46297503 -0.137687 0.170178
v 0.45336606 -0.137687 0.194599
v 0.38957399 -0.137687 0.30543899
v 0.373086 -0.137687 0.32500403
v 0.355093 -0.137687 0.344013
v 0.336098 -0.137687 0.362063
v 0.316288 -0.137687 0.37891502
v 0.29589601 -0.137687 0.394556
v 0.18494 -0.137687 0.45695495
v 0.16066299 -0.137687 0.46616905
v 0.135764 -0.137687 0.47441398
v 0.11030699 -0.137687 0.48105103
v 0.084653 -0.137687 0.48602602
v 0.05910899 -0.137687 0.48972103
v -0.068098 -0.137687 0.48849604
v -0.093479 -0.137687 0.48449204
v -0.118863 -0.137687 0.47897102
v -0.144169 -0.137687 0.47214603
v -0.168985 -0.137687 0.46391604
v -0.193 -0.137687 0.454761
v -0.30075299 -0.137687 0.392548
v -0.32036501 -0.137687 0.37629501
v -0.339355 -0.137687 0.35890799
v -0.08582399 -0.033564 -0.079232
v 0.11092 -0.033564 -0.047655
v -0.13603 -0.033564 0.055403
v -0.023046 -0.033564 0.125363
v 0.026667 -0.033564 -0.11682
v 0.095733 -0.033564 0.13909499
v -0.050409 -0.033564 -0.099524
v -0.063327 -0.033564 -0.138946
v -0.095567 -0.033564 -0.1277
v -0.099248 -0.033564 -0.034025
v -0.12523501 -0.033564 -0.081004
v -0.130427 -0.033564 -0.038559
v -0.12606201 -0.033564 -0.12292099
v 0.152686 -0.033564 -0.032172
v 0.163948 -0.033564 -0.065251
v 0.128952 -0.033564 -0.08541599
v 0.094167 -0.033564 -0.113694
v 0.071509 -0.033564 -0.085326
v 0.116941 -0.033564 -0.003745
v 0.14853699 -0.033564 0.003466
v -0.09967 -0.033564 0.044275
v -0.103983 -0.033564 0.005489
v -0.13469 -0.033564 0.004764
v -0.16835899 -0.033564 -0.003195
v -0.175863 -0.033564 0.03857
v -0.160237 -0.033564 0.096399
v -0.134543 -0.033564 0.12154
v -0.109636 -0.033564 0.093199
v -0.19062699 -0.033564 0.076742
v -0.083326 -0.033564 0.074249
v -0.05943499 -0.033564 0.10023199
v 0.02697 -0.033564 0.120726
v -0.057449 -0.033564 0.14889701
v -0.03415 -0.033564 0.17902001
v -0.000101 -0.033564 0.16470399
v -0.084318 -0.033564 0.121886
v -0.016536 -0.033564 -0.111268
v 0.002542 -0.033564 -0.16141901
v -0.031424 -0.033564 -0.14984
v 0.060025 -0.033564 -0.14414699
v 0.032496 -0.033564 -0.179035
v 0.119645 -0.033564 0.102634
v 0.090418 -0.033564 0.08512
v 0.066031 -0.033564 0.107901
v 0.148392 -0.033564 0.14544199
v 0.157075 -0.033564 0.113488
v 0.045452 -0.033564 0.154633
v 0.060621 -0.033564 0.18509001
v 0.102656 -0.033564 0.176192
v 0.14745299 -0.033564 0.17361601
v 0.221818 -0.033564 -0.30647801
v 0.2451 -0.033564 -0.28870699
v 0.19760201 -0.033564 -0.322835
v 0.178747 -0.033564 -0.29745401
v 0.201142 -0.033564 -0.279577
v 0.15789599 -0.033564 -0.27396801
v 0.13483299 -0.033564 -0.25219302
v 0.156037 -0.033564 -0.23050701
v 0.17924 -0.033564 -0.25438402
v 0.11026599 -0.033564 -0.23183199
v 0.08601 -0.033564 -0.21400299
v 0.11063 -0.033564 -0.188324
v 0.133239 -0.033564 -0.20893701
v 0.06059499 -0.033564 -0.196279
v 0.086819 -0.033564 -0.167118
v -0.159513 -0.033564 -0.120132
v -0.19149999 -0.033564 -0.11966899
v -0.19197599 -0.033564 -0.084519
v -0.158855 -0.033564 -0.083111
v -0.22366001 -0.033564 -0.12025699
v -0.25609898 -0.033564 -0.122492
v -0.25978101 -0.033564 -0.091144
v -0.225743 -0.033564 -0.08702299
v -0.28966901 -0.033564 -0.12702299
v -0.32530501 -0.033564 -0.13420901
v -0.33300202 -0.033564 -0.105427
v -0.294808 -0.033564 -0.096998
v -0.359071 -0.033564 -0.14407
v -0.37110702 -0.033564 -0.11557099
v -0.37778102 -0.033564 -0.086954
v -0.33789201 -0.033564 -0.07677
v -0.38096202 -0.033564 -0.05772199
v -0.34157701 -0.033564 -0.047435
v -0.30510802 -0.033564 -0.037851
v -0.299678 -0.033564 -0.06738899
v -0.26994401 -0.033564 -0.028891
v -0.264437 -0.033564 -0.060215
v -0.23548098 -0.033564 -0.020237
v -0.22947501 -0.033564 -0.05405699
v -0.201256 -0.033564 -0.011765
v -0.19467901 -0.033564 -0.049355
v -0.162613 -0.033564 -0.043885
v -0.24325402 -0.033564 0.013983
v -0.20998799 -0.033564 0.02569
v -0.25368299 -0.033564 0.04785
v -0.222635 -0.033564 0.06111399
v -0.109868 -0.033564 0.145734
v -0.085471 -0.033564 0.17071401
v -0.061507 -0.033564 0.197881
v -0.039242 -0.033564 0.22721999
v -0.011146 -0.033564 0.21087601
v -0.019811 -0.033564 0.255996
v -0.001872 -0.033564 0.28494799
v 0.025763 -0.033564 0.27136401
v 0.008481 -0.033564 0.24118
v 0.013685 -0.033564 0.314086
v 0.026942 -0.033564 0.34383701
v 0.055233 -0.033564 0.333439
v 0.041225 -0.033564 0.302279
v 0.038576 -0.033564 0.373502
v 0.04736 -0.033564 0.40372801
v 0.079308 -0.033564 0.39732601
v 0.06798099 -0.033564 0.36512201
v 0.109813 -0.033564 0.388809
v 0.13885001 -0.033564 0.37780801
v 0.12524501 -0.033564 0.34504701
v 0.096717 -0.033564 0.35570501
v 0.112392 -0.033564 0.312796
v 0.08358 -0.033564 0.32320401
v 0.099799 -0.033564 0.280785
v 0.06993 -0.033564 0.29121199
v 0.08719 -0.033564 0.24877402
v 0.05533799 -0.033564 0.25934499
v 0.074249 -0.033564 0.21668902
v 0.039191 -0.033564 0.22818501
v 0.020605 -0.033564 0.197413
v 0.120752 -0.033564 0.23977899
v 0.110906 -0.033564 0.20813001
v 0.156866 -0.033564 0.23253
v 0.151128 -0.033564 0.203044
v 0.166256 -0.033564 0.07958699
v 0.174229 -0.033564 0.045362
v 0.143518 -0.033564 0.037548
v 0.13447399 -0.033564 0.070251
v 0.115131 -0.033564 0.029948
v 0.106518 -0.033564 0.05889899
v 0.180416 -0.033564 0.011862
v 0.18728701 -0.033564 -0.01939399
v 0.196661 -0.033564 -0.049393
v 0.20760401 -0.033564 -0.076128
v 0.17765001 -0.033564 -0.094231
v 0.220545 -0.033564 -0.102253
v 0.19243 -0.033564 -0.120595
v 0.16474301 -0.033564 -0.141304
v 0.14684799 -0.033564 -0.115177
v 0.13723999 -0.033564 -0.16403101
v 0.116224 -0.033564 -0.139955
v 0.182804 -0.033564 -0.165759
v 0.15762199 -0.033564 -0.1868
v 0.201878 -0.033564 -0.190219
v 0.178479 -0.033564 -0.20975301
v 0.22330401 -0.033564 -0.21631601
v 0.201087 -0.033564 -0.23527102
v 0.245054 -0.033564 -0.24249701
v 0.22315701 -0.033564 -0.26140698
v 0.26714102 -0.033564 -0.268987
v 0.26651701 -0.033564 -0.222675
v 0.288109 -0.033564 -0.247523
v 0.30882701 -0.033564 -0.22365501
v 0.28831101 -0.033564 -0.20161199
v 0.268933 -0.033564 -0.178206
v 0.25080402 -0.033564 -0.15369501
v 0.23428501 -0.033564 -0.12786099
v 0.22593599 -0.033564 -0.17155599
v 0.208344 -0.033564 -0.14601199
v 0.245775 -0.033564 -0.197386
v 0.16478001 -0.033564 0.26199499
v 0.17350299 -0.033564 0.29091799
v 0.18419901 -0.033564 0.31998301
v 0.196685 -0.033564 0.34781301
v 0.167165 -0.033564 0.36427599
v 0.15393201 -0.033564 0.33322601
v 0.142036 -0.033564 0.30198701
v 0.13112199 -0.033564 0.27105502
v -0.28625301 -0.033564 0.035402
v -0.317708 -0.033564 0.024776
v -0.35069701 -0.033564 0.015407
v -0.38275502 -0.033564 0.007629
v -0.381618 -0.033564 -0.02611899
v -0.34580699 -0.033564 -0.016554
v -0.311046 -0.033564 -0.007174
v -0.27712399 -0.033564 0.003072
v -0.058713 -0.033564 -0.053854
v -0.058713 -0.101912 -0.053854
v -0.035975 -0.033564 -0.068625
v -0.035975 -0.101912 -0.068625
v -0.076778 -0.033564 -0.023768
v -0.076778 -0.101912 -0.023768
v 0.05428899 -0.033564 -0.063157
v 0.05428899 -0.101912 -0.063157
v 0.084467 -0.033564 -0.031705
v 0.084467 -0.101912 -0.031705
v 0.092845 -0.033564 -0.001051
v 0.092845 -0.101912 -0.001051
v -0.024498 -0.033564 0.091849
v -0.024498 -0.101912 0.091849
v -0.046727 -0.033564 0.079498
v -0.046727 -0.101912 0.079498
v 0.019486 -0.033564 0.094024
v 0.019486 -0.101912 0.094024
v -0.010989 -0.033564 -0.078881
v -0.010989 -0.101912 -0.078881
v 0.015805 -0.033564 -0.08197
v 0.015805 -0.101912 -0.08197
v 0.26634 -0.033564 -0.31784601
v 0.26634 -0.101912 -0.31784601
v 0.24041801 -0.033564 -0.33599699
v 0.24041801 -0.101912 -0.33599699
v 0.213034 -0.033564 -0.35072699
v 0.213034 -0.101912 -0.35072699
v 0.18648501 -0.033564 -0.36198601
v 0.18648501 -0.101912 -0.36198601
v 0.174059 -0.033564 -0.33845903
v 0.174059 -0.101912 -0.33845903
v 0.15580199 -0.033564 -0.31611501
v 0.15580199 -0.101912 -0.31611501
v 0.137362 -0.033564 -0.29353203
v 0.137362 -0.101912 -0.29353203
v 0.11587099 -0.033564 -0.27605201
v 0.11587099 -0.101912 -0.27605201
v 0.089898 -0.033564 -0.25869702
v 0.089898 -0.101912 -0.25869702
v 0.06439 -0.033564 -0.24146201
v 0.06439 -0.101912 -0.24146201
v 0.037639 -0.033564 -0.22557399
v 0.037639 -0.101912 -0.22557399
v 0.007038 -0.033564 -0.21458901
v 0.007038 -0.101912 -0.21458901
v -0.017431 -0.033564 -0.200194
v -0.017431 -0.101912 -0.200194
v -0.048267 -0.033564 -0.18795
v -0.048267 -0.101912 -0.18795
v -0.07597 -0.033564 -0.17894099
v -0.07597 -0.101912 -0.17894099
v -0.107961 -0.033564 -0.169441
v -0.107961 -0.101912 -0.169441
v -0.13385799 -0.033564 -0.163592
v -0.13385799 -0.101912 -0.163592
v -0.16183799 -0.033564 -0.158567
v -0.16183799 -0.101912 -0.158567
v -0.193516 -0.033564 -0.157077
v -0.193516 -0.101912 -0.157077
v -0.22417999 -0.033564 -0.154879
v -0.22417999 -0.101912 -0.154879
v -0.25268799 -0.033564 -0.15470199
v -0.25268799 -0.101912 -0.15470199
v -0.28470901 -0.033564 -0.159183
v -0.28470901 -0.101912 -0.159183
v -0.317049 -0.033564 -0.16327
v -0.317049 -0.10191299 -0.16327
v -0.344706 -0.033564 -0.172061
v -0.344706 -0.10191299 -0.172061
v -0.38915802 -0.033564 -0.15580901
v -0.38915802 -0.10191299 -0.15580901
v -0.40662302 -0.033564 -0.126333
v -0.406622 -0.10191299 -0.126333
v -0.36660299 -0.033564 -0.185692
v -0.366602 -0.10191299 -0.185692
v -0.417334 -0.033564 -0.097404
v -0.417334 -0.10191299 -0.097403
v -0.26904199 -0.033564 0.07900799
v -0.26904199 -0.101912 0.07900799
v -0.237846 -0.033564 0.0968
v -0.237846 -0.101912 0.0968
v -0.209476 -0.033564 0.112618
v -0.209476 -0.101912 0.112618
v -0.183325 -0.033564 0.13230801
v -0.183325 -0.101912 0.13230801
v -0.159053 -0.033564 0.15269201
v -0.159053 -0.101912 0.15269201
v -0.13369601 -0.033564 0.17141
v -0.13369601 -0.101912 0.17141
v -0.11078199 -0.033564 0.195568
v -0.11078199 -0.101912 0.195568
v -0.087237 -0.033564 0.219923
v -0.087237 -0.101912 0.219923
v -0.066577 -0.033564 0.24558702
v -0.066577 -0.101912 0.24558702
v -0.047765 -0.033564 0.273935
v -0.047765 -0.101912 0.273935
v -0.027529 -0.033564 0.29844703
v -0.027529 -0.101912 0.29844703
v -0.01377 -0.033564 0.32690901
v -0.01377 -0.101912 0.32690901
v -0.002117 -0.033564 0.35418002
v -0.002117 -0.101912 0.35418002
v 0.010135 -0.033564 0.38311801
v 0.010135 -0.101912 0.38311801
v 0.015189 -0.033564 0.40918601
v 0.015189 -0.101912 0.40918601
v 0.017711 -0.033564 0.43597096
v 0.017711 -0.101912 0.43597096
v 0.054974 -0.033564 0.43425402
v 0.054974 -0.101912 0.43425402
v 0.089956 -0.033564 0.43064703
v 0.089956 -0.101912 0.43064703
v 0.123538 -0.033564 0.42332603
v 0.123538 -0.101912 0.42332603
v 0.154138 -0.033564 0.412063
v 0.154138 -0.101912 0.412063
v 0.194691 -0.033564 0.22655601
v 0.194691 -0.101912 0.22655601
v 0.19297401 -0.033564 0.20000801
v 0.19297401 -0.101912 0.20000801
v 0.190963 -0.033564 0.175688
v 0.190963 -0.101912 0.175688
v 0.19377101 -0.033564 0.14802501
v 0.19377101 -0.101912 0.14802501
v 0.19383801 -0.033564 0.117776
v 0.19383801 -0.101912 0.117776
v 0.19900499 -0.033564 0.08686099
v 0.19900499 -0.101912 0.08686099
v 0.20627 -0.033564 0.05200899
v 0.20627 -0.101912 0.05200899
v 0.092565 -0.033564 0.026135
v 0.092565 -0.101912 0.026135
v 0.084738 -0.033564 0.048477
v 0.084738 -0.101912 0.048477
v 0.068572 -0.033564 0.069172
v 0.068572 -0.101912 0.069172
v 0.050667 -0.033564 0.085261
v 0.050667 -0.101912 0.085261
v 0.21131701 -0.033564 0.018709
v 0.21131701 -0.101912 0.018709
v 0.21992201 -0.033564 -0.008257
v 0.21992201 -0.101912 -0.008257
v 0.22857001 -0.033564 -0.037446
v 0.22857001 -0.101912 -0.037446
v 0.237077 -0.033564 -0.059919
v 0.237077 -0.101912 -0.059919
v 0.31024302 -0.033564 -0.271846
v 0.31024302 -0.101912 -0.271846
v 0.289919 -0.033564 -0.29624799
v 0.289919 -0.101912 -0.29624799
v 0.329797 -0.033564 -0.244209
v 0.329797 -0.101912 -0.244209
v 0.35070801 -0.033564 -0.21491101
v 0.35070801 -0.101912 -0.21491101
v 0.32931799 -0.033564 -0.19854101
v 0.32931799 -0.101912 -0.19854101
v 0.31084401 -0.033564 -0.18103901
v 0.31084401 -0.101912 -0.18103901
v 0.29296403 -0.033564 -0.158786
v 0.29296403 -0.101912 -0.158786
v 0.27546998 -0.033564 -0.13621599
v 0.27546998 -0.101912 -0.13621599
v 0.26273799 -0.033564 -0.111952
v 0.26273799 -0.101912 -0.111952
v 0.25064701 -0.033564 -0.08643899
v 0.25064701 -0.101912 -0.08643899
v 0.200949 -0.033564 0.25198201
v 0.200949 -0.101912 0.25198201
v 0.208162 -0.033564 0.281016
v 0.208162 -0.101912 0.281016
v 0.214089 -0.033564 0.30504901
v 0.214089 -0.101912 0.30504901
v 0.228672 -0.033564 0.32971002
v 0.228672 -0.101912 0.32971002
v 0.21108 -0.033564 0.37523102
v 0.21108 -0.101912 0.37523102
v 0.242359 -0.033564 0.352341
v 0.242359 -0.101912 0.352341
v 0.182529 -0.033564 0.395551
v 0.182529 -0.101912 0.395551
v -0.29683899 -0.033564 0.068621
v -0.29683899 -0.101912 0.068621
v -0.327922 -0.033564 0.055493
v -0.327922 -0.101912 0.055493
v -0.35625101 -0.033564 0.051467
v -0.35625101 -0.101912 0.051467
v -0.38788802 -0.033564 0.043166
v -0.38788802 -0.101912 0.043166
v -0.41840198 -0.033564 0.002377
v -0.41840198 -0.101912 0.002377
v -0.410411 -0.033564 0.044206
v -0.410411 -0.101912 0.044206
v -0.42154302 -0.033564 -0.034543
v -0.42154302 -0.101912 -0.034543
v -0.42197101 -0.033564 -0.067178
v -0.42197101 -0.10191299 -0.067178
v -0.06443099 -0.033564 0.059366
v -0.06443099 -0.101912 0.059366
v -0.075308 -0.033564 0.042008
v -0.075308 -0.101912 0.042008
v -0.082331 -0.033564 0.006974
v -0.082331 -0.101912 0.006974
v -0.08582399 -0.101912 -0.079232
v 0.11092 -0.101912 -0.047655
v -0.13603 -0.101912 0.055403
v -0.023046 -0.101912 0.125363
v 0.026667 -0.101912 -0.11682
v 0.095733 -0.101912 0.13909499
v -0.050409 -0.101912 -0.099524
v -0.063327 -0.101912 -0.138946
v -0.095567 -0.101912 -0.1277
v -0.099248 -0.101912 -0.034025
v -0.12523501 -0.101912 -0.081004
v -0.130427 -0.101912 -0.038559
v -0.12606201 -0.101912 -0.12292099
v 0.152686 -0.101912 -0.032172
v 0.163948 -0.101912 -0.065251
v 0.128952 -0.101912 -0.08541599
v 0.094167 -0.101912 -0.113694
v 0.071509 -0.101912 -0.085326
v 0.116941 -0.101912 -0.003745
v 0.14853699 -0.101912 0.003466
v -0.09967 -0.101912 0.044275
v -0.103983 -0.101912 0.005489
v -0.13469 -0.101912 0.004764
v -0.16835899 -0.101912 -0.003195
v -0.175863 -0.101912 0.03857
v -0.160237 -0.101912 0.096399
v -0.134543 -0.101912 0.12154
v -0.109636 -0.101912 0.093199
v -0.19062699 -0.101912 0.076742
v -0.083326 -0.101912 0.074249
v -0.05943499 -0.101912 0.10023199
v 0.02697 -0.101912 0.120726
v -0.057449 -0.101912 0.14889701
v -0.03415 -0.101912 0.17902001
v -0.000101 -0.101912 0.16470399
v -0.084318 -0.101912 0.121886
v -0.016536 -0.101912 -0.111268
v 0.002542 -0.101912 -0.16141901
v -0.031424 -0.101912 -0.14984
v 0.060025 -0.101912 -0.14414699
v 0.032496 -0.101912 -0.179035
v 0.119645 -0.101912 0.102634
v 0.090418 -0.101912 0.08512
v 0.066031 -0.101912 0.107901
v 0.148392 -0.101912 0.14544199
v 0.157075 -0.101912 0.113488
v 0.045452 -0.101912 0.154633
v 0.060621 -0.101912 0.18509001
v 0.102656 -0.101912 0.176192
v 0.14745299 -0.101912 0.17361601
v 0.221818 -0.101912 -0.30647801
v 0.2451 -0.101912 -0.28870699
v 0.19760201 -0.101912 -0.322835
v 0.178747 -0.101912 -0.29745401
v 0.201142 -0.101912 -0.279577
v 0.15789599 -0.101912 -0.27396801
v 0.13483299 -0.101912 -0.25219302
v 0.156037 -0.101912 -0.23050701
v 0.17924 -0.101912 -0.25438402
v 0.11026599 -0.101912 -0.23183199
v 0.08601 -0.101912 -0.21400299
v 0.11063 -0.101912 -0.188324
v 0.133239 -0.101912 -0.20893701
v 0.06059499 -0.101912 -0.196279
v 0.086819 -0.101912 -0.167118
v -0.159513 -0.101912 -0.120132
v -0.19149999 -0.101912 -0.11966899
v -0.19197599 -0.101912 -0.084519
v -0.158855 -0.101912 -0.083111
v -0.22366001 -0.101912 -0.12025699
v -0.25609898 -0.101912 -0.122492
v -0.25978101 -0.101912 -0.091144
v -0.225743 -0.101912 -0.08702299
v -0.28966799 -0.101912 -0.12702299
v -0.32530501 -0.10191299 -0.13420901
v -0.33300202 -0.10191299 -0.105427
v -0.294808 -0.101912 -0.096998
v -0.359071 -0.10191299 -0.14407
v -0.37110702 -0.10191299 -0.11557099
v -0.37778102 -0.10191299 -0.086954
v -0.33789201 -0.10191299 -0.07677
v -0.38096202 -0.10191299 -0.05772199
v -0.34157701 -0.101912 -0.047435
v -0.30510802 -0.101912 -0.037851
v -0.299678 -0.101912 -0.06738899
v -0.26994401 -0.101912 -0.028891
v -0.264437 -0.101912 -0.060215
v -0.23548098 -0.101912 -0.020237
v -0.22947501 -0.101912 -0.05405699
v -0.201256 -0.101912 -0.011765
v -0.19467901 -0.101912 -0.049355
v -0.162613 -0.101912 -0.043885
v -0.24325402 -0.101912 0.013983
v -0.20998799 -0.101912 0.02569
v -0.25368299 -0.101912 0.04785
v -0.222635 -0.101912 0.06111399
v -0.109868 -0.101912 0.145734
v -0.085471 -0.101912 0.17071401
v -0.061507 -0.101912 0.197881
v -0.039242 -0.101912 0.22721999
v -0.011146 -0.101912 0.21087601
v -0.019811 -0.101912 0.255996
v -0.001872 -0.101912 0.28494799
v 0.025763 -0.101912 0.27136401
v 0.008481 -0.101912 0.24118
v 0.013685 -0.101912 0.314086
v 0.026942 -0.101912 0.34383701
v 0.055233 -0.101912 0.333439
v 0.041225 -0.101912 0.302279
v 0.038576 -0.101912 0.373502
v 0.04736 -0.101912 0.40372801
v 0.079308 -0.101912 0.39732601
v 0.06798099 -0.101912 0.36512201
v 0.109813 -0.101912 0.388809
v 0.13885001 -0.101912 0.37780801
v 0.12524501 -0.101912 0.34504701
v 0.096717 -0.101912 0.35570501
v 0.112392 -0.101912 0.312796
v 0.08358 -0.101912 0.32320401
v 0.099799 -0.101912 0.280785
v 0.06993 -0.101912 0.29121199
v 0.08719 -0.101912 0.24877402
v 0.05533799 -0.101912 0.25934499
v 0.074249 -0.101912 0.21668902
v 0.039191 -0.101912 0.22818501
v 0.020605 -0.101912 0.197413
v 0.120752 -0.101912 0.23977899
v 0.110906 -0.101912 0.20813001
v 0.156866 -0.101912 0.23253
v 0.151128 -0.101912 0.203044
v 0.166256 -0.101912 0.07958699
v 0.174229 -0.101912 0.045362
v 0.143518 -0.101912 0.037548
v 0.13447399 -0.101912 0.070251
v 0.115131 -0.101912 0.029948
v 0.106518 -0.101912 0.05889899
v 0.180416 -0.101912 0.011862
v 0.18728701 -0.101912 -0.01939399
v 0.196661 -0.101912 -0.049393
v 0.20760401 -0.101912 -0.076128
v 0.17765001 -0.101912 -0.094231
v 0.220545 -0.101912 -0.102253
v 0.19243 -0.101912 -0.120595
v 0.16474301 -0.101912 -0.141304
v 0.14684799 -0.101912 -0.115177
v 0.13723999 -0.101912 -0.16403101
v 0.116224 -0.101912 -0.139955
v 0.182804 -0.101912 -0.165759
v 0.15762199 -0.101912 -0.1868
v 0.201878 -0.101912 -0.190219
v 0.178479 -0.101912 -0.20975301
v 0.22330401 -0.101912 -0.21631601
v 0.201087 -0.101912 -0.23527102
v 0.245054 -0.101912 -0.24249701
v 0.22315701 -0.101912 -0.26140698
v 0.26714102 -0.101912 -0.268987
v 0.26651701 -0.101912 -0.222675
v 0.288109 -0.101912 -0.247523
v 0.30882701 -0.101912 -0.22365501
v 0.28831101 -0.101912 -0.20161199
v 0.268933 -0.101912 -0.178206
v 0.25080402 -0.101912 -0.15369501
v 0.23428501 -0.101912 -0.12786099
v 0.22593599 -0.101912 -0.17155599
v 0.208344 -0.101912 -0.14601199
v 0.245775 -0.101912 -0.197386
v 0.16478001 -0.101912 0.26199499
v 0.17350299 -0.101912 0.29091799
v 0.18419901 -0.101912 0.31998301
v 0.196685 -0.101912 0.34781301
v 0.167165 -0.101912 0.36427599
v 0.15393201 -0.101912 0.33322601
v 0.142036 -0.101912 0.30198701
v 0.13112199 -0.101912 0.27105502
v -0.28625301 -0.101912 0.035402
v -0.317708 -0.101912 0.024776
v -0.35069701 -0.101912 0.015407
v -0.38275502 -0.101912 0.007629
v -0.381618 -0.101912 -0.02611899
v -0.34580699 -0.101912 -0.016554
v -0.311046 -0.101912 -0.007174
v -0.27712399 -0.101912 0.003072
vt 0.41765 0.42889
vt 0.41149 0.43142
vt 0.40967 0.4258
vt 0.41601 0.42327
vt 0.53008 0.45476
vt 0.53796 0.45318
vt 0.54833 0.46801
vt 0.54322 0.47093
vt 0.53069 0.44771
vt 0.53701 0.44761
vt 0.52298 0.45125
vt 0.52486 0.44584
vt 0.39527 0.6344
vt 0.39878 0.62979
vt 0.40379 0.63315
vt 0.40061 0.63802
vt 0.55487 0.60971
vt 0.55907 0.61375
vt 0.53766 0.63534
vt 0.53399 0.63074
vt 0.47806 0.42177
vt 0.47937 0.41621
vt 0.50835 0.42404
vt 0.50625 0.42957
vt 0.51728 0.44793
vt 0.51222 0.44509
vt 0.51441 0.43984
vt 0.51945 0.44275
vt 0.51669 0.43442
vt 0.52162 0.43727
vt 0.52642 0.44003
vt 0.53139 0.44171
vt 0.52412 0.43166
vt 0.52858 0.43419
vt 0.53251 0.43615
vt 0.5367 0.43708
vt 0.53659 0.44216
vt 0.53139 0.42863
vt 0.53498 0.43099
vt 0.53736 0.43281
vt 0.53973 0.43245
vt 0.54064 0.43682
vt 0.54184 0.44153
vt 0.54157 0.43102
vt 0.54424 0.43512
vt 0.54647 0.43963
vt 0.5483 0.44433
vt 0.54295 0.44631
vt 0.54734 0.43254
vt 0.55018 0.43675
vt 0.55294 0.44131
vt 0.55538 0.44554
vt 0.55016 0.44889
vt 0.56551 0.58038
vt 0.57298 0.5532
vt 0.57862 0.55415
vt 0.57079 0.58273
vt 0.56024 0.57807
vt 0.56733 0.55229
vt 0.3466 0.52109
vt 0.35237 0.522
vt 0.35153 0.52793
vt 0.34564 0.52722
vt 0.3568 0.54012
vt 0.35704 0.54593
vt 0.35128 0.54649
vt 0.35098 0.54029
vt 0.54622 0.60209
vt 0.5495 0.59764
vt 0.55408 0.6012
vt 0.55059 0.60584
vt 0.46488 0.43201
vt 0.4705 0.43239
vt 0.46895 0.4498
vt 0.4643 0.44953
vt 0.4694 0.62621
vt 0.47092 0.64347
vt 0.46534 0.64389
vt 0.46474 0.62653
vt 0.55794 0.5831
vt 0.56309 0.58569
vt 0.5066 0.64642
vt 0.51234 0.64411
vt 0.51423 0.64971
vt 0.50824 0.65194
vt 0.47601 0.43308
vt 0.47116 0.42664
vt 0.47696 0.42741
vt 0.51783 0.62792
vt 0.5225 0.6248
vt 0.52578 0.62963
vt 0.5208 0.63296
vt 0.37136 0.46574
vt 0.36727 0.47036
vt 0.36225 0.4668
vt 0.36675 0.46223
vt 0.42789 0.4563
vt 0.42142 0.43997
vt 0.44807 0.43282
vt 0.45039 0.4502
vt 0.53044 0.62612
vt 0.51019 0.63865
vt 0.51556 0.63599
vt 0.51814 0.6413
vt 0.47722 0.64848
vt 0.4764 0.64277
vt 0.50278 0.63552
vt 0.50476 0.64095
vt 0.45943 0.65577
vt 0.46586 0.65562
vt 0.46615 0.66162
vt 0.45924 0.66179
vt 0.56834 0.46328
vt 0.56437 0.45795
vt 0.60193 0.4214
vt 0.60452 0.42491
vt 0.34544 0.54718
vt 0.35193 0.55245
vt 0.34622 0.5534
vt 0.56567 0.49705
vt 0.57305 0.5242
vt 0.56729 0.52494
vt 0.5603 0.49904
vt 0.59161 0.41067
vt 0.58819 0.40719
vt 0.58478 0.40374
vt 0.58133 0.40029
vt 0.54395 0.42863
vt 0.57821 0.39746
vt 0.52066 0.64664
vt 0.49642 0.61948
vt 0.47402 0.62565
vt 0.34044 0.55448
vt 0.35373 0.5825
vt 0.3484 0.58414
vt 0.52696 0.6215
vt 0.51293 0.63075
vt 0.55539 0.5881
vt 0.56035 0.59104
vt 0.45922 0.43195
vt 0.45908 0.42612
vt 0.46517 0.42618
vt 0.50421 0.435
vt 0.52379 0.63805
vt 0.37691 0.47669
vt 0.38052 0.47227
vt 0.39388 0.48219
vt 0.39093 0.4861
vt 0.35688 0.48604
vt 0.36245 0.48841
vt 0.3601 0.49367
vt 0.35462 0.4917
vt 0.55255 0.59297
vt 0.55734 0.59625
vt 0.56278 0.6179
vt 0.54164 0.63989
vt 0.38244 0.63869
vt 0.34244 0.67596
vt 0.3228 0.65599
vt 0.36076 0.61671
vt 0.50788 0.63326
vt 0.38432 0.5805
vt 0.36895 0.58859
vt 0.36654 0.58363
vt 0.38223 0.57634
vt 0.35908 0.58055
vt 0.4791 0.66004
vt 0.47811 0.65424
vt 0.47199 0.42086
vt 0.46553 0.42036
vt 0.46597 0.41452
vt 0.4731 0.41511
vt 0.56747 0.61352
vt 0.56308 0.60891
vt 0.57366 0.52983
vt 0.57876 0.52337
vt 0.57949 0.5293
vt 0.56787 0.5303
vt 0.47149 0.64926
vt 0.57395 0.53567
vt 0.56814 0.53578
vt 0.38656 0.63474
vt 0.36447 0.61292
vt 0.57977 0.53557
vt 0.58529 0.52856
vt 0.58565 0.53547
vt 0.46558 0.64972
vt 0.45409 0.64382
vt 0.44861 0.64332
vt 0.45087 0.62594
vt 0.45548 0.62643
vt 0.57965 0.59301
vt 0.58148 0.58697
vt 0.63409 0.59977
vt 0.63239 0.60413
vt 0.54416 0.50514
vt 0.5423 0.50089
vt 0.55818 0.49408
vt 0.45897 0.4203
vt 0.40625 0.6413
vt 0.41209 0.64418
vt 0.40982 0.64983
vt 0.40335 0.6466
vt 0.59131 0.52689
vt 0.58441 0.52235
vt 0.58943 0.5209
vt 0.57105 0.49506
vt 0.57651 0.49311
vt 0.55861 0.60491
vt 0.56211 0.59964
vt 0.55928 0.46163
vt 0.55381 0.46493
vt 0.54426 0.45152
vt 0.33947 0.5262
vt 0.34074 0.52004
vt 0.59157 0.53511
vt 0.447 0.65496
vt 0.4531 0.65558
vt 0.4524 0.66164
vt 0.44561 0.66052
vt 0.59143 0.54276
vt 0.58551 0.54225
vt 0.55734 0.46944
vt 0.55202 0.47244
vt 0.59087 0.55074
vt 0.58508 0.54906
vt 0.56281 0.46633
vt 0.56588 0.47105
vt 0.56059 0.47408
vt 0.57107 0.46804
vt 0.57411 0.47326
vt 0.56888 0.47622
vt 0.57177 0.48165
vt 0.56639 0.48424
vt 0.5636 0.47904
vt 0.57726 0.47911
vt 0.58078 0.48528
vt 0.57448 0.48751
vt 0.56894 0.48964
vt 0.58192 0.49141
vt 0.36886 0.60927
vt 0.39037 0.63053
vt 0.45971 0.644
vt 0.45958 0.64983
vt 0.37337 0.60578
vt 0.39405 0.62618
vt 0.41187 0.63115
vt 0.41694 0.63374
vt 0.41449 0.63892
vt 0.40907 0.6362
vt 0.3651 0.60457
vt 0.36035 0.60812
vt 0.40692 0.6283
vt 0.52918 0.63445
vt 0.36986 0.60123
vt 0.36159 0.5994
vt 0.35659 0.60243
vt 0.34912 0.49032
vt 0.35116 0.48423
vt 0.4221 0.63602
vt 0.44786 0.64916
vt 0.41994 0.64126
vt 0.36669 0.59635
vt 0.35852 0.59395
vt 0.35324 0.59655
vt 0.46011 0.6266
vt 0.36379 0.59127
vt 0.36441 0.57849
vt 0.36125 0.58602
vt 0.35591 0.5883
vt 0.35059 0.59038
vt 0.41946 0.43445
vt 0.44725 0.42708
vt 0.41376 0.43686
vt 0.64195 0.50557
vt 0.64221 0.51068
vt 0.47217 0.6551
vt 0.6349 0.47861
vt 0.56531 0.59405
vt 0.56824 0.58826
vt 0.35105 0.53407
vt 0.34509 0.53383
vt 0.6334 0.47401
vt 0.3717 0.59336
vt 0.37467 0.59796
vt 0.39872 0.43804
vt 0.39361 0.44244
vt 0.38919 0.43957
vt 0.39426 0.43423
vt 0.51278 0.61045
vt 0.51654 0.60769
vt 0.56788 0.54685
vt 0.57359 0.54747
vt 0.38818 0.49002
vt 0.37356 0.48126
vt 0.42433 0.61818
vt 0.42014 0.61605
vt 0.45359 0.43222
vt 0.45308 0.42643
vt 0.44638 0.42135
vt 0.38343 0.49823
vt 0.36785 0.49086
vt 0.37052 0.486
vt 0.3857 0.49409
vt 0.36551 0.49585
vt 0.45965 0.44951
vt 0.455 0.44973
vt 0.378 0.60232
vt 0.39764 0.6218
vt 0.57353 0.59072
vt 0.57034 0.59701
vt 0.54991 0.52708
vt 0.50486 0.61539
vt 0.50887 0.61301
vt 0.57611 0.58514
vt 0.34504 0.5405
vt 0.33897 0.54078
vt 0.33903 0.53352
vt 0.35762 0.55161
vt 0.3741 0.54459
vt 0.37455 0.54935
vt 0.60001 0.65726
vt 0.60289 0.65299
vt 0.4178 0.64654
vt 0.40217 0.62517
vt 0.53795 0.64473
vt 0.58025 0.67706
vt 0.57694 0.68026
vt 0.53295 0.6393
vt 0.45361 0.64965
vt 0.40251 0.4427
vt 0.3977 0.44627
vt 0.55016 0.47986
vt 0.5353 0.48854
vt 0.53243 0.48451
vt 0.54688 0.47538
vt 0.33945 0.54821
vt 0.58918 0.55696
vt 0.58409 0.55536
vt 0.56352 0.49185
vt 0.55575 0.48923
vt 0.56107 0.48674
vt 0.55312 0.48447
vt 0.55833 0.48177
vt 0.55533 0.47701
vt 0.41611 0.44229
vt 0.5402 0.49672
vt 0.53788 0.49259
vt 0.36236 0.45841
vt 0.38454 0.43713
vt 0.52922 0.4805
vt 0.51773 0.46915
vt 0.35803 0.52284
vt 0.51347 0.46594
vt 0.37597 0.46906
vt 0.3721 0.47359
vt 0.50918 0.46314
vt 0.50485 0.46061
vt 0.50049 0.45838
vt 0.50723 0.44258
vt 0.5507 0.54061
vt 0.56817 0.54132
vt 0.55046 0.54514
vt 0.40494 0.43442
vt 0.40189 0.42949
vt 0.50223 0.44037
vt 0.50935 0.43727
vt 0.51149 0.43182
vt 0.51373 0.42613
vt 0.51921 0.42895
vt 0.51648 0.41975
vt 0.52198 0.42337
vt 0.52703 0.42616
vt 0.51031 0.41844
vt 0.34307 0.58545
vt 0.33462 0.55579
vt 0.40791 0.43964
vt 0.48031 0.66588
vt 0.50946 0.65743
vt 0.52169 0.71084
vt 0.49464 0.71787
vt 0.54238 0.57549
vt 0.5442 0.57129
vt 0.35728 0.5285
vt 0.55045 0.53157
vt 0.55069 0.5361
vt 0.52393 0.36612
vt 0.52866 0.36759
vt 0.57393 0.54157
vt 0.57971 0.54187
vt 0.57933 0.54815
vt 0.54996 0.54962
vt 0.64151 0.57285
vt 0.49195 0.35775
vt 0.49695 0.35865
vt 0.481 0.41079
vt 0.47509 0.40915
vt 0.36527 0.48331
vt 0.36854 0.47834
vt 0.4157 0.65197
vt 0.44336 0.66537
vt 0.4138 0.65762
vt 0.56695 0.60309
vt 0.53799 0.58363
vt 0.54029 0.57963
vt 0.45246 0.42064
vt 0.44542 0.41568
vt 0.45168 0.41491
vt 0.4665 0.40867
vt 0.45884 0.41457
vt 0.4586 0.40865
vt 0.45023 0.40878
vt 0.44426 0.41021
vt 0.35687 0.53428
vt 0.37395 0.53495
vt 0.37388 0.53976
vt 0.41465 0.41742
vt 0.50069 0.61756
vt 0.43001 0.35823
vt 0.43513 0.35766
vt 0.41082 0.44495
vt 0.40262 0.36532
vt 0.57189 0.60652
vt 0.39783 0.36679
vt 0.40945 0.41828
vt 0.40585 0.4478
vt 0.39924 0.42501
vt 0.38833 0.43183
vt 0.40827 0.6084
vt 0.39185 0.59201
vt 0.38663 0.58446
vt 0.40117 0.45096
vt 0.64233 0.56819
vt 0.4286 0.62009
vt 0.34407 0.3993
vt 0.34761 0.39608
vt 0.3973 0.64303
vt 0.39153 0.63896
vt 0.32435 0.4188
vt 0.52683 0.6432
vt 0.35681 0.46252
vt 0.32121 0.42264
vt 0.53275 0.59125
vt 0.38915 0.58828
vt 0.38041 0.57207
vt 0.35813 0.47204
vt 0.35279 0.46871
vt 0.35431 0.4778
vt 0.3489 0.4752
vt 0.34472 0.48337
vt 0.34356 0.48947
vt 0.3634 0.47527
vt 0.37429 0.5301
vt 0.35985 0.48054
vt 0.28993 0.47671
vt 0.29126 0.47219
vt 0.33475 0.51858
vt 0.28278 0.5029
vt 0.42353 0.45826
vt 0.33246 0.52424
vt 0.28186 0.50719
vt 0.3749 0.52534
vt 0.4121 0.61116
vt 0.33254 0.533
vt 0.3326 0.54133
vt 0.33276 0.55027
vt 0.28211 0.57014
vt 0.28182 0.56525
vt 0.28935 0.59794
vt 0.41605 0.61373
vt 0.34462 0.59242
vt 0.2914 0.60239
vt 0.53546 0.58749
vt 0.34794 0.59919
vt 0.35155 0.60558
vt 0.35568 0.61233
vt 0.41522 0.46287
vt 0.41131 0.46548
vt 0.3197 0.65194
vt 0.57569 0.59995
vt 0.47357 0.45032
vt 0.38139 0.5025
vt 0.34603 0.67925
vt 0.38672 0.64375
vt 0.39383 0.64818
vt 0.40067 0.65219
vt 0.40771 0.65668
vt 0.47308 0.66115
vt 0.41931 0.46046
vt 0.40074 0.71039
vt 0.3965 0.70899
vt 0.43239 0.71799
vt 0.42769 0.71763
vt 0.45014 0.66719
vt 0.4961 0.4564
vt 0.45876 0.66773
vt 0.46649 0.66767
vt 0.47454 0.66806
vt 0.49007 0.7184
vt 0.52611 0.70921
vt 0.51556 0.65605
vt 0.53012 0.64819
vt 0.52317 0.65221
vt 0.22591 0.37951
vt 0.22591 0.38381
vt 0.19667 0.38381
vt 0.19667 0.37951
vt 0.22591 0.37651
vt 0.19667 0.37651
vt 0.22591 0.37412
vt 0.19667 0.37412
vt 0.22591 0.37179
vt 0.19667 0.37179
vt 0.24884 0.83549
vt 0.25016 0.83264
vt 0.27659 0.84577
vt 0.27441 0.85013
vt 0.14332 0.76833
vt 0.14173 0.77091
vt 0.11728 0.75458
vt 0.12007 0.75044
vt 0.23184 0.85534
vt 0.24423 0.84329
vt 0.26636 0.8625
vt 0.24925 0.87935
vt 0.22591 0.28403
vt 0.22591 0.28839
vt 0.19667 0.28839
vt 0.19667 0.28403
vt 0.22591 0.23128
vt 0.19667 0.23128
vt 0.22591 0.30327
vt 0.19667 0.30327
vt 0.22591 0.30816
vt 0.19667 0.30816
vt 0.22591 0.313
vt 0.19667 0.313
vt 0.22591 0.31789
vt 0.19667 0.31789
vt 0.22591 0.3221
vt 0.22591 0.36841
vt 0.19667 0.36841
vt 0.19667 0.3221
vt 0.15781 0.75367
vt 0.1452 0.76583
vt 0.12308 0.74647
vt 0.14037 0.72971
vt 0.20088 0.86734
vt 0.20422 0.86676
vt 0.20844 0.89623
vt 0.20354 0.89675
vt 0.26557 0.33172
vt 0.26557 0.35973
vt 0.23633 0.35973
vt 0.23633 0.33172
vt 0.14099 0.83676
vt 0.14269 0.83935
vt 0.1183 0.85602
vt 0.11565 0.85186
vt 0.13888 0.77633
vt 0.13769 0.77935
vt 0.11045 0.76761
vt 0.11245 0.76319
vt 0.03925 0.40057
vt 0.03925 0.40525
vt 0.01001 0.40525
vt 0.01001 0.40057
vt 0.03925 0.34667
vt 0.01001 0.34667
vt 0.24611 0.76911
vt 0.24406 0.76652
vt 0.26798 0.74894
vt 0.27072 0.75279
vt 0.03925 0.50792
vt 0.03925 0.51615
vt 0.01001 0.51615
vt 0.01001 0.50792
vt 0.03925 0.50026
vt 0.01001 0.50026
vt 0.03925 0.49225
vt 0.01001 0.49225
vt 0.22591 0.2258
vt 0.19667 0.2258
vt 0.22591 0.21975
vt 0.19667 0.21975
vt 0.22591 0.2131
vt 0.19667 0.2131
vt 0.22591 0.206
vt 0.19667 0.206
vt 0.14025 0.77356
vt 0.11474 0.75883
vt 0.03925 0.56958
vt 0.03925 0.57469
vt 0.01001 0.57469
vt 0.01001 0.56958
vt 0.03925 0.60255
vt 0.01001 0.60255
vt 0.03925 0.6074
vt 0.03925 0.66121
vt 0.01001 0.66121
vt 0.01001 0.6074
vt 0.17097 0.74572
vt 0.16812 0.74687
vt 0.15716 0.71967
vt 0.16171 0.71777
vt 0.19772 0.8676
vt 0.19861 0.89707
vt 0.1324 0.79914
vt 0.13229 0.80221
vt 0.10292 0.80053
vt 0.10323 0.79555
vt 0.19163 0.86762
vt 0.19464 0.86768
vt 0.19363 0.89709
vt 0.18867 0.89685
vt 0.24596 0.84078
vt 0.24744 0.83818
vt 0.27197 0.85439
vt 0.26928 0.85853
vt 0.2322 0.75405
vt 0.25169 0.73209
vt 0.16549 0.7483
vt 0.16293 0.74986
vt 0.14842 0.72426
vt 0.1527 0.72186
vt 0.15715 0.85463
vt 0.15972 0.85657
vt 0.14231 0.88024
vt 0.13826 0.87721
vt 0.03925 0.26974
vt 0.03925 0.32279
vt 0.01001 0.32279
vt 0.01001 0.26974
vt 0.03925 0.26459
vt 0.01001 0.26459
vt 0.03925 0.23201
vt 0.03925 0.23662
vt 0.01001 0.23662
vt 0.01001 0.23201
vt 0.03925 0.17926
vt 0.01001 0.17926
vt 0.25228 0.78038
vt 0.25093 0.77739
vt 0.27794 0.76567
vt 0.27997 0.77044
vt 0.24946 0.77455
vt 0.24787 0.77178
vt 0.27331 0.75687
vt 0.27573 0.76117
vt 0.25592 0.79521
vt 0.25346 0.78366
vt 0.28176 0.77552
vt 0.28537 0.79183
vt 0.25639 0.79892
vt 0.28588 0.79729
vt 0.25657 0.80242
vt 0.28604 0.80264
vt 0.2566 0.80579
vt 0.28594 0.8079
vt 0.2565 0.80908
vt 0.28558 0.81306
vt 0.22469 0.74926
vt 0.22199 0.74792
vt 0.23555 0.72173
vt 0.23975 0.72396
vt 0.22591 0.3946
vt 0.22591 0.40118
vt 0.19667 0.40118
vt 0.19667 0.3946
vt 0.22591 0.38882
vt 0.19667 0.38882
vt 0.03925 0.06727
vt 0.03925 0.09522
vt 0.01001 0.09522
vt 0.01001 0.06727
vt 0.203 0.74177
vt 0.2 0.74135
vt 0.20427 0.71233
vt 0.20911 0.71301
vt 0.22977 0.75223
vt 0.24786 0.72915
vt 0.22726 0.75068
vt 0.24385 0.72644
vt 0.22591 0.45475
vt 0.22591 0.45971
vt 0.19667 0.45971
vt 0.19667 0.45475
vt 0.21907 0.74676
vt 0.23135 0.71977
vt 0.03925 0.43318
vt 0.01001 0.43318
vt 0.22591 0.4877
vt 0.22591 0.49278
vt 0.19667 0.49278
vt 0.19667 0.4877
vt 0.22591 0.54687
vt 0.19667 0.54687
vt 0.19703 0.74122
vt 0.19405 0.74124
vt 0.19445 0.7118
vt 0.19934 0.71193
vt 0.68193 0.31021
vt 0.68193 0.31881
vt 0.65269 0.31881
vt 0.65269 0.31021
vt 0.68193 0.32672
vt 0.65269 0.32672
vt 0.68193 0.33509
vt 0.65269 0.33509
vt 0.1624 0.85824
vt 0.16517 0.85978
vt 0.15098 0.88562
vt 0.14659 0.88308
vt 0.16034 0.75162
vt 0.14427 0.72691
vt 0.68193 0.38839
vt 0.68193 0.39355
vt 0.65269 0.39355
vt 0.65269 0.38839
vt 0.68193 0.42184
vt 0.65269 0.42184
vt 0.03925 0.33108
vt 0.01001 0.33108
vt 0.68193 0.42685
vt 0.65269 0.42685
vt 0.68193 0.47963
vt 0.65269 0.47963
vt 0.68193 0.49185
vt 0.65269 0.49185
vt 0.68193 0.50471
vt 0.65269 0.50471
vt 0.13296 0.81172
vt 0.13701 0.82873
vt 0.10925 0.83865
vt 0.10346 0.81526
vt 0.1395 0.83418
vt 0.11328 0.84759
vt 0.03925 0.43791
vt 0.01001 0.43791
vt 0.13282 0.79603
vt 0.10386 0.79064
vt 0.68193 0.55891
vt 0.68193 0.56369
vt 0.65269 0.56369
vt 0.65269 0.55891
vt 0.68193 0.59142
vt 0.65269 0.59142
vt 0.68193 0.59639
vt 0.68193 0.64984
vt 0.65269 0.64984
vt 0.65269 0.59639
vt 0.18782 0.74185
vt 0.18491 0.71231
vt 0.13815 0.83156
vt 0.11115 0.84318
vt 0.14473 0.84187
vt 0.12113 0.85992
vt 0.68193 0.65722
vt 0.65269 0.65722
vt 0.68193 0.66478
vt 0.65269 0.66478
vt 0.68193 0.67395
vt 0.65269 0.67395
vt 0.16811 0.86121
vt 0.15552 0.88792
vt 0.68193 0.72857
vt 0.68193 0.73328
vt 0.65269 0.73328
vt 0.65269 0.72857
vt 0.68193 0.76043
vt 0.65269 0.76043
vt 0.22935 0.85742
vt 0.24531 0.88219
vt 0.68193 0.76482
vt 0.68193 0.81821
vt 0.65269 0.81821
vt 0.65269 0.76482
vt 0.17127 0.86239
vt 0.16003 0.88991
vt 0.1325 0.80844
vt 0.10305 0.81043
vt 0.68193 0.82696
vt 0.65269 0.82696
vt 0.68193 0.83529
vt 0.65269 0.83529
vt 0.68193 0.84422
vt 0.65269 0.84422
vt 0.68193 0.89732
vt 0.68193 0.90222
vt 0.65269 0.90222
vt 0.65269 0.89732
vt 0.68193 0.93094
vt 0.65269 0.93094
vt 0.13231 0.80529
vt 0.10285 0.8055
vt 0.68193 0.93584
vt 0.68193 0.98999
vt 0.65269 0.98999
vt 0.65269 0.93584
vt 0.191 0.74141
vt 0.18963 0.71195
vt 0.26557 0.25033
vt 0.26557 0.25787
vt 0.23633 0.25787
vt 0.23633 0.25033
vt 0.26557 0.2652
vt 0.23633 0.2652
vt 0.26557 0.2731
vt 0.23633 0.2731
vt 0.22159 0.8621
vt 0.22432 0.86078
vt 0.23674 0.88731
vt 0.23227 0.88947
vt 0.26557 0.32661
vt 0.23633 0.32661
vt 0.03925 0.33867
vt 0.01001 0.33867
vt 0.25129 0.82954
vt 0.27849 0.84137
vt 0.18853 0.86726
vt 0.18371 0.89631
vt 0.26557 0.3646
vt 0.23633 0.3646
vt 0.26557 0.4186
vt 0.23633 0.4186
vt 0.26557 0.42697
vt 0.23633 0.42697
vt 0.26557 0.4349
vt 0.23633 0.4349
vt 0.26557 0.44323
vt 0.23633 0.44323
vt 0.22685 0.8592
vt 0.24113 0.88488
vt 0.26557 0.49673
vt 0.26557 0.50119
vt 0.23633 0.50119
vt 0.23633 0.49673
vt 0.26557 0.5291
vt 0.26557 0.53381
vt 0.23633 0.53381
vt 0.23633 0.5291
vt 0.26557 0.58762
vt 0.23633 0.58762
vt 0.25616 0.81237
vt 0.28496 0.81811
vt 0.26557 0.59625
vt 0.23633 0.59625
vt 0.26557 0.60398
vt 0.23633 0.60398
vt 0.26557 0.61204
vt 0.23633 0.61204
vt 0.03925 0.06267
vt 0.01001 0.06267
vt 0.03925 0.01
vt 0.01001 0.01
vt 0.03925 0.09993
vt 0.01001 0.09993
vt 0.03925 0.15413
vt 0.01001 0.15413
vt 0.03925 0.17069
vt 0.01001 0.17069
vt 0.03925 0.16266
vt 0.01001 0.16266
vt 0.26776 0.90221
vt 0.27183 0.90648
vt 0.26626 0.91078
vt 0.26227 0.90634
vt 0.30421 0.78886
vt 0.29733 0.76857
vt 0.3025 0.76571
vt 0.30971 0.78288
vt 0.31395 0.78676
vt 0.31053 0.79222
vt 0.30909 0.79838
vt 0.30347 0.79701
vt 0.07432 0.81342
vt 0.07396 0.80671
vt 0.07979 0.80636
vt 0.08012 0.81265
vt 0.1804 0.68367
vt 0.15061 0.69098
vt 0.14848 0.68548
vt 0.17905 0.678
vt 0.30554 0.85248
vt 0.31335 0.82363
vt 0.31922 0.82472
vt 0.31103 0.85422
vt 0.30334 0.80386
vt 0.3089 0.80484
vt 0.30875 0.81086
vt 0.30311 0.8099
vt 0.31473 0.80594
vt 0.31459 0.81181
vt 0.31488 0.80022
vt 0.31605 0.79495
vt 0.32105 0.80156
vt 0.32089 0.80683
vt 0.32142 0.79705
vt 0.31839 0.79016
vt 0.32283 0.7929
vt 0.32719 0.79778
vt 0.32735 0.80221
vt 0.32684 0.79467
vt 0.32514 0.78962
vt 0.32836 0.79278
vt 0.32172 0.78597
vt 0.32852 0.78744
vt 0.33056 0.79197
vt 0.32585 0.78305
vt 0.31822 0.78237
vt 0.32277 0.77887
vt 0.33032 0.78146
vt 0.3324 0.78621
vt 0.32787 0.77656
vt 0.31983 0.77472
vt 0.32549 0.7721
vt 0.21237 0.69008
vt 0.21308 0.68437
vt 0.24247 0.69286
vt 0.24034 0.69815
vt 0.23817 0.70344
vt 0.21165 0.69576
vt 0.14903 0.91649
vt 0.14312 0.91405
vt 0.14557 0.90861
vt 0.15126 0.91106
vt 0.13748 0.89759
vt 0.13433 0.90248
vt 0.12899 0.89888
vt 0.13243 0.89425
vt 0.18251 0.69504
vt 0.18153 0.68934
vt 0.18759 0.68881
vt 0.18826 0.69458
vt 0.2898 0.85882
vt 0.29242 0.85361
vt 0.10248 0.74536
vt 0.10582 0.74051
vt 0.2059 0.69505
vt 0.20631 0.68933
vt 0.12197 0.70735
vt 0.11793 0.7032
vt 0.12313 0.69897
vt 0.12712 0.70339
vt 0.2947 0.84835
vt 0.30009 0.85051
vt 0.2977 0.85602
vt 0.14444 0.70651
vt 0.14155 0.70143
vt 0.1472 0.69871
vt 0.14975 0.70395
vt 0.21102 0.92413
vt 0.21162 0.92993
vt 0.20518 0.93144
vt 0.20476 0.92525
vt 0.28021 0.87335
vt 0.26013 0.89329
vt 0.15283 0.69637
vt 0.13272 0.69966
vt 0.13605 0.70455
vt 0.13082 0.70799
vt 0.10477 0.7324
vt 0.12584 0.71166
vt 0.12959 0.71608
vt 0.10935 0.73589
vt 0.08904 0.74479
vt 0.08366 0.74194
vt 0.08748 0.73585
vt 0.09256 0.7391
vt 0.31708 0.7511
vt 0.3699 0.74175
vt 0.37148 0.74584
vt 0.31958 0.75746
vt 0.1254 0.90355
vt 0.12026 0.89954
vt 0.12402 0.89514
vt 0.28621 0.7347
vt 0.28169 0.73823
vt 0.26252 0.71834
vt 0.26611 0.71382
vt 0.37508 0.76033
vt 0.37621 0.7651
vt 0.37733 0.76984
vt 0.37842 0.77464
vt 0.37915 0.77883
vt 0.3339 0.79123
vt 0.12932 0.69479
vt 0.1164 0.904
vt 0.09428 0.88163
vt 0.09839 0.87773
vt 0.15511 0.70169
vt 0.13927 0.70944
vt 0.20001 0.69457
vt 0.20005 0.68882
vt 0.29495 0.86155
vt 0.29181 0.86699
vt 0.28687 0.86388
vt 0.30761 0.82253
vt 0.13861 0.69631
vt 0.20443 0.91367
vt 0.21025 0.91287
vt 0.18539 0.9259
vt 0.17916 0.92487
vt 0.18033 0.91917
vt 0.18625 0.9199
vt 0.1941 0.69442
vt 0.19377 0.68863
vt 0.14656 0.67971
vt 0.17736 0.67269
vt 0.06401 0.82278
vt 0.07214 0.85346
vt 0.01834 0.86627
vt 0.01104 0.83891
vt 0.13434 0.71268
vt 0.10396 0.86596
vt 0.1008 0.86114
vt 0.10285 0.87411
vt 0.10019 0.72879
vt 0.09562 0.72505
vt 0.30313 0.85831
vt 0.30869 0.86032
vt 0.30545 0.8669
vt 0.30016 0.86425
vt 0.18384 0.67093
vt 0.18561 0.67707
vt 0.26142 0.71025
vt 0.26496 0.70557
vt 0.26987 0.70939
vt 0.25802 0.71493
vt 0.10105 0.7372
vt 0.25328 0.7117
vt 0.25642 0.70684
vt 0.06954 0.82113
vt 0.07731 0.85213
vt 0.25956 0.70195
vt 0.26276 0.697
vt 0.26872 0.70102
vt 0.09752 0.7423
vt 0.09662 0.7556
vt 0.09414 0.7608
vt 0.20898 0.67135
vt 0.22825 0.62016
vt 0.23291 0.62105
vt 0.21524 0.67299
vt 0.28494 0.7428
vt 0.29676 0.87008
vt 0.07402 0.79993
vt 0.06797 0.79979
vt 0.06849 0.7923
vt 0.07455 0.79317
vt 0.27347 0.69681
vt 0.27774 0.70164
vt 0.27375 0.70512
vt 0.29526 0.72753
vt 0.29074 0.73116
vt 0.18674 0.68299
vt 0.19335 0.68279
vt 0.31372 0.75979
vt 0.31445 0.77834
vt 0.30801 0.76267
vt 0.1469 0.92209
vt 0.14081 0.91993
vt 0.26634 0.69215
vt 0.08318 0.75633
vt 0.0776 0.75485
vt 0.08019 0.74816
vt 0.08586 0.75055
vt 0.25943 0.68815
vt 0.25667 0.69345
vt 0.30059 0.76005
vt 0.30595 0.75712
vt 0.252 0.68429
vt 0.25043 0.69013
vt 0.31151 0.75412
vt 0.30363 0.75172
vt 0.30903 0.74885
vt 0.31436 0.74609
vt 0.3061 0.74339
vt 0.3114 0.74054
vt 0.30089 0.74638
vt 0.2978 0.74112
vt 0.30287 0.7379
vt 0.30794 0.73457
vt 0.29914 0.73235
vt 0.3044 0.72814
vt 0.2944 0.73596
vt 0.29966 0.72386
vt 0.08271 0.85015
vt 0.07513 0.81989
vt 0.09941 0.75042
vt 0.09428 0.74764
vt 0.08078 0.81884
vt 0.088 0.84795
vt 0.08566 0.80004
vt 0.07987 0.79998
vt 0.08034 0.79365
vt 0.08606 0.79404
vt 0.08491 0.85601
vt 0.07942 0.85833
vt 0.08556 0.80604
vt 0.1447 0.69336
vt 0.09021 0.85352
vt 0.08763 0.86186
vt 0.08245 0.86465
vt 0.18393 0.93174
vt 0.17745 0.93029
vt 0.08677 0.78817
vt 0.08113 0.78749
vt 0.08867 0.75851
vt 0.09287 0.85896
vt 0.09082 0.86747
vt 0.08586 0.87077
vt 0.09583 0.86422
vt 0.10742 0.87058
vt 0.09915 0.86927
vt 0.09442 0.87276
vt 0.0899 0.87641
vt 0.28474 0.87699
vt 0.26387 0.89781
vt 0.25874 0.9016
vt 0.31475 0.66165
vt 0.31901 0.66458
vt 0.09632 0.7337
vt 0.33863 0.68482
vt 0.20006 0.68303
vt 0.20677 0.68362
vt 0.137 0.911
vt 0.13987 0.90574
vt 0.34183 0.68853
vt 0.09798 0.8561
vt 0.09545 0.85094
vt 0.24976 0.91421
vt 0.25075 0.92005
vt 0.24333 0.92183
vt 0.24319 0.91651
vt 0.24576 0.70076
vt 0.2433 0.70594
vt 0.19858 0.91418
vt 0.28365 0.86873
vt 0.28837 0.87214
vt 0.28924 0.88068
vt 0.19273 0.91431
vt 0.18696 0.91403
vt 0.18125 0.91341
vt 0.09331 0.84561
vt 0.08639 0.81788
vt 0.20016 0.6772
vt 0.2075 0.67784
vt 0.21388 0.67857
vt 0.13415 0.91639
vt 0.12774 0.91257
vt 0.1311 0.90748
vt 0.12765 0.89068
vt 0.16272 0.61997
vt 0.16793 0.61966
vt 0.07547 0.78673
vt 0.08583 0.812
vt 0.14035 0.68046
vt 0.13063 0.62786
vt 0.13516 0.62669
vt 0.14243 0.68761
vt 0.0913 0.75309
vt 0.24204 0.91097
vt 0.2477 0.90853
vt 0.29323 0.75756
vt 0.2954 0.76291
vt 0.12145 0.90818
vt 0.24431 0.68757
vt 0.2456 0.68238
vt 0.28965 0.73941
vt 0.29286 0.74433
vt 0.28794 0.74754
vt 0.29577 0.74942
vt 0.29074 0.75244
vt 0.29836 0.75465
vt 0.25528 0.89679
vt 0.24302 0.92714
vt 0.2126 0.9357
vt 0.15352 0.90579
vt 0.20455 0.91941
vt 0.21063 0.91844
vt 0.30265 0.8157
vt 0.24837 0.70868
vt 0.2562 0.91059
vt 0.25892 0.91574
vt 0.30831 0.81673
vt 0.30196 0.82136
vt 0.31412 0.81779
vt 0.32019 0.81888
vt 0.32064 0.81258
vt 0.32693 0.81321
vt 0.32716 0.81988
vt 0.32719 0.80733
vt 0.32508 0.82592
vt 0.11234 0.90841
vt 0.09044 0.88563
vt 0.25322 0.90535
vt 0.09112 0.72109
vt 0.05294 0.68207
vt 0.07278 0.66197
vt 0.11368 0.69945
vt 0.14811 0.9034
vt 0.37882 0.83649
vt 0.37762 0.84136
vt 0.25117 0.70367
vt 0.25396 0.69859
vt 0.24819 0.69551
vt 0.25999 0.62906
vt 0.36841 0.87345
vt 0.3149 0.86166
vt 0.31657 0.85561
vt 0.37019 0.86862
vt 0.19843 0.91999
vt 0.19228 0.92018
vt 0.06967 0.78591
vt 0.06377 0.78476
vt 0.07219 0.75446
vt 0.19293 0.67684
vt 0.29304 0.87564
vt 0.29759 0.87928
vt 0.29365 0.88443
vt 0.31079 0.86948
vt 0.30662 0.87645
vt 0.30164 0.87314
vt 0.30215 0.88374
vt 0.29782 0.88824
vt 0.14273 0.90067
vt 0.27626 0.91063
vt 0.33911 0.92303
vt 0.33598 0.92721
vt 0.25016 0.90012
vt 0.31587 0.94755
vt 0.1926 0.67083
vt 0.31215 0.95101
vt 0.27277 0.91477
vt 0.24498 0.90306
vt 0.26146 0.92033
vt 0.2497 0.92646
vt 0.23972 0.90561
vt 0.26444 0.6308
vt 0.25993 0.98035
vt 0.2553 0.98179
vt 0.06844 0.81441
vt 0.06791 0.8071
vt 0.22822 0.98903
vt 0.13571 0.69106
vt 0.22326 0.98984
vt 0.20603 0.93836
vt 0.1984 0.93858
vt 0.19837 0.93223
vt 0.19061 0.93848
vt 0.19126 0.93245
vt 0.18123 0.93772
vt 0.17527 0.9355
vt 0.19836 0.926
vt 0.19182 0.92626
vt 0.16358 0.99
vt 0.15898 0.98878
vt 0.13256 0.98159
vt 0.14506 0.92804
vt 0.12835 0.98022
vt 0.13891 0.92706
vt 0.13125 0.92229
vt 0.12396 0.91777
vt 0.11623 0.9129
vt 0.07748 0.95007
vt 0.07335 0.94734
vt 0.05268 0.92693
vt 0.04982 0.92288
vt 0.0851 0.88063
vt 0.08086 0.87407
vt 0.07714 0.86741
vt 0.07335 0.8602
vt 0.02026 0.87106
vt 0.2006 0.67109
vt 0.01 0.83409
vt 0.06182 0.81627
vt 0.06169 0.80746
vt 0.06174 0.79919
vt 0.06146 0.79062
vt 0.0915 0.72989
vt 0.01002 0.77366
vt 0.01098 0.76925
vt 0.02039 0.73775
vt 0.07413 0.74746
vt 0.01834 0.74205
vt 0.07821 0.73941
vt 0.08239 0.73249
vt 0.08624 0.72509
vt 0.05014 0.68579
vt 0.07643 0.6589
vt 0.11814 0.69471
vt 0.13306 0.68567
vt 0.12567 0.68984
vt 0.16668 0.55862
vt 0.16401 0.55026
vt 0.17179 0.54589
vt 0.17527 0.55235
vt 0.1587 0.55871
vt 0.15724 0.55306
vt 0.16225 0.56774
vt 0.1572 0.5661
vt 0.17319 0.56406
vt 0.16785 0.57154
vt 0.17941 0.55754
vt 0.1309 0.53507
vt 0.12203 0.53146
vt 0.12504 0.52458
vt 0.13352 0.52646
vt 0.14314 0.52703
vt 0.14262 0.53481
vt 0.14213 0.54083
vt 0.13278 0.54144
vt 0.12357 0.54116
vt 0.11751 0.53771
vt 0.127 0.54508
vt 0.1551 0.58725
vt 0.15095 0.58021
vt 0.15726 0.57469
vt 0.16224 0.57903
vt 0.16873 0.58266
vt 0.16386 0.59037
vt 0.15299 0.59727
vt 0.14526 0.59753
vt 0.14543 0.58942
vt 0.16066 0.59856
vt 0.14401 0.58259
vt 0.12703 0.58195
vt 0.13212 0.57684
vt 0.13744 0.57811
vt 0.13645 0.58324
vt 0.11977 0.57395
vt 0.12483 0.5708
vt 0.12907 0.59067
vt 0.121 0.59207
vt 0.11768 0.58486
vt 0.13725 0.59029
vt 0.1543 0.53633
vt 0.16035 0.54348
vt 0.15477 0.54781
vt 0.15096 0.54343
vt 0.1646 0.53276
vt 0.16831 0.53953
vt 0.15298 0.52715
vt 0.16241 0.52562
vt 0.1062 0.56689
vt 0.1077 0.55764
vt 0.11488 0.5591
vt 0.11544 0.56625
vt 0.09693 0.56026
vt 0.10019 0.55393
vt 0.11192 0.57665
vt 0.10509 0.57928
vt 0.09972 0.57177
vt 0.09299 0.56486
vt 0.15222 0.47055
vt 0.15088 0.47793
vt 0.14461 0.47737
vt 0.14548 0.46966
vt 0.1587 0.47219
vt 0.1571 0.47885
vt 0.1564 0.48561
vt 0.15026 0.48519
vt 0.16455 0.47426
vt 0.1631 0.47979
vt 0.16275 0.48598
vt 0.1624 0.49224
vt 0.1563 0.49236
vt 0.1568 0.49916
vt 0.15029 0.49952
vt 0.15007 0.49237
vt 0.16327 0.49813
vt 0.16487 0.50466
vt 0.15774 0.50596
vt 0.159 0.51231
vt 0.15136 0.5128
vt 0.15077 0.50625
vt 0.16641 0.51109
vt 0.16835 0.51749
vt 0.16045 0.51881
vt 0.15206 0.51962
vt 0.17161 0.52368
vt 0.1734 0.52951
vt 0.17651 0.53593
vt 0.1796 0.54138
vt 0.18329 0.54753
vt 0.18655 0.55222
vt 0.19026 0.55708
vt 0.18431 0.56284
vt 0.18931 0.56756
vt 0.18428 0.5732
vt 0.17883 0.56861
vt 0.19507 0.56192
vt 0.19961 0.56672
vt 0.1945 0.57213
vt 0.19996 0.57649
vt 0.19599 0.58199
vt 0.19 0.5777
vt 0.2041 0.57089
vt 0.20983 0.57483
vt 0.20594 0.58065
vt 0.21264 0.58469
vt 0.20967 0.59037
vt 0.2024 0.58615
vt 0.21555 0.57888
vt 0.22121 0.58151
vt 0.21942 0.58803
vt 0.22589 0.59054
vt 0.22438 0.59775
vt 0.21719 0.59429
vt 0.22666 0.58253
vt 0.22187 0.60389
vt 0.21409 0.5998
vt 0.20629 0.59562
vt 0.21035 0.60489
vt 0.20261 0.6008
vt 0.19544 0.59702
vt 0.19887 0.59155
vt 0.18856 0.59334
vt 0.19224 0.58757
vt 0.18185 0.5897
vt 0.1858 0.58347
vt 0.17519 0.58608
vt 0.17961 0.57916
vt 0.17373 0.57537
vt 0.17811 0.59626
vt 0.17114 0.59328
vt 0.17484 0.60314
vt 0.168 0.60073
vt 0.17275 0.61031
vt 0.16523 0.6086
vt 0.15844 0.60699
vt 0.15143 0.60631
vt 0.14463 0.60602
vt 0.13789 0.60531
vt 0.13784 0.59778
vt 0.13035 0.5982
vt 0.13075 0.60582
vt 0.12349 0.60626
vt 0.1226 0.59903
vt 0.11482 0.60045
vt 0.11273 0.59378
vt 0.11649 0.60733
vt 0.10939 0.6091
vt 0.10756 0.6022
vt 0.10052 0.60419
vt 0.0981 0.59802
vt 0.10522 0.59574
vt 0.10263 0.61005
vt 0.09631 0.61257
vt 0.09382 0.60655
vt 0.0874 0.60935
vt 0.08442 0.6036
vt 0.09117 0.60068
vt 0.09051 0.61521
vt 0.08437 0.61802
vt 0.08125 0.61237
vt 0.07547 0.61589
vt 0.07134 0.61024
vt 0.0778 0.60677
vt 0.07979 0.62142
vt 0.0755 0.62531
vt 0.06984 0.61963
vt 0.06481 0.61398
vt 0.06055 0.60795
vt 0.06773 0.60446
vt 0.05733 0.60172
vt 0.06472 0.5985
vt 0.07163 0.59528
vt 0.07461 0.60111
vt 0.07835 0.59203
vt 0.08141 0.59786
vt 0.08499 0.58878
vt 0.08822 0.59476
vt 0.09164 0.58553
vt 0.09516 0.59183
vt 0.09835 0.58232
vt 0.10224 0.58923
vt 0.10965 0.58704
vt 0.08762 0.57923
vt 0.09377 0.57564
vt 0.08294 0.57284
vt 0.08813 0.569
vt 0.07781 0.56641
vt 0.08193 0.56244
vt 0.08578 0.55888
vt 0.08935 0.55408
vt 0.09373 0.54927
vt 0.0974 0.54362
vt 0.10365 0.54722
vt 0.10131 0.53704
vt 0.10735 0.54063
vt 0.11336 0.54385
vt 0.11005 0.55035
vt 0.11897 0.54676
vt 0.11613 0.5526
vt 0.1231 0.54943
vt 0.1211 0.55411
vt 0.12066 0.55974
vt 0.12116 0.56489
vt 0.11124 0.53442
vt 0.10534 0.53102
vt 0.10789 0.5255
vt 0.11468 0.52847
vt 0.11076 0.51961
vt 0.11755 0.52235
vt 0.11267 0.51481
vt 0.1197 0.51652
vt 0.12708 0.518
vt 0.12144 0.5105
vt 0.12856 0.51167
vt 0.13596 0.5124
vt 0.135 0.51914
vt 0.14362 0.51279
vt 0.14345 0.51966
vt 0.13664 0.5059
vt 0.14369 0.50622
vt 0.13717 0.49926
vt 0.14371 0.49956
vt 0.13756 0.49201
vt 0.14383 0.49223
vt 0.13791 0.4847
vt 0.14413 0.48488
vt 0.13825 0.47729
vt 0.13163 0.48473
vt 0.13181 0.47765
vt 0.13184 0.47058
vt 0.1386 0.46966
vt 0.12506 0.47843
vt 0.12472 0.47213
vt 0.11715 0.47374
vt 0.11817 0.47944
vt 0.12512 0.4849
vt 0.11856 0.4849
vt 0.12479 0.49143
vt 0.11816 0.49102
vt 0.12411 0.49795
vt 0.11766 0.49714
vt 0.12298 0.50444
vt 0.11615 0.50284
vt 0.11437 0.50864
vt 0.13064 0.49872
vt 0.12973 0.50533
vt 0.13125 0.49175
vt 0.07741 0.57637
vt 0.07313 0.56953
vt 0.07183 0.57969
vt 0.06777 0.57309
vt 0.06592 0.58275
vt 0.06334 0.57604
vt 0.0599 0.58535
vt 0.05745 0.57784
vt 0.05364 0.58762
vt 0.052 0.57945
vt 0.05522 0.59498
vt 0.06219 0.59225
vt 0.0688 0.58924
vt 0.07522 0.58601
vt 0.08144 0.58269
vt 0.18181 0.6059
vt 0.17867 0.6127
vt 0.18834 0.60878
vt 0.1855 0.61513
vt 0.19493 0.61209
vt 0.19057 0.61861
vt 0.20114 0.61551
vt 0.19679 0.62189
vt 0.20755 0.61986
vt 0.20021 0.62533
vt 0.20586 0.61
vt 0.21341 0.61446
vt 0.21822 0.60935
vt 0.1988 0.60631
vt 0.19193 0.60275
vt 0.18506 0.59945
vt 0.14317 0.57749
vt 0.14742 0.57631
vt 0.15362 0.57178
vt 0.3872 0.73333
vt 0.39302 0.73333
vt 0.39302 0.74802
vt 0.3872 0.74802
vt 0.40057 0.73333
vt 0.40057 0.74802
vt 0.47562 0.73333
vt 0.48499 0.73333
vt 0.48499 0.74802
vt 0.47562 0.74802
vt 0.46879 0.73333
vt 0.46879 0.74802
vt 0.42513 0.73333
vt 0.4306 0.73333
vt 0.4306 0.74802
vt 0.42513 0.74802
vt 0.44007 0.73333
vt 0.44007 0.74802
vt 0.4942 0.73333
vt 0.5 0.73333
vt 0.5 0.74802
vt 0.4942 0.74802
vt 0.36432 0.98217
vt 0.35827 0.9754
vt 0.36919 0.9654
vt 0.37313 0.97018
vt 0.37183 0.98789
vt 0.37749 0.97409
vt 0.3805 0.99
vt 0.38148 0.9772
vt 0.3877 0.98821
vt 0.3853 0.97433
vt 0.39414 0.98541
vt 0.39046 0.97172
vt 0.39986 0.98271
vt 0.39609 0.96874
vt 0.40508 0.98062
vt 0.40163 0.96647
vt 0.411 0.97869
vt 0.40807 0.96448
vt 0.41684 0.97709
vt 0.41448 0.9627
vt 0.42286 0.97605
vt 0.4211 0.96133
vt 0.42938 0.97525
vt 0.4281 0.96081
vt 0.43503 0.97454
vt 0.43417 0.95985
vt 0.44167 0.97424
vt 0.44147 0.95951
vt 0.44757 0.97427
vt 0.44791 0.95956
vt 0.45439 0.97464
vt 0.45526 0.95985
vt 0.45984 0.97528
vt 0.46121 0.96051
vt 0.46573 0.97639
vt 0.46753 0.96145
vt 0.47247 0.97796
vt 0.47457 0.96324
vt 0.47911 0.97956
vt 0.48142 0.96479
vt 0.48539 0.98136
vt 0.48769 0.9664
vt 0.49284 0.98364
vt 0.49487 0.96873
vt 0.50089 0.98602
vt 0.50193 0.97062
vt 0.50907 0.98795
vt 0.50789 0.97261
vt 0.5333 0.97325
vt 0.52668 0.9806
vt 0.51701 0.97005
vt 0.52123 0.96522
vt 0.5172 0.98695
vt 0.51243 0.97469
vt 0.53775 0.96583
vt 0.52431 0.96007
vt 0.50969 0.90346
vt 0.51459 0.90822
vt 0.50371 0.91788
vt 0.49833 0.91245
vt 0.50561 0.89886
vt 0.49364 0.90732
vt 0.50192 0.89378
vt 0.48952 0.90162
vt 0.49846 0.88865
vt 0.48586 0.8959
vt 0.49528 0.88343
vt 0.48217 0.89023
vt 0.49232 0.87757
vt 0.47901 0.8837
vt 0.48957 0.8714
vt 0.47591 0.87703
vt 0.48729 0.8651
vt 0.47336 0.87028
vt 0.48507 0.85833
vt 0.4712 0.86312
vt 0.48324 0.85186
vt 0.46891 0.85648
vt 0.48195 0.84494
vt 0.46754 0.84946
vt 0.48084 0.83791
vt 0.46648 0.84286
vt 0.47943 0.82979
vt 0.46531 0.83602
vt 0.47744 0.82218
vt 0.46462 0.83041
vt 0.47226 0.81537
vt 0.46403 0.82537
vt 0.46216 0.81074
vt 0.45769 0.82431
vt 0.45255 0.8087
vt 0.45114 0.82317
vt 0.44319 0.80827
vt 0.44433 0.82283
vt 0.43432 0.80917
vt 0.43776 0.82346
vt 0.40315 0.85854
vt 0.40411 0.85347
vt 0.418 0.8576
vt 0.41678 0.86329
vt 0.40196 0.86306
vt 0.41559 0.86848
vt 0.4002 0.86817
vt 0.41342 0.87409
vt 0.39803 0.87362
vt 0.41114 0.88025
vt 0.39526 0.87914
vt 0.40805 0.88632
vt 0.3919 0.88544
vt 0.40428 0.89303
vt 0.45785 0.73333
vt 0.46294 0.73333
vt 0.46294 0.74802
vt 0.45785 0.74802
vt 0.45221 0.73333
vt 0.45221 0.74802
vt 0.44703 0.73333
vt 0.44703 0.74802
vt 0.38853 0.89125
vt 0.40079 0.89941
vt 0.38537 0.896
vt 0.39727 0.90453
vt 0.38175 0.90101
vt 0.39342 0.91001
vt 0.37857 0.90479
vt 0.39009 0.91419
vt 0.35345 0.968
vt 0.34978 0.96013
vt 0.36323 0.95435
vt 0.36584 0.96004
vt 0.34703 0.9511
vt 0.36109 0.94828
vt 0.346 0.94046
vt 0.35874 0.94249
vt 0.34922 0.93258
vt 0.36279 0.93953
vt 0.35449 0.92727
vt 0.36701 0.93629
vt 0.36018 0.92241
vt 0.37176 0.93216
vt 0.36543 0.91801
vt 0.37685 0.92796
vt 0.36999 0.91384
vt 0.38125 0.92363
vt 0.37428 0.90944
vt 0.38555 0.91904
vt 0.40474 0.84835
vt 0.41866 0.85189
vt 0.40528 0.84223
vt 0.41934 0.8455
vt 0.40568 0.8369
vt 0.41978 0.84027
vt 0.40614 0.83016
vt 0.4193 0.83458
vt 0.4078 0.82318
vt 0.416 0.81504
vt 0.42507 0.8273
vt 0.41868 0.82996
vt 0.42542 0.81129
vt 0.43137 0.825
vt 0.51903 0.91178
vt 0.50875 0.9218
vt 0.52445 0.91572
vt 0.51438 0.92616
vt 0.52953 0.91893
vt 0.51975 0.9291
vt 0.53579 0.92327
vt 0.52511 0.93268
vt 0.54011 0.92731
vt 0.54387 0.93895
vt 0.52888 0.94152
vt 0.52892 0.93399
vt 0.54298 0.94932
vt 0.52799 0.9484
vt 0.54086 0.95801
vt 0.52656 0.95452
vt 0.38139 0.73333
vt 0.38139 0.74802
vt 0.41937 0.73333
vt 0.41937 0.74802
vt 0.41497 0.73333
vt 0.41497 0.74802
vt 0.40729 0.73333
vt 0.40729 0.74802
vt 0.45611 0.93958
vt 0.45522 0.95036
vt 0.44786 0.95054
vt 0.4476 0.94151
vt 0.44659 0.93421
vt 0.45213 0.93258
vt 0.45762 0.92725
vt 0.46156 0.93091
vt 0.46759 0.93373
vt 0.46405 0.94248
vt 0.46192 0.95158
vt 0.41726 0.91973
vt 0.41122 0.92622
vt 0.40509 0.91982
vt 0.40953 0.91381
vt 0.42322 0.93009
vt 0.41676 0.93433
vt 0.42377 0.91826
vt 0.42823 0.92674
vt 0.41273 0.9068
vt 0.4188 0.91037
vt 0.42392 0.91141
vt 0.4747 0.91432
vt 0.47114 0.92484
vt 0.46494 0.92285
vt 0.46658 0.91439
vt 0.48169 0.92033
vt 0.47746 0.92863
vt 0.47186 0.90482
vt 0.47881 0.90054
vt 0.4824 0.9074
vt 0.48728 0.91338
vt 0.46527 0.90705
vt 0.45645 0.89258
vt 0.46218 0.90007
vt 0.45818 0.90351
vt 0.45447 0.89953
vt 0.44561 0.89638
vt 0.44585 0.89049
vt 0.45443 0.8831
vt 0.46237 0.88217
vt 0.46507 0.88986
vt 0.46867 0.89719
vt 0.43055 0.93967
vt 0.43501 0.93331
vt 0.4408 0.9346
vt 0.43983 0.94156
vt 0.44048 0.95054
vt 0.43267 0.95045
vt 0.42529 0.95198
vt 0.42195 0.94295
vt 0.43287 0.88248
vt 0.43691 0.89071
vt 0.43027 0.89384
vt 0.42539 0.88838
vt 0.4184 0.88368
vt 0.4224 0.87771
vt 0.43392 0.87455
vt 0.44328 0.87534
vt 0.44435 0.88244
vt 0.42443 0.87206
vt 0.37541 0.9605
vt 0.37887 0.96504
vt 0.38252 0.96928
vt 0.38498 0.96087
vt 0.38804 0.96595
vt 0.39376 0.96294
vt 0.391 0.95734
vt 0.39712 0.95413
vt 0.39976 0.9602
vt 0.40599 0.95761
vt 0.40299 0.95126
vt 0.40881 0.94855
vt 0.41207 0.95556
vt 0.41842 0.95368
vt 0.41499 0.94583
vt 0.46902 0.95317
vt 0.47083 0.94516
vt 0.47756 0.94755
vt 0.47578 0.95513
vt 0.4826 0.95739
vt 0.48439 0.95014
vt 0.49122 0.95284
vt 0.48929 0.95957
vt 0.49631 0.96197
vt 0.49822 0.95565
vt 0.50595 0.95853
vt 0.50362 0.96443
vt 0.5107 0.96667
vt 0.51397 0.9615
vt 0.51627 0.95637
vt 0.50814 0.95305
vt 0.51023 0.94746
vt 0.51819 0.95114
vt 0.50053 0.9496
vt 0.50312 0.94372
vt 0.49362 0.94637
vt 0.49646 0.93998
vt 0.48681 0.94316
vt 0.48999 0.93624
vt 0.48 0.9401
vt 0.48358 0.93245
vt 0.47381 0.93694
vt 0.48778 0.92511
vt 0.49377 0.92951
vt 0.49279 0.91862
vt 0.49825 0.92322
vt 0.4755 0.8939
vt 0.47224 0.88714
vt 0.46921 0.87994
vt 0.45982 0.87417
vt 0.4666 0.87243
vt 0.46453 0.86517
vt 0.45784 0.86674
vt 0.45628 0.85955
vt 0.46282 0.85803
vt 0.46131 0.85108
vt 0.45495 0.85239
vt 0.45371 0.84532
vt 0.46012 0.8442
vt 0.45893 0.83761
vt 0.45242 0.83821
vt 0.45141 0.83083
vt 0.45781 0.83123
vt 0.44524 0.83088
vt 0.43918 0.83147
vt 0.44624 0.83861
vt 0.44016 0.83918
vt 0.44727 0.84605
vt 0.44078 0.84656
vt 0.4483 0.85329
vt 0.4414 0.85377
vt 0.44936 0.86054
vt 0.44199 0.86094
vt 0.45065 0.86778
vt 0.44257 0.86815
vt 0.4524 0.87515
vt 0.43432 0.86762
vt 0.43434 0.86067
vt 0.42559 0.86589
vt 0.4263 0.85955
vt 0.41421 0.89
vt 0.41028 0.89653
vt 0.4201 0.89405
vt 0.41605 0.90016
vt 0.42511 0.89819
vt 0.42139 0.90358
vt 0.42893 0.90172
vt 0.42578 0.90582
vt 0.43374 0.89848
vt 0.43858 0.89629
vt 0.4067 0.90296
vt 0.40319 0.90896
vt 0.39924 0.9145
vt 0.39524 0.91932
vt 0.40046 0.92485
vt 0.39579 0.92926
vt 0.39089 0.92392
vt 0.40571 0.93107
vt 0.40049 0.93519
vt 0.41063 0.93818
vt 0.40492 0.94168
vt 0.39946 0.94498
vt 0.39542 0.93895
vt 0.39389 0.94827
vt 0.39017 0.94272
vt 0.38784 0.95203
vt 0.38438 0.9469
vt 0.38172 0.95614
vt 0.37844 0.95125
vt 0.37227 0.95564
vt 0.36942 0.95056
vt 0.3752 0.94619
vt 0.36669 0.945
vt 0.37155 0.94089
vt 0.37648 0.93683
vt 0.38154 0.93269
vt 0.38639 0.92832
vt 0.39103 0.93342
vt 0.38601 0.93758
vt 0.38063 0.94182
vt 0.42662 0.8531
vt 0.42684 0.84676
vt 0.42692 0.84038
vt 0.42678 0.83399
vt 0.43316 0.83243
vt 0.43392 0.83985
vt 0.43409 0.84694
vt 0.43424 0.85377
vt 0.50409 0.92769
vt 0.50971 0.93163
vt 0.51554 0.93554
vt 0.52134 0.93903
vt 0.51968 0.94532
vt 0.5126 0.94158
vt 0.50611 0.93772
vt 0.49993 0.93369
vt 0.46043 0.90887
vt 0.46148 0.91319
vt 0.46063 0.92103
g Group51225
f 166/1 169/2 83/3 82/4
f 1/5 2/6 34/7 35/8
f 1/5 3/9 4/10 2/6
f 1/5 5/11 6/12 3/9
f 215/13 214/14 216/15 217/16
f 248/17 137/18 134/19 247/20
f 154/21 74/22 69/23 67/24
f 7/25 8/26 9/27 10/28
f 7/25 10/28 6/12 5/11
f 10/28 9/27 11/29 12/30
f 10/28 12/30 13/31 6/12
f 13/31 14/32 3/9 6/12
f 13/31 12/30 15/33 16/34
f 13/31 16/34 17/35 14/32
f 17/35 18/36 19/37 14/32
f 17/35 16/34 328/38 330/39
f 17/35 330/39 332/40 18/36
f 332/40 334/41 20/42 18/36
f 20/42 21/43 19/37 18/36
f 20/42 334/41 336/44 22/45
f 20/42 22/45 23/46 21/43
f 23/46 24/47 25/48 21/43
f 23/46 22/45 26/49 27/50
f 23/46 27/50 28/51 24/47
f 28/51 29/52 30/53 24/47
f 258/54 261/55 260/56 259/57
f 258/54 324/58 325/59 261/55
f 188/60 189/61 190/62 191/63
f 292/64 293/65 196/66 194/67
f 319/68 320/69 250/70 249/71
f 274/72 273/73 338/74 340/75
f 344/76 311/77 310/78 342/79
f 323/80 324/58 258/54 256/81
f 236/82 239/83 130/84 129/85
f 272/86 273/73 156/87 155/88
f 316/89 317/90 244/91 242/92
f 176/93 179/94 90/95 89/96
f 348/97 278/98 277/99 346/100
f 246/101 249/71 248/17 247/20
f 239/83 238/102 240/103 241/104
f 234/105 312/106 313/107 237/108
f 229/109 231/110 124/111 123/112
f 354/113 31/114 350/115 352/116
f 197/117 196/66 198/118 199/119
f 52/120 153/121 271/122 53/123
f 350/115 31/114 29/52 356/124
f 356/124 29/52 28/51 358/125
f 358/125 28/51 27/50 360/126
f 360/126 27/50 26/49 362/127
f 362/127 26/49 364/128 366/129
f 239/83 241/104 131/130 130/84
f 370/131 313/107 312/106 368/132
f 102/133 199/119 200/134 105/135
f 246/101 318/136 319/68 249/71
f 315/137 316/89 242/92 240/103
f 322/138 323/80 256/81 254/139
f 274/72 275/140 160/141 158/142
f 364/128 26/49 22/45 336/44
f 155/88 154/21 67/24 65/143
f 241/104 240/103 242/92 243/144
f 284/145 283/146 372/147 374/148
f 185/149 184/150 186/151 187/152
f 321/153 322/138 254/139 252/154
f 137/18 136/155 135/156 134/19
f 112/157 376/158 378/159 111/160
f 314/161 315/137 240/103 238/102
f 382/162 297/163 296/164 380/165
f 201/166 200/134 199/119 198/118
f 236/82 129/85 126/167 235/168
f 157/169 159/170 76/171 75/172
f 452/173 136/155 137/18 138/174
f 268/175 153/121 152/176 151/177
f 236/82 237/108 238/102 239/83
f 268/175 270/178 271/122 153/121
f 311/77 312/106 234/105 232/179
f 268/175 266/180 269/181 270/178
f 113/182 112/157 111/160 110/183
f 267/184 151/177 149/185 148/186
f 310/78 311/77 232/179 230/187
f 267/184 266/180 268/175 151/177
f 157/169 156/87 158/142 159/170
f 308/188 307/189 384/190 386/191
f 392/192 143/193 388/194 390/195
f 317/90 318/136 246/101 244/91
f 234/105 237/108 236/82 235/168
f 313/107 314/161 238/102 237/108
f 320/69 321/153 252/154 250/70
f 394/196 396/197 54/198 53/123
f 159/170 158/142 160/141 161/199
f 273/73 274/72 158/142 156/87
f 219/200 221/201 117/202 116/203
f 398/204 149/185 150/205 51/206
f 152/176 48/207 47/208 150/205
f 251/209 250/70 252/154 253/210
f 152/176 153/121 52/120 48/207
f 32/211 36/212 33/213 30/53
f 32/211 30/53 29/52 31/114
f 33/213 36/212 34/7 2/6
f 33/213 2/6 4/10 25/48
f 33/213 25/48 24/47 30/53
f 188/60 191/63 98/214 97/215
f 400/216 148/186 149/185 398/204
f 224/217 227/218 122/219 121/220
f 402/221 147/222 148/186 400/216
f 36/212 37/223 38/224 34/7
f 404/225 146/226 147/222 402/221
f 36/212 32/211 39/227 37/223
f 39/227 40/228 41/229 37/223
f 39/227 32/211 31/114 354/113
f 39/227 354/113 406/230 40/228
f 406/230 408/231 42/232 40/228
f 42/232 43/233 44/234 45/235
f 42/232 45/235 41/229 40/228
f 42/232 408/231 410/236 43/233
f 410/236 412/237 46/238 43/233
f 46/238 47/208 48/207 49/239
f 46/238 49/239 44/234 43/233
f 46/238 412/237 50/240 47/208
f 211/241 212/242 113/182 110/183
f 309/243 310/78 230/187 228/244
f 211/241 210/245 213/246 212/242
f 304/247 305/248 220/249 218/250
f 209/251 211/241 110/183 109/252
f 303/253 304/247 218/250 216/15
f 245/254 244/91 246/101 247/20
f 209/251 208/255 210/245 211/241
f 207/256 209/251 109/252 108/257
f 185/149 187/152 94/258 93/259
f 306/260 307/189 225/261 222/262
f 207/256 206/263 208/255 209/251
f 205/264 207/256 108/257 107/265
f 310/78 309/243 414/266 342/79
f 205/264 204/267 206/263 207/256
f 295/268 296/164 202/269 201/166
f 203/270 205/264 107/265 106/271
f 277/99 278/98 167/272 164/273
f 203/270 202/269 204/267 205/264
f 166/1 167/272 168/274 169/2
f 398/204 51/206 416/275 418/276
f 231/110 230/187 232/179 233/277
f 416/275 51/206 50/240 420/278
f 255/279 254/139 256/81 257/280
f 191/63 190/62 192/281 193/282
f 253/210 252/154 254/139 255/279
f 420/278 50/240 412/237 422/283
f 298/284 299/285 208/255 206/263
f 173/286 175/287 86/288 85/289
f 200/134 203/270 106/271 105/135
f 318/136 317/90 424/290 426/291
f 325/59 326/292 262/293 261/55
f 200/134 201/166 202/269 203/270
f 428/294 285/295 284/145 374/148
f 432/296 305/248 304/247 430/297
f 305/248 306/260 222/262 220/249
f 276/298 277/99 164/273 162/299
f 167/272 166/1 165/300 164/273
f 436/301 287/302 286/303 434/304
f 287/302 288/305 186/151 184/150
f 276/298 275/140 438/306 440/307
f 154/21 157/169 75/172 74/22
f 300/308 301/309 213/246 210/245
f 154/21 155/88 156/87 157/169
f 297/163 298/284 206/263 204/267
f 255/279 257/280 141/310 140/311
f 53/123 271/122 442/312 394/196
f 316/89 315/137 444/313 446/314
f 257/280 259/57 142/315 141/310
f 296/164 297/163 204/267 202/269
f 217/16 216/15 218/250 219/200
f 193/282 195/316 100/317 99/318
f 299/285 300/308 210/245 208/255
f 294/319 293/65 448/320 450/321
f 456/322 136/155 452/173 454/323
f 225/261 224/217 223/324 222/262
f 302/325 303/253 216/15 214/14
f 462/326 135/156 458/327 460/328
f 245/254 247/20 134/19 133/329
f 308/188 309/243 228/244 226/330
f 173/286 172/331 174/332 175/287
f 301/309 302/325 214/14 213/246
f 50/240 51/206 150/205 47/208
f 224/217 225/261 226/330 227/218
f 307/189 308/188 226/330 225/261
f 60/333 464/334 466/335 62/336
f 227/218 226/330 228/244 229/109
f 191/63 193/282 99/318 98/214
f 227/218 229/109 123/112 122/219
f 195/316 197/117 101/337 100/317
f 404/225 144/338 145/339 146/226
f 197/117 199/119 102/133 101/337
f 52/120 53/123 54/198 55/340
f 52/120 55/340 49/239 48/207
f 55/340 54/198 56/341 57/342
f 55/340 57/342 44/234 49/239
f 57/342 56/341 58/343 59/344
f 57/342 59/344 45/235 44/234
f 59/344 58/343 60/333 61/345
f 59/344 61/345 41/229 45/235
f 61/345 60/333 62/336 38/224
f 61/345 38/224 37/223 41/229
f 278/98 279/346 168/274 167/272
f 62/336 35/8 34/7 38/224
f 468/347 470/348 58/343 56/341
f 89/96 88/349 87/350 86/288
f 150/205 149/185 151/177 152/176
f 35/8 472/351 474/352 1/5
f 288/305 289/353 189/61 186/151
f 474/352 476/354 5/11 1/5
f 176/93 177/355 178/356 179/94
f 476/354 478/357 7/25 5/11
f 478/357 480/358 8/26 7/25
f 8/26 480/358 482/359 64/360
f 486/361 327/362 326/292 484/363
f 293/65 294/319 198/118 196/66
f 171/364 173/286 85/289 84/365
f 64/360 63/366 65/143 66/367
f 64/360 66/367 9/27 8/26
f 66/367 65/143 67/24 68/368
f 66/367 68/368 11/29 9/27
f 68/368 67/24 69/23 70/369
f 68/368 70/369 71/370 11/29
f 71/370 15/33 12/30 11/29
f 71/370 70/369 488/371 490/372
f 71/370 490/372 492/373 15/33
f 492/373 328/38 16/34 15/33
f 488/371 70/369 69/23 72/374
f 102/133 105/135 104/375 103/376
f 171/364 170/377 172/331 173/286
f 127/378 128/379 494/380 496/381
f 324/58 323/80 498/382 500/383
f 289/353 290/384 190/62 189/61
f 270/178 502/385 442/312 271/122
f 504/386 269/181 327/362 486/361
f 488/371 72/374 506/387 508/388
f 326/292 327/362 264/389 262/293
f 265/390 267/184 148/186 147/222
f 265/390 264/389 266/180 267/184
f 263/391 265/390 147/222 146/226
f 263/391 262/293 264/389 265/390
f 260/56 263/391 146/226 145/339
f 260/56 261/55 262/293 263/391
f 326/292 325/59 510/392 484/363
f 388/194 143/193 144/338 512/393
f 514/394 516/395 73/396 518/397
f 285/295 286/303 182/398 180/399
f 270/178 269/181 504/386 502/385
f 118/400 121/220 120/401 119/402
f 251/209 253/210 139/403 138/174
f 322/138 321/153 520/404 522/405
f 396/197 468/347 56/341 54/198
f 163/406 165/300 79/407 78/408
f 518/397 73/396 74/22 75/172
f 518/397 75/172 76/171 524/409
f 524/409 76/171 77/410 526/411
f 526/411 77/410 78/408 528/412
f 528/412 78/408 79/407 80/413
f 129/85 128/379 127/378 126/167
f 163/406 162/299 164/273 165/300
f 292/64 291/414 530/415 532/416
f 424/290 317/90 316/89 446/314
f 79/407 82/4 81/417 80/413
f 314/161 313/107 370/131 534/418
f 528/412 80/413 536/419 538/420
f 279/346 280/421 170/377 168/274
f 193/282 192/281 194/67 195/316
f 80/413 81/417 540/422 536/419
f 145/339 142/315 259/57 260/56
f 248/17 249/71 250/70 251/209
f 144/338 143/193 142/315 145/339
f 290/384 291/414 192/281 190/62
f 452/173 138/174 139/403 542/423
f 544/424 540/422 81/417 546/425
f 444/313 315/137 314/161 534/418
f 392/192 141/310 142/315 143/193
f 280/421 281/426 172/331 170/377
f 253/210 255/279 140/311 139/403
f 546/425 81/417 82/4 83/3
f 546/425 83/3 84/365 548/427
f 548/427 84/365 85/289 550/428
f 550/428 85/289 86/288 87/350
f 554/429 301/309 300/308 552/430
f 298/284 297/163 382/162 556/431
f 73/396 516/395 506/387 72/374
f 219/200 218/250 220/249 221/201
f 281/426 282/432 174/332 172/331
f 212/242 213/246 214/14 215/13
f 512/393 144/338 404/225 558/433
f 307/189 306/260 560/434 384/190
f 550/428 87/350 562/435 564/436
f 215/13 217/16 115/437 114/438
f 562/435 87/350 88/349 566/439
f 217/16 219/200 116/203 115/437
f 243/144 245/254 133/329 132/440
f 566/439 88/349 568/441 570/442
f 572/443 319/68 318/136 426/291
f 306/260 305/248 432/296 560/434
f 174/332 282/432 283/146 177/355
f 174/332 177/355 176/93 175/287
f 574/444 299/285 298/284 556/431
f 296/164 295/268 576/445 380/165
f 462/326 133/329 134/19 135/156
f 568/441 88/349 89/96 90/95
f 568/441 90/95 91/446 578/447
f 578/447 91/446 92/448 580/449
f 580/449 92/448 93/259 582/450
f 582/450 93/259 94/258 95/451
f 179/94 178/356 180/399 181/452
f 257/280 256/81 258/54 259/57
f 295/268 294/319 450/321 576/445
f 530/415 291/414 290/384 584/453
f 183/454 185/149 93/259 92/448
f 286/303 287/302 184/150 182/398
f 582/450 95/451 586/455 588/456
f 586/455 95/451 96/457 590/458
f 286/303 285/295 428/294 434/304
f 183/454 182/398 184/150 185/149
f 592/459 279/346 278/98 348/97
f 221/201 220/249 222/262 223/324
f 590/458 96/457 594/460 596/461
f 74/22 73/396 72/374 69/23
f 290/384 289/353 598/462 584/453
f 221/201 223/324 118/400 117/202
f 275/140 276/298 162/299 160/141
f 302/325 301/309 554/429 600/463
f 97/215 96/457 95/451 94/258
f 325/59 324/58 500/383 510/392
f 594/460 96/457 97/215 98/214
f 594/460 98/214 99/318 602/464
f 602/464 99/318 100/317 604/465
f 604/465 100/317 101/337 606/466
f 606/466 101/337 102/133 103/376
f 19/37 4/10 3/9 14/32
f 187/152 188/60 97/215 94/258
f 161/199 163/406 78/408 77/410
f 176/93 89/96 86/288 175/287
f 79/407 165/300 166/1 82/4
f 181/452 183/454 92/448 91/446
f 448/320 293/65 292/64 532/416
f 606/466 103/376 608/467 610/468
f 118/400 223/324 224/217 121/220
f 608/467 103/376 104/375 612/469
f 458/327 135/156 136/155 456/322
f 614/470 303/253 302/325 600/463
f 612/469 104/375 616/471 618/472
f 169/2 171/364 84/365 83/3
f 498/382 323/80 322/138 522/405
f 346/100 277/99 276/298 440/307
f 181/452 180/399 182/398 183/454
f 304/247 303/253 614/470 430/297
f 161/199 160/141 162/299 163/406
f 25/48 4/10 19/37 21/43
f 320/69 319/68 572/443 620/473
f 616/471 104/375 105/135 106/271
f 616/471 106/271 107/265 622/474
f 622/474 107/265 108/257 624/475
f 624/475 108/257 109/252 626/476
f 626/476 109/252 110/183 111/160
f 282/432 281/426 628/477 630/478
f 312/106 311/77 344/76 368/132
f 626/476 111/160 378/159 632/479
f 248/17 251/209 138/174 137/18
f 284/145 285/295 180/399 178/356
f 272/86 155/88 65/143 63/366
f 300/308 299/285 574/444 552/430
f 634/480 140/311 141/310 392/192
f 414/266 309/243 308/188 386/191
f 283/146 284/145 178/356 177/355
f 338/74 273/73 272/86 636/481
f 241/104 243/144 132/440 131/130
f 243/144 242/92 244/91 245/254
f 288/305 287/302 436/301 638/482
f 640/483 376/158 112/157 642/484
f 327/362 269/181 266/180 264/389
f 159/170 161/199 77/410 76/171
f 642/484 112/157 113/182 114/438
f 642/484 114/438 115/437 644/485
f 644/485 115/437 116/203 646/486
f 646/486 116/203 117/202 648/487
f 648/487 117/202 118/400 119/402
f 372/147 283/146 282/432 630/478
f 438/306 275/140 274/72 340/75
f 294/319 295/268 201/166 198/118
f 291/414 292/64 194/67 192/281
f 233/277 235/168 126/167 125/488
f 280/421 279/346 592/459 650/489
f 598/462 289/353 288/305 638/482
f 648/487 119/402 652/490 654/491
f 520/404 321/153 320/69 620/473
f 195/316 194/67 196/66 197/117
f 656/492 658/493 120/401 660/494
f 662/495 63/366 64/360 482/359
f 628/477 281/426 280/421 650/489
f 233/277 232/179 234/105 235/168
f 231/110 233/277 125/488 124/111
f 662/495 636/481 272/86 63/366
f 660/494 120/401 121/220 122/219
f 660/494 122/219 123/112 664/496
f 664/496 123/112 124/111 666/497
f 666/497 124/111 125/488 668/498
f 668/498 125/488 126/167 127/378
f 212/242 215/13 114/438 113/182
f 187/152 186/151 189/61 188/60
f 169/2 168/274 170/377 171/364
f 668/498 127/378 496/381 670/499
f 60/333 58/343 470/348 464/334
f 229/109 228/244 230/187 231/110
f 466/335 472/351 35/8 62/336
f 672/500 494/380 128/379 674/501
f 676/502 132/440 133/329 462/326
f 119/402 120/401 658/493 652/490
f 179/94 181/452 91/446 90/95
f 542/423 139/403 140/311 634/480
f 674/501 128/379 129/85 130/84
f 674/501 130/84 131/130 678/503
f 678/503 131/130 132/440 676/502
g Group50341
f 330/504 328/505 329/506 331/507
f 332/508 330/504 331/507 333/509
f 334/510 332/508 333/509 335/511
f 336/512 334/510 335/511 337/513
f 340/514 338/515 339/516 341/517
f 344/518 342/519 343/520 345/521
f 348/522 346/523 347/524 349/525
f 352/526 350/527 351/528 353/529
f 354/530 352/526 353/529 355/531
f 350/527 356/532 357/533 351/528
f 356/532 358/534 359/535 357/533
f 358/534 360/536 361/537 359/535
f 360/536 362/538 363/539 361/537
f 366/540 364/541 365/542 367/543
f 362/538 366/540 367/543 363/539
f 370/544 368/545 369/546 371/547
f 364/541 336/512 337/513 365/542
f 374/548 372/549 373/550 375/551
f 378/552 376/553 377/554 379/555
f 382/556 380/557 381/558 383/559
f 386/560 384/561 385/562 387/563
f 390/564 388/565 389/566 391/567
f 392/568 390/564 391/567 393/569
f 396/570 394/571 395/572 397/573
f 400/574 398/575 399/576 401/577
f 402/578 400/574 401/577 403/579
f 404/580 402/578 403/579 405/581
f 406/582 354/530 355/531 407/583
f 408/584 406/582 407/583 409/585
f 410/586 408/584 409/585 411/587
f 412/588 410/586 411/587 413/589
f 342/519 414/590 415/591 343/520
f 418/592 416/593 417/594 419/595
f 398/575 418/592 419/595 399/576
f 416/593 420/596 421/597 417/594
f 422/598 412/599 413/600 423/601
f 420/596 422/598 423/601 421/597
f 426/602 424/603 425/604 427/605
f 428/606 374/548 375/551 429/607
f 432/608 430/609 431/610 433/611
f 436/612 434/613 435/614 437/615
f 440/616 438/617 439/618 441/619
f 394/571 442/620 443/621 395/572
f 446/622 444/623 445/624 447/625
f 450/626 448/627 449/628 451/629
f 454/630 452/631 453/632 455/633
f 456/634 454/630 455/633 457/635
f 460/636 458/637 459/638 461/639
f 462/640 460/636 461/639 463/641
f 466/642 464/643 465/644 467/645
f 470/646 468/647 469/648 471/649
f 474/650 472/651 473/652 475/653
f 476/654 474/650 475/653 477/655
f 478/656 476/654 477/655 479/657
f 480/658 478/656 479/657 481/659
f 482/660 480/658 481/659 483/661
f 486/662 484/663 485/664 487/665
f 490/666 488/667 489/668 491/669
f 492/670 490/666 491/669 493/671
f 328/505 492/670 493/671 329/506
f 496/672 494/673 495/674 497/675
f 500/676 498/677 499/678 501/679
f 442/620 502/680 503/681 443/621
f 504/682 486/662 487/665 505/683
f 508/684 506/685 507/686 509/687
f 488/667 508/684 509/687 489/668
f 484/663 510/688 511/689 485/664
f 388/565 512/690 513/691 389/566
f 516/692 514/693 515/694 517/695
f 514/693 518/696 519/697 515/694
f 502/680 504/682 505/683 503/681
f 522/698 520/699 521/700 523/701
f 468/647 396/570 397/573 469/648
f 518/702 524/703 525/704 519/705
f 524/703 526/706 527/707 525/704
f 526/706 528/708 529/709 527/707
f 532/710 530/711 531/712 533/713
f 424/603 446/622 447/625 425/604
f 534/714 370/544 371/547 535/715
f 538/716 536/717 537/718 539/719
f 528/708 538/716 539/719 529/709
f 536/717 540/720 541/721 537/718
f 452/631 542/722 543/723 453/632
f 540/720 544/724 545/725 541/721
f 544/724 546/726 547/727 545/725
f 444/623 534/714 535/715 445/624
f 546/726 548/728 549/729 547/727
f 548/728 550/730 551/731 549/729
f 554/732 552/733 553/734 555/735
f 556/736 382/556 383/559 557/737
f 506/685 516/692 517/695 507/686
f 558/738 404/580 405/581 559/739
f 512/690 558/738 559/739 513/691
f 384/561 560/740 561/741 385/562
f 564/742 562/743 563/744 565/745
f 550/730 564/742 565/745 551/731
f 562/743 566/746 567/747 563/744
f 570/748 568/749 569/750 571/751
f 566/746 570/748 571/751 567/747
f 572/752 426/602 427/605 573/753
f 560/740 432/608 433/611 561/741
f 574/754 556/736 557/737 575/755
f 380/557 576/756 577/757 381/558
f 568/749 578/758 579/759 569/750
f 578/758 580/760 581/761 579/759
f 580/760 582/762 583/763 581/761
f 576/756 450/626 451/629 577/757
f 530/711 584/764 585/765 531/712
f 588/766 586/767 587/768 589/769
f 582/762 588/766 589/769 583/763
f 586/767 590/770 591/771 587/768
f 434/613 428/606 429/607 435/614
f 592/772 348/522 349/525 593/773
f 596/774 594/775 595/776 597/777
f 590/770 596/774 597/777 591/771
f 584/764 598/778 599/779 585/765
f 600/780 554/732 555/735 601/781
f 510/688 500/676 501/679 511/689
f 594/775 602/782 603/783 595/776
f 602/782 604/784 605/785 603/783
f 604/784 606/786 607/787 605/785
f 448/627 532/710 533/713 449/628
f 610/788 608/789 609/790 611/791
f 606/786 610/788 611/791 607/787
f 608/789 612/792 613/793 609/790
f 458/637 456/634 457/635 459/638
f 614/794 600/780 601/781 615/795
f 618/796 616/797 617/798 619/799
f 612/792 618/796 619/799 613/793
f 498/677 522/698 523/701 499/678
f 346/523 440/616 441/619 347/524
f 430/609 614/794 615/795 431/610
f 620/800 572/752 573/753 621/801
f 616/802 622/803 623/804 617/805
f 622/803 624/806 625/807 623/804
f 624/806 626/808 627/809 625/807
f 630/810 628/811 629/812 631/813
f 368/545 344/518 345/521 369/546
f 632/814 378/552 379/555 633/815
f 626/808 632/814 633/815 627/809
f 552/733 574/754 575/755 553/734
f 634/816 392/568 393/569 635/817
f 414/590 386/560 387/563 415/591
f 338/515 636/818 637/819 339/516
f 638/820 436/612 437/615 639/821
f 376/553 640/822 641/823 377/554
f 640/822 642/824 643/825 641/823
f 642/824 644/826 645/827 643/825
f 644/826 646/828 647/829 645/827
f 646/828 648/830 649/831 647/829
f 372/549 630/810 631/813 373/550
f 438/617 340/514 341/517 439/618
f 650/832 592/772 593/773 651/833
f 598/778 638/820 639/821 599/779
f 654/834 652/835 653/836 655/837
f 648/830 654/834 655/837 649/831
f 520/699 620/800 621/801 521/700
f 658/838 656/839 657/840 659/841
f 656/839 660/842 661/843 657/840
f 662/844 482/660 483/661 663/845
f 628/811 650/832 651/833 629/812
f 636/818 662/844 663/845 637/819
f 660/842 664/846 665/847 661/843
f 664/846 666/848 667/849 665/847
f 666/848 668/850 669/851 667/849
f 670/852 496/672 497/675 671/853
f 668/854 670/852 671/853 669/855
f 464/643 470/646 471/649 465/644
f 472/651 466/642 467/645 473/652
f 494/673 672/856 673/857 495/674
f 672/856 674/858 675/859 673/857
f 676/860 462/640 463/641 677/861
f 652/835 658/838 659/841 653/836
f 542/722 634/816 635/817 543/723
f 674/858 678/862 679/863 675/859
f 678/862 676/860 677/861 679/863
g Group47426
f 845/864 761/865 762/866 848/867
f 680/868 714/869 713/870 681/871
f 680/868 681/871 683/872 682/873
f 680/868 682/873 685/874 684/875
f 894/876 896/877 895/878 893/879
f 927/880 926/881 813/882 816/883
f 833/884 746/885 748/886 753/887
f 686/888 689/889 688/890 687/891
f 686/888 684/875 685/874 689/889
f 689/889 691/892 690/893 688/890
f 689/889 685/874 692/894 691/892
f 692/894 685/874 682/873 693/895
f 692/894 695/896 694/897 691/892
f 692/894 693/895 696/898 695/896
f 696/898 693/895 698/899 697/900
f 696/898 331/901 329/902 695/896
f 696/898 697/900 333/903 331/901
f 333/903 697/900 699/904 335/905
f 699/904 697/900 698/899 700/906
f 699/904 701/907 337/908 335/905
f 699/904 700/906 702/909 701/907
f 702/909 700/906 704/910 703/911
f 702/909 706/912 705/913 701/907
f 702/909 703/911 707/914 706/912
f 707/914 703/911 709/915 708/916
f 937/917 938/918 939/919 940/920
f 937/917 940/920 1004/921 1003/922
f 867/923 870/924 869/925 868/926
f 971/927 873/928 875/929 972/930
f 998/931 928/932 929/933 999/934
f 953/935 341/517 339/516 952/936
f 345/521 343/520 989/937 990/938
f 1002/939 935/940 937/917 1003/922
f 915/941 808/942 809/943 918/944
f 951/945 834/946 835/947 952/936
f 995/948 921/949 923/950 996/951
f 855/952 768/953 769/954 858/955
f 349/525 347/524 956/956 957/957
f 925/958 926/881 927/880 928/932
f 918/944 920/959 919/960 917/961
f 913/962 916/963 992/964 991/965
f 908/966 802/967 803/968 910/969
f 355/970 353/971 351/972 710/973
f 876/974 878/975 877/976 875/929
f 731/977 732/978 950/979 832/980
f 351/972 357/981 708/916 710/973
f 357/981 359/982 707/914 708/916
f 359/982 361/983 706/912 707/914
f 361/983 363/984 705/913 706/912
f 363/984 367/985 365/986 705/913
f 918/944 809/943 810/987 920/959
f 371/547 369/546 991/965 992/964
f 781/988 784/989 879/990 878/975
f 925/958 928/932 998/931 997/991
f 994/992 919/960 921/949 995/948
f 1001/993 933/994 935/940 1002/939
f 953/935 837/995 839/996 954/997
f 365/986 337/908 701/907 705/913
f 834/946 744/998 746/885 833/884
f 920/959 922/999 921/949 919/960
f 963/1000 375/551 373/550 962/1001
f 864/1002 866/1003 865/1004 863/1005
f 1000/1006 931/1007 933/994 1001/993
f 816/883 813/882 814/1008 815/1009
f 791/1010 790/1011 379/1012 377/1013
f 993/1014 917/961 919/960 994/992
f 383/559 381/558 975/1015 976/1016
f 880/1017 877/976 878/975 879/990
f 915/941 914/1018 805/1019 808/942
f 836/1020 754/1021 755/1022 838/1023
f 453/1024 817/1025 816/883 815/1009
f 947/1026 830/1027 831/1028 832/980
f 915/941 918/944 917/961 916/963
f 947/1026 832/980 950/979 949/1029
f 990/938 911/1030 913/962 991/965
f 947/1026 949/1029 948/1031 945/1032
f 792/1033 789/1034 790/1011 791/1010
f 946/1035 827/1036 828/1037 830/1027
f 989/937 909/1038 911/1030 990/938
f 946/1035 830/1027 947/1026 945/1032
f 836/1020 838/1023 837/995 835/947
f 987/1039 387/563 385/562 986/1040
f 393/1041 391/1042 389/1043 822/1044
f 996/951 923/950 925/958 997/991
f 913/962 914/1018 915/941 916/963
f 992/964 916/963 917/961 993/1014
f 999/934 929/933 931/1007 1000/1006
f 395/572 732/978 733/1045 397/573
f 838/1023 840/1046 839/996 837/995
f 952/936 835/947 837/995 953/935
f 898/1047 795/1048 796/1049 900/1050
f 399/1051 730/1052 829/1053 828/1037
f 831/1028 829/1053 726/1054 727/1055
f 930/1056 932/1057 931/1007 929/933
f 831/1028 727/1055 731/977 832/980
f 711/1058 709/915 712/1059 715/1060
f 711/1058 710/973 708/916 709/915
f 712/1059 681/871 713/870 715/1060
f 712/1059 704/910 683/872 681/871
f 712/1059 709/915 703/911 704/910
f 867/923 776/1061 777/1062 870/924
f 401/1063 399/1051 828/1037 827/1036
f 903/1064 800/1065 801/1066 906/1067
f 403/1068 401/1063 827/1036 826/1069
f 715/1060 713/870 717/1070 716/1071
f 405/1072 403/1068 826/1069 825/1073
f 715/1060 716/1071 718/1074 711/1058
f 718/1074 716/1071 720/1075 719/1076
f 718/1074 355/970 710/973 711/1058
f 718/1074 719/1076 407/1077 355/970
f 407/1077 719/1076 721/1078 409/1079
f 721/1078 724/1080 723/1081 722/1082
f 721/1078 719/1076 720/1075 724/1080
f 721/1078 722/1082 411/1083 409/1079
f 411/1083 722/1082 725/1084 413/1085
f 725/1084 728/1086 727/1055 726/1054
f 725/1084 722/1082 723/1081 728/1086
f 725/1084 726/1054 729/1087 413/1085
f 890/1088 789/1034 792/1033 891/1089
f 988/1090 907/1091 909/1038 989/937
f 890/1088 891/1089 892/1092 889/1093
f 983/1094 897/1095 899/1096 984/1097
f 888/1098 788/1099 789/1034 890/1088
f 982/1100 895/878 897/1095 983/1094
f 924/1101 926/881 925/958 923/950
f 888/1098 890/1088 889/1093 887/1102
f 886/1103 787/1104 788/1099 888/1098
f 864/1002 772/1105 773/1106 866/1003
f 985/1107 901/1108 904/1109 986/1040
f 886/1103 888/1098 887/1102 885/1110
f 884/1111 786/1112 787/1104 886/1103
f 989/937 343/520 415/591 988/1090
f 884/1111 886/1103 885/1110 883/1113
f 974/1114 880/1017 881/1115 975/1015
f 882/1116 785/1117 786/1112 884/1111
f 956/956 843/1118 846/1119 957/957
f 882/1116 884/1111 883/1113 881/1115
f 845/864 848/867 847/1120 846/1119
f 399/1051 419/1121 417/1122 730/1052
f 910/969 912/1123 911/1030 909/1038
f 417/1122 421/1124 729/1087 730/1052
f 934/1125 936/1126 935/940 933/994
f 870/924 872/1127 871/1128 869/925
f 932/1057 934/1125 933/994 931/1007
f 421/1124 423/1129 413/1085 729/1087
f 977/1130 885/1110 887/1102 978/1131
f 852/1132 764/1133 765/1134 854/1135
f 879/990 784/989 785/1117 882/1116
f 997/991 427/605 425/604 996/951
f 1004/921 940/920 941/1136 1005/1137
f 879/990 882/1116 881/1115 880/1017
f 429/607 375/551 963/1000 964/1138
f 433/611 431/610 983/1094 984/1097
f 984/1097 899/1096 901/1108 985/1107
f 955/1139 841/1140 843/1118 956/956
f 846/1119 843/1118 844/1141 845/864
f 437/615 435/614 965/1142 966/1143
f 966/1143 863/1005 865/1004 967/1144
f 955/1139 441/619 439/618 954/997
f 833/884 753/887 754/1021 836/1020
f 979/1145 889/1093 892/1092 980/1146
f 833/884 836/1020 835/947 834/946
f 976/1016 883/1113 885/1110 977/1130
f 934/1125 819/1147 820/1148 936/1126
f 732/978 395/572 443/621 950/979
f 995/948 447/625 445/624 994/992
f 936/1126 820/1148 821/1149 938/918
f 975/1015 881/1115 883/1113 976/1016
f 896/877 898/1047 897/1095 895/878
f 872/1127 778/1150 779/1151 874/1152
f 978/1131 887/1102 889/1093 979/1145
f 973/1153 451/629 449/628 972/930
f 457/1154 455/1155 453/1024 815/1009
f 904/1109 901/1108 902/1156 903/1064
f 981/1157 893/879 895/878 982/1100
f 463/1158 461/1159 459/1160 814/1008
f 924/1101 812/1161 813/882 926/881
f 987/1039 905/1162 907/1091 988/1090
f 852/1132 854/1135 853/1163 851/1164
f 980/1146 892/1092 893/879 981/1157
f 729/1087 726/1054 829/1053 730/1052
f 903/1064 906/1067 905/1162 904/1109
f 986/1040 904/1109 905/1162 987/1039
f 739/1165 741/1166 467/645 465/644
f 906/1067 908/966 907/1091 905/1162
f 870/924 777/1062 778/1150 872/1127
f 906/1067 801/1066 802/967 908/966
f 874/1152 779/1151 780/1167 876/974
f 405/1072 825/1073 824/1168 823/1169
f 876/974 780/1167 781/988 878/975
f 731/977 734/1170 733/1045 732/978
f 731/977 727/1055 728/1086 734/1170
f 734/1170 736/1171 735/1172 733/1045
f 734/1170 728/1086 723/1081 736/1171
f 736/1171 738/1173 737/1174 735/1172
f 736/1171 723/1081 724/1080 738/1173
f 738/1173 740/1175 739/1165 737/1174
f 738/1173 724/1080 720/1075 740/1175
f 740/1175 717/1070 741/1166 739/1165
f 740/1175 720/1075 716/1071 717/1070
f 957/957 846/1119 847/1120 958/1176
f 741/1166 717/1070 713/870 714/869
f 469/648 735/1172 737/1174 471/649
f 768/953 765/1134 766/1177 767/1178
f 829/1053 831/1028 830/1027 828/1037
f 714/869 680/868 475/653 473/652
f 967/1144 865/1004 868/926 968/1179
f 475/653 680/868 684/875 477/655
f 855/952 858/955 857/1180 856/1181
f 477/655 684/875 686/888 479/657
f 479/657 686/888 687/891 481/659
f 687/891 743/1182 483/661 481/659
f 487/665 485/664 1005/1137 1006/1183
f 972/930 875/929 877/976 973/1153
f 850/1184 763/1185 764/1133 852/1132
f 743/1182 745/1186 744/998 742/1187
f 743/1182 687/891 688/890 745/1186
f 745/1186 747/1188 746/885 744/998
f 745/1186 688/890 690/893 747/1188
f 747/1188 749/1189 748/886 746/885
f 747/1188 690/893 750/1190 749/1189
f 750/1190 690/893 691/892 694/897
f 750/1190 491/1191 489/1192 749/1189
f 750/1190 694/897 493/1193 491/1191
f 493/1193 694/897 695/896 329/902
f 489/1192 751/1194 748/886 749/1189
f 781/988 782/1195 783/1196 784/989
f 850/1184 852/1132 851/1164 849/1197
f 806/1198 497/1199 495/1200 807/1201
f 1003/922 501/679 499/678 1002/939
f 968/1179 868/926 869/925 969/1202
f 949/1029 950/979 443/621 503/681
f 505/683 487/665 1006/1183 948/1031
f 489/1192 509/1203 507/1204 751/1194
f 1005/1137 941/1136 943/1205 1006/1183
f 944/1206 826/1069 827/1036 946/1035
f 944/1206 946/1035 945/1032 943/1205
f 942/1207 825/1073 826/1069 944/1206
f 942/1207 944/1206 943/1205 941/1136
f 939/919 824/1168 825/1073 942/1207
f 939/919 942/1207 941/1136 940/920
f 1005/1137 485/664 511/689 1004/921
f 389/1043 513/1208 823/1169 822/1044
f 515/1209 519/1210 752/1211 517/1212
f 964/1138 859/1213 861/1214 965/1142
f 949/1029 503/681 505/683 948/1031
f 797/1215 798/1216 799/1217 800/1065
f 930/1056 817/1025 818/1218 932/1057
f 1001/993 523/701 521/700 1000/1006
f 397/573 733/1045 735/1172 469/648
f 842/1219 757/1220 758/1221 844/1141
f 519/1210 754/1021 753/887 752/1211
f 519/1210 525/1222 755/1022 754/1021
f 525/1222 527/1223 756/1224 755/1022
f 527/1223 529/1225 757/1220 756/1224
f 529/1225 759/1226 758/1221 757/1220
f 808/942 805/1019 806/1198 807/1201
f 842/1219 844/1141 843/1118 841/1140
f 971/927 533/713 531/712 970/1227
f 425/604 447/625 995/948 996/951
f 758/1221 759/1226 760/1228 761/865
f 993/1014 535/715 371/547 992/964
f 529/1225 539/1229 537/1230 759/1226
f 958/1176 847/1120 849/1197 959/1231
f 872/1127 874/1152 873/928 871/1128
f 759/1226 537/1230 541/1232 760/1228
f 824/1168 939/919 938/918 821/1149
f 927/880 930/1056 929/933 928/932
f 823/1169 824/1168 821/1149 822/1044
f 969/1202 869/925 871/1128 970/1227
f 453/1024 543/1233 818/1218 817/1025
f 545/1234 547/1235 760/1228 541/1232
f 445/624 535/715 993/1014 994/992
f 393/1041 822/1044 821/1149 820/1148
f 959/1231 849/1197 851/1164 960/1236
f 932/1057 818/1218 819/1147 934/1125
f 547/1235 762/866 761/865 760/1228
f 547/1235 549/1237 763/1185 762/866
f 549/1237 551/1238 764/1133 763/1185
f 551/1238 766/1177 765/1134 764/1133
f 555/735 553/734 979/1145 980/1146
f 977/1130 557/737 383/559 976/1016
f 752/1211 751/1194 507/1204 517/1212
f 898/1047 900/1050 899/1096 897/1095
f 960/1236 851/1164 853/1163 961/1239
f 891/1089 894/876 893/879 892/1092
f 513/1208 559/1240 405/1072 823/1169
f 986/1040 385/562 561/741 985/1107
f 551/1238 565/1241 563/1242 766/1177
f 894/876 793/1243 794/1244 896/877
f 563/1242 567/1245 767/1178 766/1177
f 896/877 794/1244 795/1048 898/1047
f 922/999 811/1246 812/1161 924/1101
f 567/1245 571/1247 569/1248 767/1178
f 573/753 427/605 997/991 998/931
f 985/1107 561/741 433/611 984/1097
f 853/1163 856/1181 962/1001 961/1239
f 853/1163 854/1135 855/952 856/1181
f 575/755 557/737 977/1130 978/1131
f 975/1015 381/558 577/757 974/1114
f 463/1158 814/1008 813/882 812/1161
f 569/1248 769/954 768/953 767/1178
f 569/1248 579/1249 770/1250 769/954
f 579/1249 581/1251 771/1252 770/1250
f 581/1251 583/1253 772/1105 771/1252
f 583/1253 774/1254 773/1106 772/1105
f 858/955 860/1255 859/1213 857/1180
f 936/1126 938/918 937/917 935/940
f 974/1114 577/757 451/629 973/1153
f 531/712 585/765 969/1202 970/1227
f 862/1256 771/1252 772/1105 864/1002
f 965/1142 861/1214 863/1005 966/1143
f 583/1253 589/1257 587/1258 774/1254
f 587/1258 591/1259 775/1260 774/1254
f 965/1142 435/614 429/607 964/1138
f 862/1256 864/1002 863/1005 861/1214
f 593/773 349/525 957/957 958/1176
f 900/1050 902/1156 901/1108 899/1096
f 591/1259 597/1261 595/1262 775/1260
f 753/887 748/886 751/1194 752/1211
f 969/1202 585/765 599/779 968/1179
f 900/1050 796/1049 797/1215 902/1156
f 954/997 839/996 841/1140 955/1139
f 981/1157 601/781 555/735 980/1146
f 776/1061 773/1106 774/1254 775/1260
f 1004/921 511/689 501/679 1003/922
f 595/1262 777/1062 776/1061 775/1260
f 595/1262 603/1263 778/1150 777/1062
f 603/1263 605/1264 779/1151 778/1150
f 605/1264 607/1265 780/1167 779/1151
f 607/1265 782/1195 781/988 780/1167
f 698/899 693/895 682/873 683/872
f 866/1003 773/1106 776/1061 867/923
f 840/1046 756/1224 757/1220 842/1219
f 855/952 854/1135 765/1134 768/953
f 758/1221 761/865 845/864 844/1141
f 860/1255 770/1250 771/1252 862/1256
f 449/628 533/713 971/927 972/930
f 607/1265 611/1266 609/1267 782/1195
f 797/1215 800/1065 903/1064 902/1156
f 609/1267 613/1268 783/1196 782/1195
f 459/1160 457/1154 815/1009 814/1008
f 615/795 601/781 981/1157 982/1100
f 613/1268 619/1269 617/1270 783/1196
f 848/867 762/866 763/1185 850/1184
f 499/678 523/701 1001/993 1002/939
f 347/524 441/619 955/1139 956/956
f 860/1255 862/1256 861/1214 859/1213
f 983/1094 431/610 615/795 982/1100
f 840/1046 842/1219 841/1140 839/996
f 704/910 700/906 698/899 683/872
f 999/934 621/801 573/753 998/931
f 617/1270 785/1117 784/989 783/1196
f 617/1270 623/1271 786/1112 785/1117
f 623/1271 625/1272 787/1104 786/1112
f 625/1272 627/1273 788/1099 787/1104
f 627/1273 790/1011 789/1034 788/1099
f 961/1239 631/813 629/812 960/1236
f 991/965 369/546 345/521 990/938
f 627/1273 633/1274 379/1012 790/1011
f 927/880 816/883 817/1025 930/1056
f 963/1000 857/1180 859/1213 964/1138
f 951/945 742/1187 744/998 834/946
f 979/1145 553/734 575/755 978/1131
f 635/1275 393/1041 820/1148 819/1147
f 415/591 387/563 987/1039 988/1090
f 962/1001 856/1181 857/1180 963/1000
f 339/516 637/819 951/945 952/936
f 920/959 810/987 811/1246 922/999
f 922/999 924/1101 923/950 921/949
f 967/1144 639/821 437/615 966/1143
f 641/1276 643/1277 791/1010 377/1013
f 1006/1183 943/1205 945/1032 948/1031
f 838/1023 755/1022 756/1224 840/1046
f 643/1277 793/1243 792/1033 791/1010
f 643/1277 645/1278 794/1244 793/1243
f 645/1278 647/1279 795/1048 794/1244
f 647/1279 649/1280 796/1049 795/1048
f 649/1280 798/1216 797/1215 796/1049
f 373/550 631/813 961/1239 962/1001
f 439/618 341/517 953/935 954/997
f 973/1153 877/976 880/1017 974/1114
f 970/1227 871/1128 873/928 971/927
f 912/1123 804/1281 805/1019 914/1018
f 959/1231 651/833 593/773 958/1176
f 599/779 639/821 967/1144 968/1179
f 649/1280 655/1282 653/1283 798/1216
f 521/700 621/801 999/934 1000/1006
f 874/1152 876/974 875/929 873/928
f 657/1284 661/1285 799/1217 659/1286
f 663/845 483/661 743/1182 742/1187
f 629/812 651/833 959/1231 960/1236
f 912/1123 914/1018 913/962 911/1030
f 910/969 803/968 804/1281 912/1123
f 663/845 742/1187 951/945 637/819
f 661/1285 801/1066 800/1065 799/1217
f 661/1285 665/1287 802/967 801/1066
f 665/1287 667/1288 803/968 802/967
f 667/1288 669/1289 804/1281 803/968
f 669/1289 806/1198 805/1019 804/1281
f 891/1089 792/1033 793/1243 894/876
f 866/1003 867/923 868/926 865/1004
f 848/867 850/1184 849/1197 847/1120
f 669/1289 671/1290 497/1199 806/1198
f 739/1165 465/644 471/649 737/1174
f 908/966 910/969 909/1038 907/1091
f 467/645 741/1166 714/869 473/652
f 673/1291 675/1292 807/1201 495/1200
f 677/1293 463/1158 812/1161 811/1246
f 798/1216 653/1283 659/1286 799/1217
f 858/955 769/954 770/1250 860/1255
f 543/1233 635/1275 819/1147 818/1218
f 675/1292 809/943 808/942 807/1201
f 675/1292 679/1294 810/987 809/943
f 679/1294 677/1293 811/1246 810/987
g Group7750
f 1007/1295 1013/1296 1014/1297 1015/1298
f 1007/1295 1189/1299 1191/1300 1013/1296
f 1007/1295 1016/1301 1193/1302 1189/1299
f 1007/1295 1017/1303 1018/1304 1016/1301
f 1007/1295 1015/1298 1019/1305 1017/1303
f 1008/1306 1020/1307 1021/1308 1022/1309
f 1008/1306 1022/1309 1023/1310 1024/1311
f 1008/1306 1024/1311 1195/1312 1197/1313
f 1008/1306 1025/1314 1026/1315 1020/1307
f 1008/1306 1197/1313 1199/1316 1025/1314
f 1009/1317 1027/1318 1028/1319 1029/1320
f 1009/1317 1029/1320 1030/1321 1031/1322
f 1009/1317 1032/1323 1033/1324 1034/1325
f 1009/1317 1031/1322 1035/1326 1032/1323
f 1009/1317 1034/1325 1036/1327 1027/1318
f 1010/1328 1201/1329 1203/1330 1037/1331
f 1010/1328 1038/1332 1205/1333 1201/1329
f 1010/1328 1039/1334 1040/1335 1041/1336
f 1010/1328 1037/1331 1042/1337 1039/1334
f 1011/1338 1043/1339 1207/1340 1209/1341
f 1011/1338 1044/1342 1045/1343 1043/1339
f 1011/1338 1046/1344 1047/1345 1044/1342
f 1011/1338 1024/1311 1023/1310 1046/1344
f 1011/1338 1209/1341 1195/1312 1024/1311
f 1012/1346 1048/1347 1049/1348 1050/1349
f 1012/1346 1051/1350 1052/1351 1048/1347
f 1012/1346 1053/1352 1054/1353 1055/1354
f 1012/1346 1050/1349 1038/1332 1053/1352
f 1012/1346 1055/1354 1056/1355 1051/1350
f 1213/1356 1057/1357 1058/1358 1211/1359
f 1213/1356 1215/1360 1059/1361 1057/1357
f 1059/1361 1060/1362 1061/1363 1057/1357
f 1059/1361 1215/1360 1217/1364 1219/1365
f 1059/1361 1219/1365 1221/1366 1060/1362
f 1221/1366 1223/1367 1062/1368 1060/1362
f 1062/1368 1063/1369 1064/1370 1065/1371
f 1062/1368 1065/1371 1061/1363 1060/1362
f 1062/1368 1223/1367 1225/1372 1063/1369
f 1225/1372 1227/1373 1066/1374 1063/1369
f 1066/1374 1067/1375 1068/1376 1069/1377
f 1066/1374 1069/1377 1064/1370 1063/1369
f 1066/1374 1227/1373 1229/1378 1067/1375
f 1229/1378 1231/1379 1070/1380 1067/1375
f 1070/1380 1047/1345 1046/1344 1071/1381
f 1070/1380 1071/1381 1068/1376 1067/1375
f 1070/1380 1231/1379 1233/1382 1047/1345
f 1233/1382 1235/1383 1044/1342 1047/1345
f 1235/1383 1237/1384 1045/1343 1044/1342
f 1237/1384 1239/1385 1014/1297 1045/1343
f 1239/1385 1241/1386 1015/1298 1014/1297
f 1241/1386 1243/1387 1019/1305 1015/1298
f 1243/1387 1245/1388 1072/1389 1019/1305
f 1072/1389 1073/1390 1074/1391 1075/1392
f 1072/1389 1075/1392 1017/1303 1019/1305
f 1072/1389 1245/1388 1247/1393 1073/1390
f 1247/1393 1249/1394 1076/1395 1073/1390
f 1076/1395 1077/1396 1078/1397 1079/1398
f 1076/1395 1079/1398 1074/1391 1073/1390
f 1076/1395 1249/1394 1251/1399 1077/1396
f 1251/1399 1253/1400 1080/1401 1077/1396
f 1080/1401 1081/1402 1082/1403 1083/1404
f 1080/1401 1083/1404 1078/1397 1077/1396
f 1080/1401 1253/1400 1255/1405 1081/1402
f 1255/1405 1257/1406 1084/1407 1081/1402
f 1084/1407 1259/1408 1261/1409 1085/1410
f 1084/1407 1085/1410 1082/1403 1081/1402
f 1084/1407 1257/1406 1263/1411 1259/1408
f 1085/1410 1261/1409 1265/1412 1086/1413
f 1085/1410 1086/1413 1087/1414 1082/1403
f 1087/1414 1086/1413 1088/1415 1089/1416
f 1087/1414 1089/1416 1090/1417 1091/1418
f 1087/1414 1091/1418 1083/1404 1082/1403
f 1091/1418 1090/1417 1092/1419 1093/1420
f 1091/1418 1093/1420 1078/1397 1083/1404
f 1093/1420 1092/1419 1094/1421 1095/1422
f 1093/1420 1095/1422 1079/1398 1078/1397
f 1095/1422 1094/1421 1096/1423 1097/1424
f 1095/1422 1097/1424 1074/1391 1079/1398
f 1097/1424 1096/1423 1030/1321 1098/1425
f 1097/1424 1098/1425 1075/1392 1074/1391
f 1098/1425 1030/1321 1029/1320 1018/1304
f 1098/1425 1018/1304 1017/1303 1075/1392
f 1096/1423 1094/1421 1099/1426 1100/1427
f 1096/1423 1100/1427 1031/1322 1030/1321
f 1100/1427 1099/1426 1101/1428 1102/1429
f 1100/1427 1102/1429 1035/1326 1031/1322
f 1102/1429 1101/1428 1267/1430 1269/1431
f 1102/1429 1269/1431 1271/1432 1035/1326
f 1271/1432 1273/1433 1032/1323 1035/1326
f 1273/1433 1275/1434 1033/1324 1032/1323
f 1275/1434 1277/1435 1103/1436 1033/1324
f 1103/1436 1104/1437 1039/1334 1042/1337
f 1103/1436 1042/1337 1034/1325 1033/1324
f 1103/1436 1277/1435 1279/1438 1104/1437
f 1279/1438 1281/1439 1105/1440 1104/1437
f 1105/1440 1106/1441 1107/1442 1040/1335
f 1105/1440 1040/1335 1039/1334 1104/1437
f 1105/1440 1281/1439 1283/1443 1106/1441
f 1283/1443 1285/1444 1108/1445 1106/1441
f 1108/1445 1109/1446 1110/1447 1111/1448
f 1108/1445 1111/1448 1107/1442 1106/1441
f 1108/1445 1285/1444 1287/1449 1109/1446
f 1287/1449 1289/1450 1112/1451 1109/1446
f 1112/1451 1113/1452 1114/1453 1115/1454
f 1112/1451 1115/1454 1110/1447 1109/1446
f 1112/1451 1289/1450 1291/1455 1113/1452
f 1291/1455 1293/1456 1116/1457 1113/1452
f 1116/1457 1117/1458 1118/1459 1119/1460
f 1116/1457 1119/1460 1114/1453 1113/1452
f 1116/1457 1293/1456 1295/1461 1117/1458
f 1295/1461 1297/1462 1299/1463 1117/1458
f 1299/1463 1301/1464 1118/1459 1117/1458
f 1301/1464 1303/1465 1120/1466 1118/1459
f 1120/1466 1303/1465 1305/1467 1121/1468
f 1120/1466 1121/1468 1122/1469 1123/1470
f 1120/1466 1123/1470 1119/1460 1118/1459
f 1123/1470 1122/1469 1124/1471 1125/1472
f 1123/1470 1125/1472 1114/1453 1119/1460
f 1125/1472 1124/1471 1126/1473 1127/1474
f 1125/1472 1127/1474 1115/1454 1114/1453
f 1127/1474 1126/1473 1128/1475 1129/1476
f 1127/1474 1129/1476 1110/1447 1115/1454
f 1129/1476 1128/1475 1130/1477 1131/1478
f 1129/1476 1131/1478 1111/1448 1110/1447
f 1131/1478 1130/1477 1054/1353 1132/1479
f 1131/1478 1132/1479 1107/1442 1111/1448
f 1132/1479 1054/1353 1053/1352 1041/1336
f 1132/1479 1041/1336 1040/1335 1107/1442
f 1130/1477 1128/1475 1133/1480 1134/1481
f 1130/1477 1134/1481 1055/1354 1054/1353
f 1134/1481 1133/1480 1135/1482 1136/1483
f 1134/1481 1136/1483 1056/1355 1055/1354
f 1136/1483 1135/1482 1307/1484 1309/1485
f 1136/1483 1309/1485 1311/1486 1056/1355
f 1311/1486 1313/1487 1051/1350 1056/1355
f 1313/1487 1315/1488 1052/1351 1051/1350
f 1315/1488 1317/1489 1137/1490 1052/1351
f 1137/1490 1317/1489 1319/1491 1138/1492
f 1137/1490 1138/1492 1139/1493 1140/1494
f 1137/1490 1140/1494 1048/1347 1052/1351
f 1140/1494 1139/1493 1141/1495 1142/1496
f 1140/1494 1142/1496 1049/1348 1048/1347
f 1142/1496 1141/1495 1321/1497 1323/1498
f 1142/1496 1323/1498 1325/1499 1049/1348
f 1325/1499 1327/1500 1050/1349 1049/1348
f 1327/1500 1205/1333 1038/1332 1050/1349
f 1321/1497 1141/1495 1025/1314 1199/1316
f 1141/1495 1139/1493 1026/1315 1025/1314
f 1139/1493 1138/1492 1143/1501 1026/1315
f 1143/1501 1138/1492 1319/1491 1329/1502
f 1143/1501 1329/1502 1331/1503 1144/1504
f 1143/1501 1144/1504 1020/1307 1026/1315
f 1144/1504 1331/1503 1333/1505 1145/1506
f 1144/1504 1145/1506 1021/1308 1020/1307
f 1145/1506 1333/1505 1335/1507 1146/1508
f 1145/1506 1146/1508 1147/1509 1021/1308
f 1147/1509 1146/1508 1148/1510 1149/1511
f 1147/1509 1149/1511 1150/1512 1151/1513
f 1147/1509 1151/1513 1022/1309 1021/1308
f 1151/1513 1150/1512 1152/1514 1153/1515
f 1151/1513 1153/1515 1023/1310 1022/1309
f 1153/1515 1152/1514 1068/1376 1071/1381
f 1153/1515 1071/1381 1046/1344 1023/1310
f 1152/1514 1150/1512 1154/1516 1155/1517
f 1152/1514 1155/1517 1069/1377 1068/1376
f 1155/1517 1154/1516 1156/1518 1157/1519
f 1155/1517 1157/1519 1064/1370 1069/1377
f 1157/1519 1156/1518 1158/1520 1159/1521
f 1157/1519 1159/1521 1065/1371 1064/1370
f 1159/1521 1158/1520 1160/1522 1161/1523
f 1159/1521 1161/1523 1061/1363 1065/1371
f 1161/1523 1160/1522 1162/1524 1058/1358
f 1161/1523 1058/1358 1057/1357 1061/1363
f 1162/1524 1160/1522 1163/1525 1164/1526
f 1162/1524 1164/1526 1337/1527 1339/1528
f 1162/1524 1339/1528 1211/1359 1058/1358
f 1337/1527 1164/1526 1165/1529 1341/1530
f 1343/1531 1341/1530 1165/1529 1345/1532
f 1345/1532 1165/1529 1166/1533 1347/1534
f 1347/1534 1166/1533 1167/1535 1349/1536
f 1349/1536 1167/1535 1168/1537 1351/1538
f 1351/1538 1168/1537 1169/1539 1353/1540
f 1353/1540 1169/1539 1148/1510 1355/1541
f 1355/1541 1148/1510 1146/1508 1335/1507
f 1169/1539 1168/1537 1170/1542 1171/1543
f 1169/1539 1171/1543 1149/1511 1148/1510
f 1171/1543 1170/1542 1156/1518 1154/1516
f 1171/1543 1154/1516 1150/1512 1149/1511
f 1170/1542 1168/1537 1167/1535 1172/1544
f 1170/1542 1172/1544 1158/1520 1156/1518
f 1172/1544 1167/1535 1166/1533 1163/1525
f 1172/1544 1163/1525 1160/1522 1158/1520
f 1166/1533 1165/1529 1164/1526 1163/1525
f 1307/1484 1135/1482 1173/1545 1357/1546
f 1357/1546 1173/1545 1174/1547 1359/1548
f 1359/1548 1174/1547 1175/1549 1361/1550
f 1361/1550 1175/1549 1176/1551 1363/1552
f 1363/1552 1176/1551 1365/1553 1367/1554
f 1369/1555 1365/1553 1176/1551 1177/1556
f 1369/1555 1177/1556 1121/1468 1305/1467
f 1177/1556 1176/1551 1175/1549 1178/1557
f 1177/1556 1178/1557 1122/1469 1121/1468
f 1178/1557 1175/1549 1174/1547 1179/1558
f 1178/1557 1179/1558 1124/1471 1122/1469
f 1179/1558 1174/1547 1173/1545 1180/1559
f 1179/1558 1180/1559 1126/1473 1124/1471
f 1180/1559 1173/1545 1135/1482 1133/1480
f 1180/1559 1133/1480 1128/1475 1126/1473
f 1267/1430 1101/1428 1181/1560 1371/1561
f 1371/1561 1181/1560 1182/1562 1373/1563
f 1373/1563 1182/1562 1183/1564 1375/1565
f 1375/1565 1183/1564 1184/1566 1377/1567
f 1377/1567 1184/1566 1379/1568 1381/1569
f 1379/1568 1184/1566 1185/1570 1383/1571
f 1383/1571 1185/1570 1088/1415 1385/1572
f 1185/1570 1184/1566 1183/1564 1186/1573
f 1185/1570 1186/1573 1089/1416 1088/1415
f 1186/1573 1183/1564 1182/1562 1187/1574
f 1186/1573 1187/1574 1090/1417 1089/1416
f 1187/1574 1182/1562 1181/1560 1188/1575
f 1187/1574 1188/1575 1092/1419 1090/1417
f 1188/1575 1181/1560 1101/1428 1099/1426
f 1188/1575 1099/1426 1094/1421 1092/1419
f 1088/1415 1086/1413 1265/1412 1385/1572
f 1053/1352 1038/1332 1010/1328 1041/1336
f 1045/1343 1014/1297 1013/1296 1043/1339
f 1207/1340 1043/1339 1013/1296 1191/1300
f 1042/1337 1037/1331 1036/1327 1034/1325
f 1037/1331 1203/1330 1387/1576 1036/1327
f 1387/1576 1389/1577 1027/1318 1036/1327
f 1389/1577 1391/1578 1028/1319 1027/1318
f 1391/1578 1193/1302 1016/1301 1028/1319
f 1029/1320 1028/1319 1016/1301 1018/1304
g Group50988
f 1191/1579 1189/1580 1190/1581 1192/1582
f 1189/1580 1193/1583 1194/1584 1190/1581
f 1197/1585 1195/1586 1196/1587 1198/1588
f 1199/1589 1197/1585 1198/1588 1200/1590
f 1203/1591 1201/1592 1202/1593 1204/1594
f 1201/1592 1205/1595 1206/1596 1202/1593
f 1209/1597 1207/1598 1208/1599 1210/1600
f 1195/1586 1209/1597 1210/1600 1196/1587
f 1213/1601 1211/1602 1212/1603 1214/1604
f 1215/1605 1213/1601 1214/1604 1216/1606
f 1217/1607 1215/1605 1216/1606 1218/1608
f 1219/1609 1217/1607 1218/1608 1220/1610
f 1221/1611 1219/1609 1220/1610 1222/1612
f 1223/1613 1221/1611 1222/1612 1224/1614
f 1225/1615 1223/1613 1224/1614 1226/1616
f 1227/1617 1225/1615 1226/1616 1228/1618
f 1229/1619 1227/1617 1228/1618 1230/1620
f 1231/1621 1229/1619 1230/1620 1232/1622
f 1233/1623 1231/1621 1232/1622 1234/1624
f 1235/1625 1233/1623 1234/1624 1236/1626
f 1237/1627 1235/1625 1236/1626 1238/1628
f 1239/1629 1237/1627 1238/1628 1240/1630
f 1241/1631 1239/1629 1240/1630 1242/1632
f 1243/1633 1241/1631 1242/1632 1244/1634
f 1245/1635 1243/1633 1244/1634 1246/1636
f 1247/1637 1245/1635 1246/1636 1248/1638
f 1249/1639 1247/1637 1248/1638 1250/1640
f 1251/1641 1249/1639 1250/1640 1252/1642
f 1253/1643 1251/1641 1252/1642 1254/1644
f 1255/1645 1253/1643 1254/1644 1256/1646
f 1257/1647 1255/1645 1256/1646 1258/1648
f 1261/1649 1259/1650 1260/1651 1262/1652
f 1263/1653 1257/1647 1258/1648 1264/1654
f 1259/1650 1263/1653 1264/1654 1260/1651
f 1265/1655 1261/1649 1262/1652 1266/1656
f 1269/1657 1267/1658 1268/1659 1270/1660
f 1271/1661 1269/1657 1270/1660 1272/1662
f 1273/1663 1271/1661 1272/1662 1274/1664
f 1275/1665 1273/1663 1274/1664 1276/1666
f 1277/1667 1275/1665 1276/1666 1278/1668
f 1279/1669 1277/1667 1278/1668 1280/1670
f 1281/1671 1279/1669 1280/1670 1282/1672
f 1283/1673 1281/1671 1282/1672 1284/1674
f 1285/1675 1283/1673 1284/1674 1286/1676
f 1287/1677 1285/1675 1286/1676 1288/1678
f 1289/1679 1287/1677 1288/1678 1290/1680
f 1291/1681 1289/1679 1290/1680 1292/1682
f 1293/1683 1291/1681 1292/1682 1294/1684
f 1295/1685 1293/1683 1294/1684 1296/1686
f 1297/1687 1295/1685 1296/1686 1298/1688
f 1299/1689 1297/1687 1298/1688 1300/1690
f 1301/1691 1299/1689 1300/1690 1302/1692
f 1303/1693 1301/1691 1302/1692 1304/1694
f 1305/1695 1303/1693 1304/1694 1306/1696
f 1309/1697 1307/1698 1308/1699 1310/1700
f 1311/1701 1309/1697 1310/1700 1312/1702
f 1313/1703 1311/1701 1312/1702 1314/1704
f 1315/1705 1313/1703 1314/1704 1316/1706
f 1317/1707 1315/1705 1316/1706 1318/1708
f 1319/1709 1317/1707 1318/1708 1320/1710
f 1323/1711 1321/1712 1322/1713 1324/1714
f 1325/1715 1323/1711 1324/1714 1326/1716
f 1327/1717 1325/1715 1326/1716 1328/1718
f 1205/1595 1327/1717 1328/1718 1206/1596
f 1321/1712 1199/1589 1200/1590 1322/1713
f 1329/1719 1319/1709 1320/1710 1330/1720
f 1331/1721 1329/1719 1330/1720 1332/1722
f 1333/1723 1331/1721 1332/1722 1334/1724
f 1335/1725 1333/1723 1334/1724 1336/1726
f 1339/1727 1337/1728 1338/1729 1340/1730
f 1211/1602 1339/1727 1340/1730 1212/1603
f 1337/1728 1341/1731 1342/1732 1338/1729
f 1341/1731 1343/1733 1344/1734 1342/1732
f 1343/1733 1345/1735 1346/1736 1344/1734
f 1345/1735 1347/1737 1348/1738 1346/1736
f 1347/1737 1349/1739 1350/1740 1348/1738
f 1349/1739 1351/1741 1352/1742 1350/1740
f 1351/1741 1353/1743 1354/1744 1352/1742
f 1353/1743 1355/1745 1356/1746 1354/1744
f 1355/1745 1335/1725 1336/1726 1356/1746
f 1307/1698 1357/1747 1358/1748 1308/1699
f 1357/1747 1359/1749 1360/1750 1358/1748
f 1359/1749 1361/1751 1362/1752 1360/1750
f 1361/1751 1363/1753 1364/1754 1362/1752
f 1367/1755 1365/1756 1366/1757 1368/1758
f 1363/1753 1367/1755 1368/1758 1364/1754
f 1365/1756 1369/1759 1370/1760 1366/1757
f 1369/1759 1305/1695 1306/1696 1370/1760
f 1267/1658 1371/1761 1372/1762 1268/1659
f 1371/1761 1373/1763 1374/1764 1372/1762
f 1373/1763 1375/1765 1376/1766 1374/1764
f 1375/1765 1377/1767 1378/1768 1376/1766
f 1381/1769 1379/1770 1380/1771 1382/1772
f 1377/1767 1381/1769 1382/1772 1378/1768
f 1379/1770 1383/1773 1384/1774 1380/1771
f 1383/1773 1385/1775 1386/1776 1384/1774
f 1385/1775 1265/1655 1266/1656 1386/1776
f 1207/1777 1191/1579 1192/1582 1208/1778
f 1387/1779 1203/1591 1204/1594 1388/1780
f 1389/1781 1387/1779 1388/1780 1390/1782
f 1391/1783 1389/1781 1390/1782 1392/1784
f 1193/1583 1391/1783 1392/1784 1194/1584
g Group24470
f 1393/1785 1401/1786 1400/1787 1399/1788
f 1393/1785 1399/1788 1192/1789 1190/1790
f 1393/1785 1190/1790 1194/1791 1402/1792
f 1393/1785 1402/1792 1404/1793 1403/1794
f 1393/1785 1403/1794 1405/1795 1401/1786
f 1394/1796 1408/1797 1407/1798 1406/1799
f 1394/1796 1410/1800 1409/1801 1408/1797
f 1394/1796 1198/1802 1196/1803 1410/1800
f 1394/1796 1406/1799 1412/1804 1411/1805
f 1394/1796 1411/1805 1200/1806 1198/1802
f 1395/1807 1415/1808 1414/1809 1413/1810
f 1395/1807 1417/1811 1416/1812 1415/1808
f 1395/1807 1420/1813 1419/1814 1418/1815
f 1395/1807 1418/1815 1421/1816 1417/1811
f 1395/1807 1413/1810 1422/1817 1420/1813
f 1396/1818 1423/1819 1204/1820 1202/1821
f 1396/1818 1202/1821 1206/1822 1424/1823
f 1396/1818 1427/1824 1426/1825 1425/1826
f 1396/1818 1425/1826 1428/1827 1423/1819
f 1397/1828 1210/1829 1208/1830 1429/1831
f 1397/1828 1429/1831 1431/1832 1430/1833
f 1397/1828 1430/1833 1433/1834 1432/1835
f 1397/1828 1432/1835 1409/1801 1410/1800
f 1397/1828 1410/1800 1196/1803 1210/1829
f 1398/1836 1436/1837 1435/1838 1434/1839
f 1398/1836 1434/1839 1438/1840 1437/1841
f 1398/1836 1441/1842 1440/1843 1439/1844
f 1398/1836 1439/1844 1424/1823 1436/1837
f 1398/1836 1437/1841 1442/1845 1441/1842
f 1214/1604 1212/1603 1444/1846 1443/1847
f 1214/1604 1443/1847 1445/1848 1216/1606
f 1445/1848 1443/1847 1447/1849 1446/1850
f 1445/1848 1220/1610 1218/1608 1216/1606
f 1445/1848 1446/1850 1222/1612 1220/1610
f 1222/1612 1446/1850 1448/1851 1224/1614
f 1448/1851 1451/1852 1450/1853 1449/1854
f 1448/1851 1446/1850 1447/1849 1451/1852
f 1448/1851 1449/1854 1226/1616 1224/1614
f 1226/1616 1449/1854 1452/1855 1228/1618
f 1452/1855 1455/1856 1454/1857 1453/1858
f 1452/1855 1449/1854 1450/1853 1455/1856
f 1452/1855 1453/1858 1230/1620 1228/1618
f 1230/1620 1453/1858 1456/1859 1232/1622
f 1456/1859 1457/1860 1432/1835 1433/1834
f 1456/1859 1453/1858 1454/1857 1457/1860
f 1456/1859 1433/1834 1234/1624 1232/1622
f 1234/1624 1433/1834 1430/1833 1236/1626
f 1236/1626 1430/1833 1431/1832 1238/1628
f 1238/1628 1431/1832 1400/1787 1240/1630
f 1240/1630 1400/1787 1401/1786 1242/1632
f 1242/1632 1401/1786 1405/1795 1244/1634
f 1244/1634 1405/1795 1458/1861 1246/1636
f 1458/1861 1461/1862 1460/1863 1459/1864
f 1458/1861 1405/1795 1403/1794 1461/1862
f 1458/1861 1459/1864 1248/1638 1246/1636
f 1248/1638 1459/1864 1462/1865 1250/1640
f 1462/1865 1465/1866 1464/1867 1463/1868
f 1462/1865 1459/1864 1460/1863 1465/1866
f 1462/1865 1463/1868 1252/1642 1250/1640
f 1252/1642 1463/1868 1466/1869 1254/1644
f 1466/1869 1469/1870 1468/1871 1467/1872
f 1466/1869 1463/1868 1464/1867 1469/1870
f 1466/1869 1467/1872 1256/1646 1254/1644
f 1256/1646 1467/1872 1470/1873 1258/1648
f 1470/1873 1471/1874 1262/1652 1260/1651
f 1470/1873 1467/1872 1468/1871 1471/1874
f 1470/1873 1260/1651 1264/1654 1258/1648
f 1471/1874 1472/1875 1266/1656 1262/1652
f 1471/1874 1468/1871 1473/1876 1472/1875
f 1473/1876 1475/1877 1474/1878 1472/1875
f 1473/1876 1477/1879 1476/1880 1475/1877
f 1473/1876 1468/1871 1469/1870 1477/1879
f 1477/1879 1479/1881 1478/1882 1476/1880
f 1477/1879 1469/1870 1464/1867 1479/1881
f 1479/1881 1481/1883 1480/1884 1478/1882
f 1479/1881 1464/1867 1465/1866 1481/1883
f 1481/1883 1483/1885 1482/1886 1480/1884
f 1481/1883 1465/1866 1460/1863 1483/1885
f 1483/1885 1484/1887 1416/1812 1482/1886
f 1483/1885 1460/1863 1461/1862 1484/1887
f 1484/1887 1404/1793 1415/1808 1416/1812
f 1484/1887 1461/1862 1403/1794 1404/1793
f 1482/1886 1486/1888 1485/1889 1480/1884
f 1482/1886 1416/1812 1417/1811 1486/1888
f 1486/1888 1488/1890 1487/1891 1485/1889
f 1486/1888 1417/1811 1421/1816 1488/1890
f 1488/1890 1270/1660 1268/1659 1487/1891
f 1488/1890 1421/1816 1272/1662 1270/1660
f 1272/1662 1421/1816 1418/1815 1274/1664
f 1274/1664 1418/1815 1419/1814 1276/1666
f 1276/1666 1419/1814 1489/1892 1278/1668
f 1489/1892 1428/1827 1425/1826 1490/1893
f 1489/1892 1419/1814 1420/1813 1428/1827
f 1489/1892 1490/1893 1280/1670 1278/1668
f 1280/1670 1490/1893 1491/1894 1282/1672
f 1491/1894 1426/1825 1493/1895 1492/1896
f 1491/1894 1490/1893 1425/1826 1426/1825
f 1491/1894 1492/1896 1284/1674 1282/1672
f 1284/1674 1492/1896 1494/1897 1286/1676
f 1494/1897 1497/1898 1496/1899 1495/1900
f 1494/1897 1492/1896 1493/1895 1497/1898
f 1494/1897 1495/1900 1288/1678 1286/1676
f 1288/1678 1495/1900 1498/1901 1290/1680
f 1498/1901 1501/1902 1500/1903 1499/1904
f 1498/1901 1495/1900 1496/1899 1501/1902
f 1498/1901 1499/1904 1292/1682 1290/1680
f 1292/1682 1499/1904 1502/1905 1294/1684
f 1502/1905 1505/1906 1504/1907 1503/1908
f 1502/1905 1499/1904 1500/1903 1505/1906
f 1502/1905 1503/1908 1296/1686 1294/1684
f 1296/1686 1503/1908 1300/1690 1298/1688
f 1300/1690 1503/1908 1504/1907 1302/1692
f 1302/1692 1504/1907 1506/1909 1304/1694
f 1506/1909 1507/1910 1306/1696 1304/1694
f 1506/1909 1509/1911 1508/1912 1507/1910
f 1506/1909 1504/1907 1505/1906 1509/1911
f 1509/1911 1511/1913 1510/1914 1508/1912
f 1509/1911 1505/1906 1500/1903 1511/1913
f 1511/1913 1513/1915 1512/1916 1510/1914
f 1511/1913 1500/1903 1501/1902 1513/1915
f 1513/1915 1515/1917 1514/1918 1512/1916
f 1513/1915 1501/1902 1496/1899 1515/1917
f 1515/1917 1517/1919 1516/1920 1514/1918
f 1515/1917 1496/1899 1497/1898 1517/1919
f 1517/1919 1518/1921 1440/1843 1516/1920
f 1517/1919 1497/1898 1493/1895 1518/1921
f 1518/1921 1427/1824 1439/1844 1440/1843
f 1518/1921 1493/1895 1426/1825 1427/1824
f 1516/1920 1520/1922 1519/1923 1514/1918
f 1516/1920 1440/1843 1441/1842 1520/1922
f 1520/1922 1522/1924 1521/1925 1519/1923
f 1520/1922 1441/1842 1442/1845 1522/1924
f 1522/1924 1310/1700 1308/1699 1521/1925
f 1522/1924 1442/1845 1312/1702 1310/1700
f 1312/1702 1442/1845 1437/1841 1314/1704
f 1314/1704 1437/1841 1438/1840 1316/1706
f 1316/1706 1438/1840 1523/1926 1318/1708
f 1523/1926 1524/1927 1320/1710 1318/1708
f 1523/1926 1526/1928 1525/1929 1524/1927
f 1523/1926 1438/1840 1434/1839 1526/1928
f 1526/1928 1528/1930 1527/1931 1525/1929
f 1526/1928 1434/1839 1435/1838 1528/1930
f 1528/1930 1324/1932 1322/1933 1527/1931
f 1528/1930 1435/1838 1326/1934 1324/1932
f 1326/1934 1435/1838 1436/1837 1328/1935
f 1328/1935 1436/1837 1424/1823 1206/1822
f 1322/1933 1200/1806 1411/1805 1527/1931
f 1527/1931 1411/1805 1412/1804 1525/1929
f 1525/1929 1412/1804 1529/1936 1524/1927
f 1529/1936 1330/1720 1320/1710 1524/1927
f 1529/1936 1530/1937 1332/1722 1330/1720
f 1529/1936 1412/1804 1406/1799 1530/1937
f 1530/1937 1531/1938 1334/1724 1332/1722
f 1530/1937 1406/1799 1407/1798 1531/1938
f 1531/1938 1532/1939 1336/1726 1334/1724
f 1531/1938 1407/1798 1533/1940 1532/1939
f 1533/1940 1535/1941 1534/1942 1532/1939
f 1533/1940 1537/1943 1536/1944 1535/1941
f 1533/1940 1407/1798 1408/1797 1537/1943
f 1537/1943 1539/1945 1538/1946 1536/1944
f 1537/1943 1408/1797 1409/1801 1539/1945
f 1539/1945 1457/1860 1454/1857 1538/1946
f 1539/1945 1409/1801 1432/1835 1457/1860
f 1538/1946 1541/1947 1540/1948 1536/1944
f 1538/1946 1454/1857 1455/1856 1541/1947
f 1541/1947 1543/1949 1542/1950 1540/1948
f 1541/1947 1455/1856 1450/1853 1543/1949
f 1543/1949 1545/1951 1544/1952 1542/1950
f 1543/1949 1450/1853 1451/1852 1545/1951
f 1545/1951 1547/1953 1546/1954 1544/1952
f 1545/1951 1451/1852 1447/1849 1547/1953
f 1547/1953 1444/1846 1548/1955 1546/1954
f 1547/1953 1447/1849 1443/1847 1444/1846
f 1548/1955 1550/1956 1549/1957 1546/1954
f 1548/1955 1340/1730 1338/1729 1550/1956
f 1548/1955 1444/1846 1212/1603 1340/1730
f 1338/1729 1342/1732 1551/1958 1550/1956
f 1344/1734 1346/1736 1551/1958 1342/1732
f 1346/1736 1348/1738 1552/1959 1551/1958
f 1348/1738 1350/1740 1553/1960 1552/1959
f 1350/1740 1352/1742 1554/1961 1553/1960
f 1352/1742 1354/1744 1555/1962 1554/1961
f 1354/1744 1356/1746 1534/1942 1555/1962
f 1356/1746 1336/1726 1532/1939 1534/1942
f 1555/1962 1557/1963 1556/1964 1554/1961
f 1555/1962 1534/1942 1535/1941 1557/1963
f 1557/1963 1540/1948 1542/1950 1556/1964
f 1557/1963 1535/1941 1536/1944 1540/1948
f 1556/1964 1558/1965 1553/1960 1554/1961
f 1556/1964 1542/1950 1544/1952 1558/1965
f 1558/1965 1549/1957 1552/1959 1553/1960
f 1558/1965 1544/1952 1546/1954 1549/1957
f 1552/1959 1549/1957 1550/1956 1551/1958
f 1308/1699 1358/1748 1559/1966 1521/1925
f 1358/1748 1360/1750 1560/1967 1559/1966
f 1360/1750 1362/1752 1561/1968 1560/1967
f 1362/1752 1364/1754 1562/1969 1561/1968
f 1364/1754 1368/1758 1366/1757 1562/1969
f 1370/1760 1563/1970 1562/1969 1366/1757
f 1370/1760 1306/1696 1507/1910 1563/1970
f 1563/1970 1564/1971 1561/1968 1562/1969
f 1563/1970 1507/1910 1508/1912 1564/1971
f 1564/1971 1565/1972 1560/1967 1561/1968
f 1564/1971 1508/1912 1510/1914 1565/1972
f 1565/1972 1566/1973 1559/1966 1560/1967
f 1565/1972 1510/1914 1512/1916 1566/1973
f 1566/1973 1519/1923 1521/1925 1559/1966
f 1566/1973 1512/1916 1514/1918 1519/1923
f 1268/1659 1372/1762 1567/1974 1487/1891
f 1372/1762 1374/1764 1568/1975 1567/1974
f 1374/1764 1376/1766 1569/1976 1568/1975
f 1376/1766 1378/1768 1570/1977 1569/1976
f 1378/1768 1382/1772 1380/1771 1570/1977
f 1380/1771 1384/1774 1571/1978 1570/1977
f 1384/1774 1386/1776 1474/1878 1571/1978
f 1571/1978 1572/1979 1569/1976 1570/1977
f 1571/1978 1474/1878 1475/1877 1572/1979
f 1572/1979 1573/1980 1568/1975 1569/1976
f 1572/1979 1475/1877 1476/1880 1573/1980
f 1573/1980 1574/1981 1567/1974 1568/1975
f 1573/1980 1476/1880 1478/1882 1574/1981
f 1574/1981 1485/1889 1487/1891 1567/1974
f 1574/1981 1478/1882 1480/1884 1485/1889
f 1474/1878 1386/1776 1266/1656 1472/1875
f 1439/1844 1427/1824 1396/1818 1424/1823
f 1431/1832 1429/1831 1399/1788 1400/1787
f 1208/1830 1192/1789 1399/1788 1429/1831
f 1428/1827 1420/1813 1422/1817 1423/1819
f 1423/1819 1422/1817 1388/1982 1204/1820
f 1388/1982 1422/1817 1413/1810 1390/1983
f 1390/1983 1413/1810 1414/1809 1392/1984
f 1392/1984 1414/1809 1402/1792 1194/1791
f 1415/1808 1404/1793 1402/1792 1414/1809

 