# File exported by ZBrush version 2024
# www.zbrush.com
#Vertex Count 1858
#UV Vertex Count 2491
#Face Count 1946
#Auto scale x=0.215631 y=0.215631 z=0.215631
#Auto offset x=0.000000 y=-3.687343 z=-0.143315
mtllib clock.mtl
usemtl defaultMat
v 0 12.50377164 2.25592303
v -0.900732 12.59248567 2.25592303
v -1.76684995 12.85522007 2.25592303
v -2.5650681 13.28187558 2.25592303
v -3.26471317 13.85605832 2.25592303
v -3.83889619 14.55570339 2.25592303
v -4.26555308 15.35392182 2.25592303
v -4.5282861 16.22004101 2.25592206
v -4.61700207 17.12077343 2.25592206
v -4.5282861 18.02150586 2.25592206
v -4.26555308 18.88762062 2.25592206
v -3.83889619 19.68584016 2.25592206
v -3.26471317 20.38548633 2.25592095
v -2.5650681 20.95966686 2.25592095
v -1.76684995 21.38632569 2.25592095
v -0.900732 21.64905898 2.25592095
v 0 21.73777412 2.25592095
v 0.900732 21.64905898 2.25592095
v 1.76684995 21.38632569 2.25592095
v 2.5650681 20.95966686 2.25592095
v 3.26471317 20.38548633 2.25592095
v 3.8388948 19.68584237 2.25592206
v 4.26555308 18.88762062 2.25592206
v 4.5282861 18.02150586 2.25592206
v 4.61700207 17.12077343 2.25592206
v 4.5282861 16.22004101 2.25592206
v 4.26555308 15.35392182 2.25592303
v 3.83889702 14.5557056 2.25592303
v 3.26471317 13.85606164 2.25592303
v 2.5650681 13.28187558 2.25592303
v 1.76684995 12.85522007 2.25592303
v 0.900732 12.59248567 2.25592303
v -0.81293796 13.03385664 2.38777797
v 0 12.9537879 2.38777797
v -1.59463488 13.27098024 2.38777797
v -2.31505203 13.65605122 2.38777797
v -2.94650195 14.17427009 2.38777797
v -3.46471972 14.80572029 2.38777797
v -3.84979015 15.52613662 2.38777686
v -4.08691596 16.30783512 2.38777686
v -4.16698414 17.12077343 2.38777686
v -4.08691596 17.93371175 2.38777686
v -3.84979126 18.71540914 2.38777686
v -3.46472111 19.43582436 2.38777686
v -2.94650195 20.06727235 2.38777686
v -2.31505203 20.58549233 2.38777686
v -1.59463488 20.97056442 2.38777603
v -0.81293796 21.20769022 2.38777603
v 0 21.28775675 2.38777603
v 0.81293796 21.20769022 2.38777603
v 1.59463488 20.97056442 2.38777603
v 2.31505203 20.58549233 2.38777686
v 2.94650195 20.06727456 2.38777686
v 3.46471972 19.43582658 2.38777686
v 3.84979015 18.71540914 2.38777686
v 4.08691596 17.93371175 2.38777686
v 4.16698414 17.12077343 2.38777686
v 4.08691596 16.30783512 2.38777686
v 3.84979015 15.52613662 2.38777686
v 3.46472111 14.80572029 2.38777797
v 2.94650195 14.17427009 2.38777797
v 2.31505203 13.65605122 2.38777797
v 1.59463488 13.27098024 2.38777797
v 0.81293796 13.03385664 2.38777797
v -0.86582293 12.76798875 2.38777797
v 0 12.68271448 2.38777797
v -1.69837216 13.02054097 2.38777797
v -2.46565387 13.43066107 2.38777797
v -3.13818165 13.98259095 2.38777797
v -3.6901118 14.65511817 2.38777797
v -4.10023301 15.42240085 2.38777686
v -4.35278412 16.25495167 2.38777686
v -4.43805895 17.12077343 2.38777686
v -4.35278412 17.98659519 2.38777686
v -4.10023301 18.8191438 2.38777686
v -3.6901118 19.58642648 2.38777686
v -3.13818165 20.2589526 2.38777686
v -2.46565387 20.81088469 2.38777603
v -1.69837216 21.22100479 2.38777603
v -0.86582293 21.4735548 2.38777603
v 0 21.55883128 2.38777603
v 0.86582203 21.4735548 2.38777603
v 1.69837216 21.22100479 2.38777603
v 2.46565387 20.81088469 2.38777603
v 3.13818165 20.25895481 2.38777686
v 3.6901107 19.58642869 2.38777686
v 4.10023301 18.81914602 2.38777686
v 4.35278412 17.98659519 2.38777686
v 4.43805895 17.12077343 2.38777686
v 4.35278412 16.25495167 2.38777686
v 4.10023218 15.42240085 2.38777686
v 3.6901118 14.65511817 2.38777797
v 3.13818165 13.98259095 2.38777797
v 2.46565387 13.43066107 2.38777797
v 1.69837216 13.02054097 2.38777797
v 0.86582203 12.76798875 2.38777797
v 0 12.50377164 1.33940899
v -0.900732 12.59248567 1.33940899
v -1.76684995 12.85522007 1.33940899
v -2.5650681 13.28187558 1.33940899
v -3.26471317 13.85605832 1.33940899
v -3.83889619 14.55570339 1.33940899
v -4.26555308 15.35392182 1.33940899
v -4.5282861 16.22004101 1.33940899
v -4.61700207 17.12077343 1.33940899
v -4.5282861 18.02150586 1.33940802
v -4.26555308 18.88762062 1.33940802
v -3.83889619 19.68584016 1.33940802
v -3.26471317 20.38548633 1.33940802
v -2.5650681 20.95966686 1.33940802
v -1.76684995 21.38632569 1.33940802
v -0.900732 21.64905898 1.33940802
v 0 21.73777412 1.33940802
v 0.900732 21.64905898 1.33940802
v 1.76684995 21.38632569 1.33940802
v 2.5650681 20.95966686 1.33940802
v 3.26471317 20.38548633 1.33940802
v 3.8388948 19.68584237 1.33940802
v 4.26555308 18.88762062 1.33940802
v 4.5282861 18.02150586 1.33940802
v 4.61700207 17.12077343 1.33940899
v 4.5282861 16.22004101 1.33940899
v 4.26555308 15.35392182 1.33940899
v 3.83889702 14.5557056 1.33940899
v 3.26471317 13.85606164 1.33940899
v 2.5650681 13.28187558 1.33940899
v 1.76684995 12.85522007 1.33940899
v 0.900732 12.59248567 1.33940899
v -2.1273789 15.24190342 1.33940899
v -3.326541 16.55312525 1.33940899
v 0.20680199 14.15147213 1.33940899
v 0.91913898 13.39870699 1.33940899
v -3.15375595 18.29394921 1.33940802
v -2.61875897 19.54502328 1.33940802
v -1.5812729 20.34434628 1.33940802
v -0.23556299 20.6643581 1.33940802
v 1.15150795 20.47111442 1.33940802
v 2.35344613 19.77812 1.33940802
v 3.19212517 18.67897265 1.33940802
v 3.54422871 17.33979045 1.33940802
v 3.35751738 15.96654012 1.33940899
v 2.66018511 14.76922409 1.33940899
v 1.53200502 14.46441534 1.33940899
v -1.65343411 17.10930092 1.33940802
v -0.092871 16.20619793 1.33940899
v 1.17324598 15.57314229 1.33940899
v 2.24420506 16.24986445 1.33940899
v -1.56813206 18.69741977 1.33940802
v -0.388707 19.40982104 1.33940802
v 2.07613904 17.80680651 1.33940802
v 1.80406995 18.85736707 1.33940802
v 0.63244897 18.74175744 1.33940802
v -0.41206699 18.11095295 1.33940802
v -2.64060495 14.92100818 1.40375196
v -2.61304593 14.92799716 1.40375196
v -2.59287202 14.9471088 1.40375196
v -2.58548803 14.97320832 1.40375196
v -2.59287202 14.99930673 1.40375196
v -2.61304593 15.01841284 1.40375196
v -2.64060495 15.02540846 1.40375196
v -2.66816396 15.01841284 1.40375196
v -2.68833815 14.99930673 1.40375196
v -2.69572297 14.97320832 1.40375196
v -2.68833815 14.9471088 1.40375196
v -2.66816396 14.92799716 1.40375196
v -2.66816396 14.92799716 1.21773402
v -2.64060495 14.92100818 1.21773402
v -2.61304593 14.92799716 1.21773402
v -2.59287202 14.9471088 1.21773402
v -2.58548803 14.97320832 1.21773402
v -2.59287202 14.99930673 1.21773402
v -2.61304593 15.01841284 1.21773402
v -2.64060495 15.02540846 1.21773402
v -2.66816396 15.01841284 1.21773402
v -2.68833815 14.99930673 1.21773402
v -2.69572297 14.97320832 1.21773402
v -2.68833815 14.9471088 1.21773402
v -2.66816396 14.92799716 -0.35050902
v -2.64060495 14.92100818 -0.35050902
v -2.61304593 14.92799716 -0.35050902
v -2.59287202 14.9471088 -0.35050902
v -2.58548803 14.97320832 -0.35050902
v -2.59287202 14.99930673 -0.35050902
v -2.61304593 15.01841284 -0.35050902
v -2.64060495 15.02540846 -0.35050902
v -2.66816396 15.01841284 -0.35050902
v -2.68833815 14.99930673 -0.35050902
v -2.69572297 14.97320832 -0.35050902
v -2.68833815 14.9471088 -0.35050902
v -1.66529803 13.94122866 1.158667
v -1.67914595 13.95423032 1.158667
v -1.61065697 14.06771927 1.158667
v -1.61001208 13.92744418 1.158667
v -1.55095011 13.97075246 1.51782996
v -1.66529803 13.94122866 1.51782996
v -1.67914595 13.95423032 1.51782996
v -1.679544 14.04035817 1.51782996
v -1.66581507 14.05347593 1.51782996
v -1.63015794 14.06763524 1.51782996
v -1.61065697 14.06771927 1.51782996
v -1.574872 14.05385186 1.51782996
v -1.561022 14.0408491 1.51782996
v -1.64836804 13.9320637 1.51782996
v -1.61001208 13.92744418 1.51782996
v -1.679544 14.04035817 1.158667
v -1.561022 14.0408491 1.158667
v -1.574872 14.05385186 1.158667
v -1.55095011 13.97075246 1.158667
v -1.64836804 13.9320637 1.158667
v -1.63015794 14.06763524 1.158667
v -1.66581507 14.05347593 1.158667
v -1.62008494 13.99754081 1.158667
v -1.66370199 13.97423977 1.158667
v -1.63894905 13.85710982 -0.04356396
v -1.73827192 13.91087339 -0.04356396
v -1.76836307 14.01540414 -0.04356396
v -1.74985693 14.0677834 -0.04356396
v -1.71159399 14.10946965 -0.04356396
v -1.60122098 14.13796959 -0.04356396
v -1.50189908 14.08420603 -0.04356396
v -1.47180696 13.97967307 -0.04356396
v -1.4903131 13.92729381 -0.04356396
v -1.52857396 13.88560755 -0.04356396
v -1.47587502 14.0347734 -0.04356396
v -1.54591306 14.1204424 -0.04356396
v -1.65940104 14.13411741 -0.04356396
v -1.76429487 13.96030602 -0.04356396
v -1.694256 13.87463481 -0.04356396
v -1.58076899 13.860962 -0.04356396
v -1.63894905 13.85710982 -0.06574696
v -1.73827192 13.91087339 -0.06574696
v -1.76836307 14.01540414 -0.06574696
v -1.74985693 14.0677834 -0.06574696
v -1.71159399 14.10946965 -0.06574696
v -1.60122098 14.13796959 -0.06574696
v -1.50189908 14.08420603 -0.06574696
v -1.47180696 13.97967307 -0.06574696
v -1.4903131 13.92729381 -0.06574696
v -1.52857396 13.88560755 -0.06574696
v -1.47587502 14.0347734 -0.06574696
v -1.54591306 14.1204424 -0.06574696
v -1.65940104 14.13411741 -0.06574696
v -1.76429487 13.96030602 -0.06574696
v -1.694256 13.87463481 -0.06574696
v -1.58076899 13.860962 -0.06574696
v -1.62951693 13.92732477 -0.06574696
v -1.67917898 13.9542071 -0.06574696
v -1.69422408 14.00647248 -0.06574696
v -1.68497094 14.03266155 -0.06574696
v -1.66584009 14.05350468 -0.06574696
v -1.6106531 14.06775686 -0.06574696
v -1.56099201 14.04087231 -0.06574696
v -1.54594595 13.98860694 -0.06574696
v -1.55520006 13.96241786 -0.06574696
v -1.57432897 13.94157253 -0.06574696
v -1.54797998 14.01615711 -0.06574696
v -1.58299886 14.05898884 -0.06574696
v -1.63974403 14.06582856 -0.06574696
v -1.69218894 13.97892231 -0.06574696
v -1.65717089 13.93608837 -0.06574696
v -1.60042711 13.92925196 -0.06574696
v -1.54916403 13.91079489 -0.06574696
v -1.58961496 13.89169099 -0.06574696
v -1.67756801 13.90228891 -0.06574696
v -1.7116801 13.93037201 -0.06574696
v -1.519511 13.94309947 -0.06574696
v -1.6347049 13.88870677 -0.06574696
v -1.73500008 14.0113839 -0.06574696
v -1.72065917 14.05197995 -0.06574696
v -1.6910049 14.08428453 -0.06574696
v -1.50516995 13.98369331 -0.06574696
v -1.7318471 13.96868153 -0.06574696
v -1.50832293 14.02639568 -0.06574696
v -1.65055507 14.10338621 -0.06574696
v -1.56260202 14.0927883 -0.06574696
v -1.52848993 14.06470519 -0.06574696
v -1.60546692 14.10637154 -0.06574696
v -1.53886906 13.89820012 -0.07723896
v -1.6859109 13.88846352 -0.07723896
v -1.50491205 13.93519719 -0.07723896
v -1.75168102 14.01339402 -0.07723896
v -1.48848693 13.98168429 -0.07723896
v -1.49209904 14.03058509 -0.07723896
v -1.55425802 14.10661479 -0.07723896
v -1.60334305 14.12216836 -0.07723896
v -1.58519101 13.8763276 -0.07723896
v -1.72497601 13.92062325 -0.07723896
v -1.63682601 13.87290885 -0.07723896
v -1.73525701 14.05988112 -0.07723896
v -1.70129986 14.0968793 -0.07723896
v -1.74807195 13.96449211 -0.07723896
v -1.65497695 14.11875181 -0.07723896
v -1.51519402 14.07445395 -0.07723896
v -1.63894905 13.85710982 -0.49496205
v -1.73827192 13.91087339 -0.49496205
v -1.76836307 14.01540414 -0.49496205
v -1.74985693 14.0677834 -0.49496205
v -1.71159399 14.10946965 -0.49496205
v -1.60122098 14.13796959 -0.49496205
v -1.50189908 14.08420603 -0.49496205
v -1.47180696 13.97967307 -0.49496205
v -1.4903131 13.92729381 -0.49496205
v -1.52857396 13.88560755 -0.49496205
v -1.47587502 14.0347734 -0.49496205
v -1.54591306 14.1204424 -0.49496205
v -1.65940104 14.13411741 -0.49496205
v -1.76429487 13.96030602 -0.49496205
v -1.694256 13.87463481 -0.49496205
v -1.58076899 13.860962 -0.49496205
v -1.63894905 13.85710982 -0.51714401
v -1.73827192 13.91087339 -0.51714401
v -1.76836307 14.01540414 -0.51714401
v -1.74985693 14.0677834 -0.51714401
v -1.71159399 14.10946965 -0.51714401
v -1.60122098 14.13796959 -0.51714401
v -1.50189908 14.08420603 -0.51714401
v -1.47180696 13.97967307 -0.51714401
v -1.4903131 13.92729381 -0.51714401
v -1.52857396 13.88560755 -0.51714401
v -1.47587502 14.0347734 -0.51714401
v -1.54591306 14.1204424 -0.51714401
v -1.65940104 14.13411741 -0.51714401
v -1.76429487 13.96030602 -0.51714401
v -1.694256 13.87463481 -0.51714401
v -1.58076899 13.860962 -0.51714401
v -1.62951693 13.92732477 -0.51714401
v -1.67917898 13.9542071 -0.51714401
v -1.69422408 14.00647248 -0.51714401
v -1.68497094 14.03266155 -0.51714401
v -1.66584009 14.05350468 -0.51714401
v -1.6106531 14.06775686 -0.51714401
v -1.56099201 14.04087231 -0.51714401
v -1.54594595 13.98860694 -0.51714401
v -1.55520006 13.96241786 -0.51714401
v -1.57432897 13.94157253 -0.51714401
v -1.54797998 14.01615711 -0.51714401
v -1.58299886 14.05898884 -0.51714401
v -1.63974403 14.06582856 -0.51714401
v -1.69218894 13.97892231 -0.51714401
v -1.65717089 13.93608837 -0.51714401
v -1.60042711 13.92925196 -0.51714401
v -1.54916403 13.91079489 -0.51714401
v -1.58961496 13.89169099 -0.51714401
v -1.67756801 13.90228891 -0.51714401
v -1.7116801 13.93037201 -0.51714401
v -1.519511 13.94309947 -0.51714401
v -1.6347049 13.88870677 -0.51714401
v -1.73500008 14.0113839 -0.51714401
v -1.72065917 14.05197995 -0.51714401
v -1.6910049 14.08428453 -0.51714401
v -1.50516995 13.98369331 -0.51714401
v -1.7318471 13.96868153 -0.51714401
v -1.50832293 14.02639568 -0.51714401
v -1.65055507 14.10338621 -0.51714401
v -1.56260202 14.0927883 -0.51714401
v -1.52848993 14.06470519 -0.51714401
v -1.60546692 14.10637154 -0.51714401
v -1.53886906 13.89820012 -0.52863601
v -1.6859109 13.88846352 -0.52863601
v -1.50491205 13.93519719 -0.52863601
v -1.75168102 14.01339402 -0.52863601
v -1.48848693 13.98168429 -0.52863601
v -1.49209904 14.03058509 -0.52863601
v -1.55425802 14.10661479 -0.52863601
v -1.60334305 14.12216836 -0.52863601
v -1.58519101 13.8763276 -0.52863601
v -1.72497601 13.92062325 -0.52863601
v -1.63682601 13.87290885 -0.52863601
v -1.73525701 14.05988112 -0.52863601
v -1.70129986 14.0968793 -0.52863601
v -1.74807195 13.96449211 -0.52863601
v -1.65497695 14.11875181 -0.52863601
v -1.51519402 14.07445395 -0.52863601
v -1.66529582 14.00298849 -0.06574696
v -1.63065108 14.03311599 -0.06574696
v -1.58709305 14.01936025 -0.06574696
v -1.5850329 13.97756454 -0.06574696
v -1.62614903 13.95976092 -0.06574696
v -1.6758889 14.0657965 -0.04356396
v -1.58190203 14.06200181 -0.04356396
v -1.54083993 13.98420966 -0.04356396
v -1.600341 13.92234258 -0.04356396
v -1.685071 13.95223015 -0.04356396
v -1.63894905 14.13796296 -0.46854092
v -1.73827192 14.0842016 -0.46854092
v -1.76836307 13.97966864 -0.46854092
v -1.74985693 13.92728938 -0.46854092
v -1.71159399 13.88560534 -0.46854092
v -1.60122098 13.8571054 -0.46854092
v -1.50189908 13.91086786 -0.46854092
v -1.47180696 14.01539861 -0.46854092
v -1.4903131 14.06778008 -0.46854092
v -1.52857396 14.10946523 -0.46854092
v -1.47587502 13.96029717 -0.46854092
v -1.54591306 13.87463371 -0.46854092
v -1.65940104 13.86095869 -0.46854092
v -1.76429487 14.03477008 -0.46854092
v -1.694256 14.12043797 -0.46854092
v -1.58076899 14.13411299 -0.46854092
v -1.63894905 14.13796296 -0.44635702
v -1.73827192 14.0842016 -0.44635702
v -1.76836307 13.97966864 -0.44635702
v -1.74985693 13.92728938 -0.44635702
v -1.71159399 13.88560534 -0.44635702
v -1.60122098 13.8571054 -0.44635702
v -1.50189908 13.91086786 -0.44635702
v -1.47180696 14.01539861 -0.44635702
v -1.4903131 14.06778008 -0.44635702
v -1.52857396 14.10946523 -0.44635702
v -1.47587502 13.96029717 -0.44635702
v -1.54591306 13.87463371 -0.44635702
v -1.65940104 13.86095869 -0.44635702
v -1.76429487 14.03477008 -0.44635702
v -1.694256 14.12043797 -0.44635702
v -1.58076899 14.13411299 -0.44635702
v -1.62951693 14.06774802 -0.44635702
v -1.67917898 14.04086789 -0.44635702
v -1.69422408 13.98860141 -0.44635702
v -1.68497094 13.96241344 -0.44635702
v -1.66584009 13.94157142 -0.44635702
v -1.6106531 13.92731924 -0.44635702
v -1.56099201 13.95419936 -0.44635702
v -1.54594595 14.00646805 -0.44635702
v -1.55520006 14.03265824 -0.44635702
v -1.57432897 14.05350026 -0.44635702
v -1.54797998 13.97891678 -0.44635702
v -1.58299886 13.93608173 -0.44635702
v -1.63974403 13.92924643 -0.44635702
v -1.69218894 14.01615268 -0.44635702
v -1.65717089 14.05898552 -0.44635702
v -1.60042711 14.06582414 -0.44635702
v -1.54916403 14.08428011 -0.44635702
v -1.58961496 14.10338179 -0.44635702
v -1.67756801 14.09278608 -0.44635702
v -1.7116801 14.06470188 -0.44635702
v -1.519511 14.05197553 -0.44635702
v -1.6347049 14.10636933 -0.44635702
v -1.73500008 13.98368889 -0.44635702
v -1.72065917 13.94309615 -0.44635702
v -1.6910049 13.91078936 -0.44635702
v -1.50516995 14.01138169 -0.44635702
v -1.7318471 14.02639126 -0.44635702
v -1.50832293 13.9686771 -0.44635702
v -1.65055507 13.89168989 -0.44635702
v -1.56260202 13.90228338 -0.44635702
v -1.52848993 13.93036759 -0.44635702
v -1.60546692 13.88870013 -0.44635702
v -1.53886906 14.09687267 -0.43486599
v -1.6859109 14.10661148 -0.43486599
v -1.50491205 14.05987781 -0.43486599
v -1.75168199 13.98167987 -0.43486599
v -1.48848693 14.0133896 -0.43486599
v -1.49209904 13.9644888 -0.43486599
v -1.55425802 13.88845799 -0.43486599
v -1.60334305 13.87290443 -0.43486599
v -1.58519101 14.1187485 -0.43486599
v -1.72497601 14.07445174 -0.43486599
v -1.63682601 14.12216725 -0.43486599
v -1.73525701 13.93519277 -0.43486599
v -1.70129986 13.89819569 -0.43486599
v -1.74807195 14.03058067 -0.43486599
v -1.65497695 13.87632429 -0.43486599
v -1.51519402 13.92061883 -0.43486599
v -1.66529582 14.00298849 -0.51714401
v -1.63065108 14.03311599 -0.51714401
v -1.58709305 14.01936025 -0.51714401
v -1.5850329 13.97756454 -0.51714401
v -1.62614903 13.95976092 -0.51714401
v -1.6758889 14.0657965 -0.49496205
v -1.58190203 14.06200181 -0.49496205
v -1.54083993 13.98420966 -0.49496205
v -1.600341 13.92234258 -0.49496205
v -1.685071 13.95223015 -0.49496205
v -3.03534286 12.46267914 -0.50425707
v -2.18378089 12.46267914 -0.50425596
v -1.33221808 12.46267914 -0.50425596
v -2.93705394 16.61573645 -0.5040861
v -2.18378089 16.61573645 -0.50425707
v -1.430507 16.61573645 -0.5040861
v -2.18378089 12.46267914 -0.45942198
v -3.03534286 12.46267914 -0.45942198
v -1.33221808 12.46267914 -0.45942198
v -2.18378089 16.61573645 -0.45942295
v -2.93705394 16.61573645 -0.45959495
v -1.430507 16.61573645 -0.45959405
v -1.369343 12.53272823 -0.50425596
v -1.39529795 12.63278762 -0.50425596
v -2.18378089 12.53264641 -0.50425707
v -2.18378089 12.63278762 -0.50425707
v -2.97226396 12.63278762 -0.50425707
v -2.99821891 12.53272712 -0.50425707
v -1.39529795 12.63278762 -0.45942198
v -1.369343 12.53272712 -0.45942198
v -2.18378089 12.53264641 -0.45942198
v -2.18378089 12.63278762 -0.45942198
v -2.99821891 12.53272823 -0.45942295
v -2.97226396 12.63278762 -0.45942295
v -2.97226396 15.48840537 -0.45942295
v -2.97226396 15.75160858 -0.45942295
v -1.39529795 15.48840537 -0.50425707
v -1.39529795 15.75160858 -0.50425707
v -1.39529795 15.75160858 -0.45942198
v -1.39529795 15.48840537 -0.45942198
v -2.18378089 15.48840537 -0.50425707
v -2.18378089 15.75160858 -0.50425707
v -2.97226396 15.75160858 -0.50425707
v -2.97226396 15.48840537 -0.50425707
v -2.18378089 15.75160858 -0.45942295
v -2.18378089 15.48840537 -0.45942295
v -2.72625819 12.63278762 -0.50425707
v -2.42978404 12.63278762 -0.50425707
v -2.65213993 12.63278762 -0.50425707
v -2.57802084 12.63278762 -0.50425707
v -2.50390285 12.63278762 -0.50425707
v -2.73943814 12.53270059 -0.45942295
v -2.44255986 12.53267294 -0.45942198
v -2.66521899 12.53269506 -0.45942295
v -2.590999 12.53268511 -0.45942295
v -2.51677791 12.53268068 -0.45942295
v -2.72593395 16.61573645 -0.45942295
v -2.43011104 16.61573645 -0.45942295
v -2.65197712 16.61573645 -0.45942295
v -2.57802084 16.61573645 -0.45942295
v -2.50406511 16.61573645 -0.45942295
v -2.46103795 12.46267914 -0.45942198
v -2.75808401 12.46267914 -0.45942198
v -2.53529995 12.46267914 -0.45942198
v -2.60956112 12.46267914 -0.45942198
v -2.68382201 12.46267914 -0.45942198
v -2.72593395 16.61573645 -0.50425707
v -2.43011104 16.61573645 -0.50425707
v -2.65197712 16.61573645 -0.50425707
v -2.57802084 16.61573645 -0.50425707
v -2.50406511 16.61573645 -0.50425707
v -2.75808401 12.46267914 -0.50425707
v -2.46103795 12.46267914 -0.50425596
v -2.68382201 12.46267914 -0.50425707
v -2.60956112 12.46267914 -0.50425707
v -2.53529995 12.46267914 -0.50425707
v -2.42978404 12.63278762 -0.45942198
v -2.72625819 12.63278762 -0.45942295
v -2.50390285 12.63278762 -0.45942198
v -2.57802084 12.63278762 -0.45942295
v -2.65213993 12.63278762 -0.45942295
v -2.44255986 12.53267294 -0.50425707
v -2.73943814 12.53270059 -0.50425707
v -2.51677791 12.53268068 -0.50425707
v -2.590999 12.53268511 -0.50425707
v -2.66521899 12.53269506 -0.50425707
v -1.60947708 12.46267914 -0.50425596
v -1.906523 12.46267914 -0.50425596
v -1.68373894 12.46267914 -0.50425596
v -1.75799997 12.46267914 -0.50425596
v -1.83226003 12.46267914 -0.50425596
v -1.9374499 16.61573645 -0.50425707
v -1.64162893 16.61573645 -0.50425707
v -1.86349501 16.61573645 -0.50425707
v -1.78954025 16.61573645 -0.50425707
v -1.71558411 16.61573645 -0.50425707
v -1.906523 12.46267914 -0.45942198
v -1.60947708 12.46267914 -0.45942198
v -1.83226003 12.46267914 -0.45942198
v -1.75799997 12.46267914 -0.45942198
v -1.68373894 12.46267914 -0.45942198
v -1.64162893 16.61573645 -0.45942295
v -1.9374499 16.61573645 -0.45942295
v -1.71558411 16.61573645 -0.45942295
v -1.78954025 16.61573645 -0.45942295
v -1.86349501 16.61573645 -0.45942295
v -1.641304 12.63278762 -0.45942198
v -1.93777497 12.63278762 -0.45942198
v -1.71542102 12.63278762 -0.45942198
v -1.78954025 12.63278762 -0.45942198
v -1.86365685 12.63278762 -0.45942198
v -1.641304 12.63278762 -0.50425596
v -1.93777497 12.63278762 -0.50425707
v -1.71542102 12.63278762 -0.50425596
v -1.78954025 12.63278762 -0.50425596
v -1.86365685 12.63278762 -0.50425707
v -1.92500122 12.53267294 -0.50425707
v -1.62812405 12.53270059 -0.50425596
v -1.85078096 12.53268068 -0.50425596
v -1.77656194 12.53268511 -0.50425596
v -1.7023421 12.53269506 -0.50425596
v -1.92500122 12.53267294 -0.45942198
v -1.62812405 12.53270059 -0.45942198
v -1.85078096 12.53268068 -0.45942198
v -1.77656194 12.53268511 -0.45942198
v -1.7023421 12.53269506 -0.45942198
v -1.39529795 15.68580861 -0.45942198
v -1.39529795 15.62000864 -0.45942198
v -1.39529795 15.55420756 -0.45942198
v -1.39529795 15.55420756 -0.50425707
v -1.39529795 15.62000864 -0.50425707
v -1.39529795 15.68580861 -0.50425707
v -2.18378089 15.68580861 -0.45942295
v -2.18378089 15.62000864 -0.45942295
v -2.18378089 15.55420756 -0.45942295
v -2.18378089 15.55420756 -0.50425707
v -2.18378089 15.62000864 -0.50425707
v -2.18378089 15.68580861 -0.50425707
v -2.97226396 15.68580861 -0.50425707
v -2.97226396 15.62000864 -0.50425707
v -2.97226396 15.55420756 -0.50425707
v -2.97226396 15.55420756 -0.45942295
v -2.97226396 15.62000864 -0.45942295
v -2.97226396 15.68580861 -0.45942295
v -2.4300599 15.75160858 -0.50425707
v -2.50404106 15.75160858 -0.50425707
v -2.57802084 15.75160858 -0.50425707
v -2.65200199 15.75160858 -0.50425707
v -2.72598398 15.75160858 -0.50425707
v -2.65200199 15.75160858 -0.45942295
v -2.72598398 15.75160858 -0.45942295
v -2.72606221 15.55420756 -0.45942295
v -2.72608985 15.48840537 -0.45942295
v -2.65205507 15.48840537 -0.45942295
v -2.57802084 15.75160858 -0.45942295
v -2.57802084 15.48840537 -0.45942295
v -2.50404106 15.75160858 -0.45942295
v -2.50398799 15.48840537 -0.45942295
v -2.4300599 15.75160858 -0.45942295
v -2.42995514 15.48840537 -0.45942295
v -2.43003309 15.68580861 -0.45942295
v -2.42998002 15.55420756 -0.50425707
v -2.42995514 15.48840537 -0.50425707
v -2.50398799 15.48840537 -0.50425707
v -2.57802084 15.48840537 -0.50425707
v -2.65205507 15.48840537 -0.50425707
v -2.72608985 15.48840537 -0.50425707
v -2.72601079 15.68580861 -0.50425707
v -1.71555812 15.75160858 -0.50425707
v -1.64157793 15.75160858 -0.50425707
v -1.64149888 15.55420756 -0.50425707
v -1.64147193 15.48840537 -0.50425707
v -1.71550588 15.48840537 -0.50425707
v -1.78954025 15.75160858 -0.50425707
v -1.78954025 15.48840537 -0.50425707
v -1.86351878 15.75160858 -0.50425707
v -1.86357199 15.48840537 -0.50425707
v -1.9375009 15.75160858 -0.50425707
v -1.93760705 15.48840537 -0.50425707
v -1.93752689 15.68580861 -0.50425707
v -1.86351878 15.75160858 -0.45942295
v -1.9375009 15.75160858 -0.45942295
v -1.9375801 15.55420756 -0.45942295
v -1.93760705 15.48840537 -0.45942295
v -1.86357199 15.48840537 -0.45942295
v -1.78954025 15.75160858 -0.45942198
v -1.78954025 15.48840537 -0.45942198
v -1.71555812 15.75160858 -0.45942198
v -1.71550588 15.48840537 -0.45942198
v -1.64157793 15.75160858 -0.45942198
v -1.64147193 15.48840537 -0.45942198
v -1.64155098 15.68580861 -0.45942198
v -2.72601079 15.68580861 -0.45942295
v -2.72603705 15.62000864 -0.45942295
v -2.42998002 15.55420756 -0.45942295
v -2.43000711 15.62000864 -0.45942295
v -2.43003309 15.68580861 -0.50425707
v -2.43000711 15.62000864 -0.50425707
v -2.72606221 15.55420756 -0.50425707
v -2.72603705 15.62000864 -0.50425707
v -1.64155098 15.68580861 -0.50425707
v -1.64152486 15.62000864 -0.50425707
v -1.9375801 15.55420756 -0.50425707
v -1.93755384 15.62000864 -0.50425707
v -1.93752689 15.68580861 -0.45942295
v -1.93755384 15.62000864 -0.45942295
v -1.64149888 15.55420756 -0.45942198
v -1.64152486 15.62000864 -0.45942198
v -2.50856992 15.68577544 -0.465845
v -2.50283283 15.69058624 -0.45942295
v -2.65320912 15.69058624 -0.45942295
v -2.64747176 15.68577544 -0.465845
v -2.54043609 15.70593857 -0.465845
v -2.53594483 15.71157311 -0.45942295
v -2.57802084 15.71302154 -0.465845
v -2.57802084 15.71952403 -0.45942295
v -2.61560889 15.70593857 -0.465845
v -2.62009822 15.71157311 -0.45942295
v -2.65320995 15.54942219 -0.45942295
v -2.64747176 15.55422746 -0.465845
v -2.5028309 15.54942219 -0.45942295
v -2.50856992 15.55422746 -0.465845
v -2.62010182 15.52843532 -0.45942295
v -2.61560889 15.53406322 -0.465845
v -2.57802084 15.5204855 -0.45942295
v -2.57802084 15.52698025 -0.465845
v -2.53594207 15.52843532 -0.45942295
v -2.54043609 15.53406322 -0.465845
v -2.50283283 15.69058624 -0.50425707
v -2.50856992 15.68577544 -0.49783598
v -2.64747176 15.68577544 -0.49783598
v -2.65320912 15.69058624 -0.50425707
v -2.54043609 15.70593857 -0.49783598
v -2.53594483 15.71157311 -0.50425707
v -2.57802084 15.71302154 -0.49783598
v -2.57802084 15.71952403 -0.50425707
v -2.61560889 15.70593857 -0.49783598
v -2.62009822 15.71157311 -0.50425707
v -2.5028309 15.54942219 -0.50425707
v -2.50856992 15.55422746 -0.49783598
v -2.65320995 15.54942219 -0.50425707
v -2.64747176 15.55422746 -0.49783598
v -2.53594207 15.52843532 -0.50425707
v -2.54043609 15.53406322 -0.49783598
v -2.57802084 15.5204855 -0.50425707
v -2.57802084 15.52698025 -0.49783598
v -2.62010182 15.52843532 -0.50425707
v -2.61560889 15.53406322 -0.49783598
v -1.72008808 15.68577544 -0.46584396
v -1.71435293 15.69058624 -0.45942295
v -1.86472604 15.69058624 -0.45942295
v -1.85898992 15.68577544 -0.46584396
v -1.75195302 15.70593857 -0.46584396
v -1.747463 15.71157311 -0.45942295
v -1.78954025 15.71302154 -0.46584396
v -1.78954025 15.71952403 -0.45942295
v -1.82712499 15.70593857 -0.46584396
v -1.83161487 15.71157311 -0.45942295
v -1.86472908 15.54942219 -0.45942295
v -1.85898992 15.55422746 -0.46584396
v -1.71435003 15.54942219 -0.45942295
v -1.72008808 15.55422746 -0.46584396
v -1.83161901 15.52843532 -0.45942295
v -1.82712499 15.53406322 -0.46584396
v -1.78954025 15.5204855 -0.45942295
v -1.78954025 15.52698025 -0.46584396
v -1.74745996 15.52843532 -0.45942295
v -1.75195302 15.53406322 -0.46584396
v -1.85898992 15.68577544 -0.49783598
v -1.86472604 15.69058624 -0.50425707
v -1.71435293 15.69058624 -0.50425707
v -1.72008808 15.68577544 -0.49783598
v -1.82712499 15.70593857 -0.49783598
v -1.83161487 15.71157311 -0.50425707
v -1.78954025 15.71302154 -0.49783598
v -1.78954025 15.71952403 -0.50425707
v -1.75195302 15.70593857 -0.49783598
v -1.747463 15.71157311 -0.50425707
v -1.71435003 15.54942219 -0.50425707
v -1.72008808 15.55422746 -0.49783598
v -1.86472908 15.54942219 -0.50425707
v -1.85898992 15.55422746 -0.49783598
v -1.74745899 15.52843532 -0.50425707
v -1.75195302 15.53406322 -0.49783598
v -1.78954025 15.5204855 -0.50425707
v -1.78954025 15.52698025 -0.49783598
v -1.83161901 15.52843532 -0.50425707
v -1.82712499 15.53406322 -0.49783598
v -2.67540587 15.65910318 -0.45942295
v -2.66876268 15.65559929 -0.465845
v -2.68361912 15.620002 -0.45942295
v -2.6762401 15.620002 -0.465845
v -2.66876268 15.5844014 -0.465845
v -2.67540697 15.58090193 -0.45942295
v -2.4806358 15.58090193 -0.45942295
v -2.48727899 15.5844014 -0.465845
v -2.47242311 15.620002 -0.45942295
v -2.47980185 15.620002 -0.465845
v -2.48727899 15.65559929 -0.465845
v -2.48063719 15.65910318 -0.45942295
v -2.48063719 15.65910318 -0.50425707
v -2.48727899 15.65559929 -0.49783598
v -2.47242311 15.620002 -0.50425707
v -2.47980185 15.620002 -0.49783598
v -2.48727899 15.5844014 -0.49783598
v -2.4806358 15.58090193 -0.50425707
v -2.67540697 15.58090193 -0.50425707
v -2.66876268 15.5844014 -0.49783598
v -2.68361912 15.620002 -0.50425707
v -2.6762401 15.620002 -0.49783598
v -2.66876268 15.65559929 -0.49783598
v -2.67540587 15.65910318 -0.50425707
v -1.69215494 15.65910318 -0.50425707
v -1.69879702 15.65559929 -0.49783598
v -1.68394197 15.620002 -0.50425707
v -1.69132084 15.620002 -0.49783598
v -1.69879702 15.5844014 -0.49783598
v -1.69215425 15.58090193 -0.50425707
v -1.88692486 15.58090193 -0.50425707
v -1.88028306 15.5844014 -0.49783598
v -1.89513797 15.620002 -0.50425707
v -1.88775882 15.620002 -0.49783598
v -1.88028306 15.65559929 -0.49783598
v -1.88692293 15.65910318 -0.50425707
v -1.88692293 15.65910318 -0.45942295
v -1.88028306 15.65559929 -0.465845
v -1.89513797 15.620002 -0.45942295
v -1.88775882 15.620002 -0.465845
v -1.88028306 15.5844014 -0.465845
v -1.88692486 15.58090193 -0.45942295
v -1.69215425 15.58090193 -0.45942295
v -1.69879702 15.5844014 -0.46584396
v -1.68394197 15.620002 -0.45942295
v -1.69132084 15.620002 -0.46584396
v -1.69879702 15.65559929 -0.46584396
v -1.69215494 15.65910318 -0.45942295
v -2.97226396 16.57253099 -0.50425707
v -2.97226396 16.57253099 -0.45942295
v -2.18378089 16.57253099 -0.45942295
v -1.39529795 16.57253099 -0.50425707
v -1.39529795 16.57253099 -0.45942295
v -2.18378089 16.57253099 -0.50425707
v -2.430108 16.57253099 -0.50425707
v -2.5040629 16.57253099 -0.50425707
v -2.57802084 16.57253099 -0.50425707
v -2.65197794 16.57253099 -0.50425707
v -2.72593588 16.57253099 -0.50425707
v -2.430108 16.57253099 -0.45942295
v -2.5040629 16.57253099 -0.45942295
v -2.57802084 16.57253099 -0.45942295
v -2.65197794 16.57253099 -0.45942295
v -2.72593588 16.57253099 -0.45942295
v -1.93745308 16.57253099 -0.45942295
v -1.86349708 16.57253099 -0.45942295
v -1.78954025 16.57253099 -0.45942295
v -1.715583 16.57253099 -0.45942295
v -1.64162603 16.57253099 -0.45942295
v -1.66529582 13.99208651 -0.44635702
v -1.63065108 13.96195901 -0.44635702
v -1.58709208 13.97571253 -0.44635702
v -1.5850329 14.01751046 -0.44635702
v -1.62614793 14.03531407 -0.44635702
v -1.69922312 13.95469913 -0.46854092
v -1.61085613 13.92413931 -0.46854092
v -1.54148606 13.98112814 -0.46854092
v -1.57145905 14.05985127 -0.46854092
v -1.66181805 14.06294495 -0.46854092
v -1.93745308 16.57253099 -0.50425707
v -1.86349708 16.57253099 -0.50425707
v -1.78954025 16.57253099 -0.50425707
v -1.715583 16.57253099 -0.50425707
v -1.64162603 16.57253099 -0.50425707
v -2.18377992 16.61573645 -1.05852199
v -2.50406511 16.61573645 -1.03162197
v -2.43011104 16.61573645 -1.05852199
v -1.9374499 16.61573645 -1.05852199
v -1.86349501 16.61573645 -1.03162197
v -2.50406511 16.61573645 -0.72449904
v -2.50406511 16.61573645 -0.93794703
v -2.50406511 16.61573645 -0.77786097
v -2.50406511 16.61573645 -0.83122207
v -2.50406511 16.61573645 -0.88458497
v -2.21703911 16.61573645 -0.89887709
v -2.21703911 16.61573645 -0.79692298
v -2.24138599 16.61573645 -0.87733297
v -2.25029706 16.61573645 -0.84789983
v -2.24138599 16.61573645 -0.81846808
v -2.18377992 16.61573645 -0.90676389
v -2.18378089 16.61573645 -0.74125102
v -2.150521 16.61573645 -0.89887709
v -2.150521 16.61573645 -0.79692298
v -2.12617398 16.61573645 -0.87733297
v -2.11726305 16.61573645 -0.84789983
v -2.12617398 16.61573645 -0.81846808
v -1.86349501 16.61573645 -0.72449904
v -1.86349501 16.61573645 -0.93794703
v -1.86349501 16.61573645 -0.77786097
v -1.86349501 16.61573645 -0.83122207
v -1.86349501 16.61573645 -0.88458497
v -1.9374499 16.61573645 -0.95459895
v -1.9374499 16.61573645 -0.90124891
v -1.9374499 16.61573645 -0.84789983
v -1.9374499 16.61573645 -0.79455006
v -1.9374499 16.61573645 -0.74120195
v -2.18377992 16.61573645 -0.95454906
v -2.18377992 16.61573645 -0.78903605
v -2.43011104 16.61573645 -0.95459895
v -2.43011104 16.61573645 -0.90124891
v -2.43011104 16.61573645 -0.84789983
v -2.43011104 16.61573645 -0.79455006
v -2.43011104 16.61573645 -0.74120195
v -2.50406511 16.61573645 -0.50425707
v -1.86349501 16.61573645 -0.50425707
v -2.18378089 16.57253099 -0.50425707
v -2.430108 16.57253099 -0.50425707
v -2.5040629 16.57253099 -0.50425707
v -1.93745308 16.57253099 -0.50425707
v -1.86349708 16.57253099 -0.50425707
v -2.18377992 16.57253099 -1.05852199
v -2.18377992 16.61573645 -1.05852199
v -2.50406511 16.61573645 -1.03162197
v -2.43011104 16.61573645 -1.05852199
v -2.5040629 16.57253099 -1.03162197
v -1.93745308 16.57253099 -1.05852199
v -1.9374499 16.61573645 -1.05852199
v -1.86349501 16.61573645 -1.03162197
v -2.430108 16.57253099 -1.05852199
v -1.86349708 16.57253099 -1.03162197
v -2.21703911 16.57253099 -0.79692298
v -2.21703911 16.57253099 -0.89887709
v -2.24138503 16.57253099 -0.81846891
v -2.25029609 16.57253099 -0.84789983
v -2.24138503 16.57253099 -0.877332
v -2.5040629 16.57253099 -0.93794703
v -2.5040629 16.57253099 -0.72449904
v -2.5040629 16.57253099 -0.88458497
v -2.5040629 16.57253099 -0.83122207
v -2.5040629 16.57253099 -0.77786097
v -2.50406511 16.61573645 -0.72449904
v -2.50406511 16.61573645 -0.93794703
v -2.50406511 16.61573645 -0.77786097
v -2.50406511 16.61573645 -0.83122207
v -2.50406511 16.61573645 -0.88458497
v -2.18378089 16.57253099 -0.74125102
v -2.18377992 16.57253099 -0.95454906
v -2.21703911 16.61573645 -0.89887709
v -2.21703911 16.61573645 -0.79692298
v -2.24138599 16.61573645 -0.87733297
v -2.25029706 16.61573645 -0.84789983
v -2.24138599 16.61573645 -0.81846808
v -2.18377992 16.61573645 -0.90676389
v -2.150521 16.57253099 -0.79692298
v -2.150521 16.57253099 -0.89887709
v -2.12617398 16.57253099 -0.81846891
v -2.11726402 16.57253099 -0.84789983
v -2.12617398 16.57253099 -0.877332
v -2.150521 16.61573645 -0.89887709
v -2.150521 16.61573645 -0.79692298
v -2.12617398 16.61573645 -0.87733297
v -2.11726305 16.61573645 -0.84789983
v -2.12617398 16.61573645 -0.81846808
v -1.86349708 16.57253099 -0.93794703
v -1.86349708 16.57253099 -0.72449904
v -1.86349708 16.57253099 -0.88458497
v -1.86349708 16.57253099 -0.83122207
v -1.86349708 16.57253099 -0.77786097
v -1.93745308 16.57253099 -0.90124891
v -1.93745308 16.57253099 -0.95459895
v -1.93745308 16.57253099 -0.84789983
v -1.93745308 16.57253099 -0.79455006
v -1.93745308 16.57253099 -0.74120195
v -2.18377992 16.61573645 -0.78903605
v -2.18377992 16.57253099 -0.90676306
v -2.18377992 16.57253099 -0.78903702
v -2.430108 16.57253099 -0.90124891
v -2.430108 16.57253099 -0.95459895
v -2.430108 16.57253099 -0.84789983
v -2.430108 16.57253099 -0.79455006
v -2.430108 16.57253099 -0.74120195
v -3.03534397 12.46267914 1.28910799
v -2.18378089 12.46267914 1.28910799
v -1.33221905 12.46267914 1.28910896
v -2.93705394 16.61573645 1.28927896
v -2.18378089 16.61573645 1.28910799
v -1.430507 16.61573645 1.28928006
v -2.18378089 12.46267914 1.33394211
v -3.03534397 12.46267914 1.333941
v -1.33221905 12.46267914 1.33394211
v -2.18378089 16.61573645 1.333941
v -2.93705394 16.61573645 1.33376893
v -1.430507 16.61573645 1.33377004
v -1.369343 12.53272823 1.28910896
v -1.39529795 12.63278762 1.28910896
v -2.18378089 12.53264641 1.28910799
v -2.18378089 12.63278762 1.28910799
v -2.97226396 12.63278762 1.28910799
v -2.99821891 12.53272712 1.28910799
v -1.39529795 12.63278762 1.33394211
v -1.369343 12.53272712 1.33394211
v -2.18378089 12.53264641 1.33394211
v -2.18378089 12.63278762 1.33394211
v -2.99821891 12.53272823 1.333941
v -2.97226396 12.63278762 1.333941
v -2.97226396 15.48840537 1.333941
v -2.97226396 15.75160858 1.333941
v -1.39529795 15.48840537 1.28910799
v -1.39529795 15.75160858 1.28910799
v -1.39529795 15.75160858 1.333941
v -1.39529795 15.48840537 1.333941
v -2.18378089 15.48840537 1.28910799
v -2.18378089 15.75160858 1.28910799
v -2.97226396 15.75160858 1.28910702
v -2.97226396 15.48840537 1.28910799
v -2.18378089 15.75160858 1.333941
v -2.18378089 15.48840537 1.333941
v -2.72625819 12.63278762 1.28910799
v -2.42978404 12.63278762 1.28910799
v -2.65213993 12.63278762 1.28910799
v -2.57802194 12.63278762 1.28910799
v -2.50390285 12.63278762 1.28910799
v -2.73943814 12.53270059 1.333941
v -2.44256097 12.53267294 1.333941
v -2.66522009 12.53269506 1.333941
v -2.59100011 12.53268511 1.333941
v -2.51677874 12.53268068 1.333941
v -2.72593395 16.61573645 1.333941
v -2.43011187 16.61573645 1.333941
v -2.65197794 16.61573645 1.333941
v -2.57802194 16.61573645 1.333941
v -2.50406594 16.61573645 1.333941
v -2.46103905 12.46267914 1.333941
v -2.75808511 12.46267914 1.333941
v -2.53530105 12.46267914 1.333941
v -2.60956112 12.46267914 1.333941
v -2.68382311 12.46267914 1.333941
v -2.72593395 16.61573645 1.28910702
v -2.43011187 16.61573645 1.28910799
v -2.65197794 16.61573645 1.28910702
v -2.57802194 16.61573645 1.28910799
v -2.50406594 16.61573645 1.28910799
v -2.75808511 12.46267914 1.28910799
v -2.46103905 12.46267914 1.28910799
v -2.68382311 12.46267914 1.28910799
v -2.60956112 12.46267914 1.28910799
v -2.53530105 12.46267914 1.28910799
v -2.42978404 12.63278762 1.333941
v -2.72625819 12.63278762 1.333941
v -2.50390285 12.63278762 1.333941
v -2.57802194 12.63278762 1.333941
v -2.65213993 12.63278762 1.333941
v -2.44256097 12.53267294 1.28910799
v -2.73943814 12.53270059 1.28910799
v -2.51677874 12.53268068 1.28910799
v -2.59100011 12.53268511 1.28910799
v -2.66522009 12.53269506 1.28910799
v -1.60947804 12.46267914 1.28910896
v -1.90652383 12.46267914 1.28910896
v -1.68374004 12.46267914 1.28910896
v -1.75800093 12.46267914 1.28910896
v -1.832261 12.46267914 1.28910896
v -1.93745101 16.61573645 1.28910799
v -1.64162893 16.61573645 1.28910799
v -1.86349501 16.61573645 1.28910799
v -1.78954094 16.61573645 1.28910799
v -1.71558494 16.61573645 1.28910799
v -1.90652383 12.46267914 1.33394211
v -1.60947804 12.46267914 1.33394211
v -1.832261 12.46267914 1.33394211
v -1.75800093 12.46267914 1.33394211
v -1.68374004 12.46267914 1.33394211
v -1.64162893 16.61573645 1.333941
v -1.93745101 16.61573645 1.333941
v -1.71558494 16.61573645 1.333941
v -1.78954094 16.61573645 1.333941
v -1.86349501 16.61573645 1.333941
v -1.641304 12.63278762 1.33394211
v -1.9377758 12.63278762 1.33394211
v -1.71542199 12.63278762 1.33394211
v -1.78954094 12.63278762 1.33394211
v -1.86365782 12.63278762 1.33394211
v -1.641304 12.63278762 1.28910896
v -1.9377758 12.63278762 1.28910896
v -1.71542199 12.63278762 1.28910896
v -1.78954094 12.63278762 1.28910896
v -1.86365782 12.63278762 1.28910896
v -1.92500122 12.53267294 1.28910896
v -1.62812405 12.53270059 1.28910896
v -1.85078206 12.53268068 1.28910896
v -1.77656194 12.53268511 1.28910896
v -1.70234293 12.53269506 1.28910896
v -1.92500122 12.53267294 1.33394211
v -1.62812405 12.53270059 1.33394211
v -1.85078206 12.53268068 1.33394211
v -1.77656194 12.53268511 1.33394211
v -1.70234293 12.53269506 1.33394211
v -1.39529795 15.68580861 1.333941
v -1.39529795 15.62000864 1.333941
v -1.39529795 15.55420756 1.333941
v -1.39529795 15.55420756 1.28910799
v -1.39529795 15.62000864 1.28910799
v -1.39529795 15.68580861 1.28910799
v -2.18378089 15.68580861 1.333941
v -2.18378089 15.62000864 1.333941
v -2.18378089 15.55420756 1.333941
v -2.18378089 15.55420756 1.28910799
v -2.18378089 15.62000864 1.28910799
v -2.18378089 15.68580861 1.28910799
v -2.97226396 15.68580861 1.28910799
v -2.97226396 15.62000864 1.28910799
v -2.97226396 15.55420756 1.28910799
v -2.97226396 15.55420756 1.333941
v -2.97226396 15.62000864 1.333941
v -2.97226396 15.68580861 1.333941
v -2.43006101 15.75160858 1.28910799
v -2.50404106 15.75160858 1.28910799
v -2.57802194 15.75160858 1.28910799
v -2.6520031 15.75160858 1.28910799
v -2.72598481 15.75160858 1.28910799
v -2.6520031 15.75160858 1.333941
v -2.72598481 15.75160858 1.333941
v -2.72606303 15.55420756 1.333941
v -2.72608985 15.48840537 1.333941
v -2.65205589 15.48840537 1.333941
v -2.57802194 15.75160858 1.333941
v -2.57802194 15.48840537 1.333941
v -2.50404106 15.75160858 1.333941
v -2.50398799 15.48840537 1.333941
v -2.43006101 15.75160858 1.333941
v -2.42995514 15.48840537 1.333941
v -2.43003392 15.68580861 1.333941
v -2.42998112 15.55420756 1.28910799
v -2.42995514 15.48840537 1.28910799
v -2.50398799 15.48840537 1.28910799
v -2.57802194 15.48840537 1.28910799
v -2.65205589 15.48840537 1.28910799
v -2.72608985 15.48840537 1.28910799
v -2.72601079 15.68580861 1.28910799
v -1.71555895 15.75160858 1.28910799
v -1.64157904 15.75160858 1.28910799
v -1.64149888 15.55420756 1.28910799
v -1.64147303 15.48840537 1.28910799
v -1.71550588 15.48840537 1.28910799
v -1.78954094 15.75160858 1.28910799
v -1.78954094 15.48840537 1.28910799
v -1.86352002 15.75160858 1.28910799
v -1.86357296 15.48840537 1.28910799
v -1.93750187 15.75160858 1.28910799
v -1.93760801 15.48840537 1.28910799
v -1.93752785 15.68580861 1.28910799
v -1.86352002 15.75160858 1.333941
v -1.93750187 15.75160858 1.333941
v -1.93758079 15.55420756 1.333941
v -1.93760801 15.48840537 1.333941
v -1.86357296 15.48840537 1.333941
v -1.78954094 15.75160858 1.333941
v -1.78954094 15.48840537 1.333941
v -1.71555895 15.75160858 1.333941
v -1.71550588 15.48840537 1.333941
v -1.64157904 15.75160858 1.333941
v -1.64147303 15.48840537 1.333941
v -1.64155195 15.68580861 1.333941
v -2.72601079 15.68580861 1.333941
v -2.72603788 15.62000864 1.333941
v -2.42998112 15.55420756 1.333941
v -2.43000794 15.62000864 1.333941
v -2.43003392 15.68580861 1.28910799
v -2.43000794 15.62000864 1.28910799
v -2.72606303 15.55420756 1.28910799
v -2.72603788 15.62000864 1.28910799
v -1.64155195 15.68580861 1.28910799
v -1.64152486 15.62000864 1.28910799
v -1.93758079 15.55420756 1.28910799
v -1.93755384 15.62000864 1.28910799
v -1.93752785 15.68580861 1.333941
v -1.93755384 15.62000864 1.333941
v -1.64149888 15.55420756 1.333941
v -1.64152486 15.62000864 1.333941
v -2.50857102 15.68577544 1.32752006
v -2.50283421 15.69058624 1.333941
v -2.65320912 15.69058624 1.333941
v -2.64747397 15.68577544 1.32752006
v -2.54043609 15.70593857 1.32752006
v -2.53594566 15.71157311 1.333941
v -2.57802194 15.71302154 1.32752006
v -2.57802194 15.71952403 1.333941
v -2.61560889 15.70593857 1.32752006
v -2.62009905 15.71157311 1.333941
v -2.65321105 15.54942219 1.333941
v -2.64747397 15.55422746 1.32752006
v -2.502832 15.54942219 1.333941
v -2.50857102 15.55422746 1.32752006
v -2.62010182 15.52843532 1.333941
v -2.61560889 15.53406322 1.32752006
v -2.57802194 15.5204855 1.333941
v -2.57802194 15.52698025 1.32752006
v -2.53594317 15.52843532 1.333941
v -2.54043609 15.53406322 1.32752006
v -2.50283421 15.69058624 1.28910702
v -2.50857102 15.68577544 1.29552908
v -2.64747397 15.68577544 1.29552908
v -2.65320912 15.69058624 1.28910702
v -2.54043609 15.70593857 1.29552908
v -2.53594566 15.71157311 1.28910702
v -2.57802194 15.71302154 1.29552908
v -2.57802194 15.71952403 1.28910702
v -2.61560889 15.70593857 1.29552908
v -2.62009905 15.71157311 1.28910702
v -2.502832 15.54942219 1.28910702
v -2.50857102 15.55422746 1.29552908
v -2.65321105 15.54942219 1.28910702
v -2.64747397 15.55422746 1.29552908
v -2.53594317 15.52843532 1.28910702
v -2.54043609 15.53406322 1.29552908
v -2.57802194 15.5204855 1.28910702
v -2.57802194 15.52698025 1.29552908
v -2.62010182 15.52843532 1.28910702
v -2.61560889 15.53406322 1.29552908
v -1.72008808 15.68577544 1.32752006
v -1.71435404 15.69058624 1.333941
v -1.86472701 15.69058624 1.333941
v -1.85899103 15.68577544 1.32752006
v -1.75195385 15.70593857 1.32752006
v -1.74746397 15.71157311 1.333941
v -1.78954094 15.71302154 1.32752006
v -1.78954094 15.71952403 1.333941
v -1.82712609 15.70593857 1.32752006
v -1.83161487 15.71157311 1.333941
v -1.86472908 15.54942219 1.333941
v -1.85899103 15.55422746 1.32752006
v -1.71435114 15.54942219 1.333941
v -1.72008808 15.55422746 1.32752006
v -1.83161984 15.52843532 1.333941
v -1.82712609 15.53406322 1.32752006
v -1.78954094 15.5204855 1.333941
v -1.78954094 15.52698025 1.32752006
v -1.74745996 15.52843532 1.333941
v -1.75195385 15.53406322 1.32752006
v -1.85899103 15.68577544 1.29552908
v -1.86472701 15.69058624 1.28910799
v -1.71435404 15.69058624 1.28910799
v -1.72008808 15.68577544 1.29552908
v -1.82712609 15.70593857 1.29552908
v -1.83161487 15.71157311 1.28910799
v -1.78954094 15.71302154 1.29552908
v -1.78954094 15.71952403 1.28910799
v -1.75195385 15.70593857 1.29552908
v -1.747463 15.71157311 1.28910799
v -1.71435114 15.54942219 1.28910799
v -1.72008808 15.55422746 1.29552908
v -1.86472908 15.54942219 1.28910799
v -1.85899103 15.55422746 1.29552908
v -1.74745996 15.52843532 1.28910799
v -1.75195385 15.53406322 1.29552908
v -1.78954094 15.5204855 1.28910799
v -1.78954094 15.52698025 1.29552908
v -1.83161984 15.52843532 1.28910799
v -1.82712609 15.53406322 1.29552908
v -2.67540587 15.65910318 1.333941
v -2.66876379 15.65559929 1.32752006
v -2.68361995 15.620002 1.333941
v -2.67624093 15.620002 1.32752006
v -2.66876379 15.5844014 1.32752006
v -2.67540697 15.58090193 1.333941
v -2.48063719 15.58090193 1.333941
v -2.48727899 15.5844014 1.32752006
v -2.47242311 15.620002 1.333941
v -2.47980323 15.620002 1.32752006
v -2.48727899 15.65559929 1.32752006
v -2.48063719 15.65910318 1.333941
v -2.48063719 15.65910318 1.28910799
v -2.48727899 15.65559929 1.29552908
v -2.47242311 15.620002 1.28910799
v -2.47980323 15.620002 1.29552908
v -2.48727899 15.5844014 1.29552908
v -2.48063719 15.58090193 1.28910799
v -2.67540697 15.58090193 1.28910702
v -2.66876379 15.5844014 1.29552908
v -2.68361995 15.620002 1.28910702
v -2.67624093 15.620002 1.29552908
v -2.66876379 15.65559929 1.29552908
v -2.67540587 15.65910318 1.28910702
v -1.69215591 15.65910318 1.28910799
v -1.69879785 15.65559929 1.29552908
v -1.68394197 15.620002 1.28910799
v -1.69132195 15.620002 1.29552908
v -1.69879785 15.5844014 1.29552908
v -1.69215494 15.58090193 1.28910799
v -1.88692486 15.58090193 1.28910799
v -1.88028306 15.5844014 1.29552908
v -1.89513797 15.620002 1.28910799
v -1.88775882 15.620002 1.29552908
v -1.88028306 15.65559929 1.29552908
v -1.8869239 15.65910318 1.28910799
v -1.8869239 15.65910318 1.333941
v -1.88028306 15.65559929 1.32752006
v -1.89513797 15.620002 1.333941
v -1.88775882 15.620002 1.32752006
v -1.88028306 15.5844014 1.32752006
v -1.88692486 15.58090193 1.333941
v -1.69215494 15.58090193 1.333941
v -1.69879785 15.5844014 1.32752006
v -1.68394197 15.620002 1.333941
v -1.69132195 15.620002 1.32752006
v -1.69879785 15.65559929 1.32752006
v -1.69215591 15.65910318 1.333941
v -2.97226396 16.57253099 1.28910702
v -2.97226396 16.57253099 1.333941
v -2.18378089 16.57253099 1.333941
v -1.39529795 16.57253099 1.28910799
v -1.39529795 16.57253099 1.333941
v -2.18378089 16.57253099 1.28910799
v -2.43010911 16.57253099 1.28910799
v -2.504064 16.57253099 1.28910799
v -2.57802194 16.57253099 1.28910799
v -2.65197877 16.57253099 1.28910799
v -2.72593699 16.57253099 1.28910799
v -2.43010911 16.57253099 1.333941
v -2.504064 16.57253099 1.333941
v -2.57802194 16.57253099 1.333941
v -2.65197877 16.57253099 1.333941
v -2.72593699 16.57253099 1.333941
v -1.93745405 16.57253099 1.333941
v -1.86349708 16.57253099 1.333941
v -1.78954094 16.57253099 1.333941
v -1.71558411 16.57253099 1.333941
v -1.64162603 16.57253099 1.333941
v -1.93745405 16.57253099 1.28910799
v -1.86349708 16.57253099 1.28910799
v -1.78954094 16.57253099 1.28910799
v -1.71558411 16.57253099 1.28910799
v -1.64162603 16.57253099 1.28910799
v -1.575849 12.65661386 -0.62619394
v -1.575849 12.64305273 -0.61395506
v -1.51411295 12.6722791 -0.62619394
v -1.50695299 12.66053459 -0.61395506
v -1.46891796 12.71508098 -0.62619394
v -1.45651696 12.70830207 -0.61395506
v -1.45237509 12.77355031 -0.62619394
v -1.43805602 12.77355031 -0.61395506
v -1.46891796 12.83201854 -0.62619394
v -1.45651696 12.83879966 -0.61395506
v -1.51411295 12.87482042 -0.62619394
v -1.50695299 12.88656382 -0.61395506
v -1.575849 12.89048676 -0.62619394
v -1.575849 12.90404679 -0.61395506
v -1.63758602 12.87482042 -0.62619394
v -1.64474598 12.88656382 -0.61395506
v -1.6827799 12.83201854 -0.62619394
v -1.69518007 12.83879966 -0.61395506
v -1.69932194 12.77355031 -0.62619394
v -1.71364088 12.77355031 -0.61395506
v -1.6827799 12.71508098 -0.62619394
v -1.69518007 12.70830207 -0.61395506
v -1.63758602 12.6722791 -0.62619394
v -1.64474598 12.66053459 -0.61395506
v -1.575849 12.64305273 1.41134506
v -1.50695299 12.66053459 1.41134506
v -1.45651696 12.70830207 1.41134506
v -1.43805602 12.77355031 1.41134506
v -1.45651696 12.83879966 1.41134506
v -1.50695299 12.88656382 1.41134506
v -1.575849 12.90404679 1.41134506
v -1.64474598 12.88656382 1.41134506
v -1.69518007 12.83879966 1.41134506
v -1.71364088 12.77355031 1.41134506
v -1.69518007 12.70830207 1.41134506
v -1.64474598 12.66053459 1.41134506
v -2.79171291 12.65661386 -0.62619394
v -2.79171291 12.64305273 -0.61395506
v -2.85344924 12.6722791 -0.62619394
v -2.86060823 12.66053459 -0.61395506
v -2.89864298 12.71508098 -0.62619394
v -2.91104398 12.70830207 -0.61395506
v -2.91518585 12.77355031 -0.62619394
v -2.9295052 12.77355031 -0.61395506
v -2.89864298 12.83201854 -0.62619394
v -2.91104398 12.83879966 -0.61395506
v -2.85344924 12.87482042 -0.62619394
v -2.86060823 12.88656382 -0.61395506
v -2.79171291 12.89048676 -0.62619394
v -2.79171291 12.90404679 -0.61395506
v -2.72997603 12.87482042 -0.62619394
v -2.72281594 12.88656382 -0.61395506
v -2.68478118 12.83201854 -0.62619394
v -2.67237991 12.83879966 -0.61395506
v -2.66823914 12.77355031 -0.62619394
v -2.65392007 12.77355031 -0.61395506
v -2.68478118 12.71508098 -0.62619394
v -2.67237991 12.70830207 -0.61395506
v -2.72997603 12.6722791 -0.62619394
v -2.72281594 12.66053459 -0.61395506
v -2.79171291 12.64305273 1.41134506
v -2.86060823 12.66053459 1.41134506
v -2.91104398 12.70830207 1.41134506
v -2.9295052 12.77355031 1.41134506
v -2.91104398 12.83879966 1.41134506
v -2.86060823 12.88656382 1.41134506
v -2.79171291 12.90404679 1.41134506
v -2.72281594 12.88656382 1.41134506
v -2.67237991 12.83879966 1.41134506
v -2.65392007 12.77355031 1.41134506
v -2.67237991 12.70830207 1.41134506
v -2.72281594 12.66053459 1.41134506
v -1.59844601 12.7949518 -0.62619394
v -1.575849 16.40622383 -0.62619505
v -1.575849 16.41978497 -0.61395506
v -1.51411295 16.39055638 -0.62619505
v -1.50695299 16.40229978 -0.61395506
v -1.46891796 16.34775561 -0.62619505
v -1.45651696 16.35453673 -0.61395506
v -1.45237509 16.28928627 -0.62619505
v -1.43805602 16.28928627 -0.61395506
v -1.46891796 16.23082026 -0.62619505
v -1.45651696 16.22403693 -0.61395506
v -1.51411295 16.18801949 -0.62619505
v -1.50695299 16.17627498 -0.61395506
v -1.575849 16.17235425 -0.62619505
v -1.575849 16.15879422 -0.61395506
v -1.63758602 16.18801949 -0.62619505
v -1.64474598 16.17627498 -0.61395506
v -1.6827799 16.23082026 -0.62619505
v -1.69518007 16.22403693 -0.61395506
v -1.69932194 16.28928627 -0.62619505
v -1.71364088 16.28928627 -0.61395506
v -1.6827799 16.34775561 -0.62619505
v -1.69518007 16.35453673 -0.61395506
v -1.63758602 16.39055638 -0.62619505
v -1.64474598 16.40229978 -0.61395506
v -1.575849 16.41978497 1.41134409
v -1.50695299 16.40229978 1.41134409
v -1.45651696 16.35453673 1.41134409
v -1.43805602 16.28928627 1.41134409
v -1.45651696 16.22403693 1.41134409
v -1.50695299 16.17627498 1.41134409
v -1.575849 16.15879422 1.41134409
v -1.64474598 16.17627498 1.41134409
v -1.69518007 16.22403693 1.41134409
v -1.71364088 16.28928627 1.41134409
v -1.69518007 16.35453673 1.41134409
v -1.64474598 16.40229978 1.41134409
v -2.78344023 12.80278442 -0.62619394
v -2.79171291 16.40622383 -0.62619505
v -2.79171291 16.41978497 -0.61395506
v -2.85344924 16.39055638 -0.62619505
v -2.86060823 16.40229978 -0.61395506
v -2.89864298 16.34775561 -0.62619505
v -2.91104398 16.35453673 -0.61395506
v -2.91518585 16.28928627 -0.62619505
v -2.9295052 16.28928627 -0.61395506
v -2.89864298 16.23082026 -0.62619505
v -2.91104398 16.22403693 -0.61395506
v -2.85344924 16.18801949 -0.62619505
v -2.86060823 16.17627498 -0.61395506
v -2.79171291 16.17235425 -0.62619505
v -2.79171291 16.15879422 -0.61395506
v -2.72997603 16.18801949 -0.62619505
v -2.72281594 16.17627498 -0.61395506
v -2.68478118 16.23082026 -0.62619505
v -2.67237991 16.22403693 -0.61395506
v -2.66823914 16.28928627 -0.62619505
v -2.65392007 16.28928627 -0.61395506
v -2.68478118 16.34775561 -0.62619505
v -2.67237991 16.35453673 -0.61395506
v -2.72997603 16.39055638 -0.62619505
v -2.72281594 16.40229978 -0.61395506
v -2.79171291 16.41978497 1.41134409
v -2.86060823 16.40229978 1.41134409
v -2.91104398 16.35453673 1.41134409
v -2.9295052 16.28928627 1.41134409
v -2.91104398 16.22403693 1.41134409
v -2.86060823 16.17627498 1.41134409
v -2.79171291 16.15879422 1.41134409
v -2.72281594 16.17627498 1.41134409
v -2.67237991 16.22403693 1.41134409
v -2.65392007 16.28928627 1.41134409
v -2.67237991 16.35453673 1.41134409
v -2.72281594 16.40229978 1.41134409
v -1.58412099 16.26005327 -0.62619505
v -1.61388196 16.34842454 -0.62619505
v -2.14444213 16.41994087 -0.93574605
v -2.18378089 16.41994087 -0.94267104
v -2.1110931 16.41994087 -0.91602601
v -2.088809 16.41994087 -0.88651285
v -2.08098508 16.41994087 -0.85170101
v -2.088809 16.41994087 -0.81688807
v -2.1110931 16.41994087 -0.78737587
v -2.14444213 16.41994087 -0.76765612
v -2.18378089 16.41994087 -0.76073098
v -2.2231191 16.41994087 -0.76765612
v -2.25646909 16.41994087 -0.78737587
v -2.27875305 16.41994087 -0.81688807
v -2.28657697 16.41994087 -0.85170101
v -2.27875305 16.41994087 -0.88651285
v -2.25646909 16.41994087 -0.91602601
v -2.2231191 16.41994087 -0.93574605
v -2.14305809 16.46848674 -0.93870401
v -2.18378089 16.46848674 -0.94587087
v -2.10853511 16.46848674 -0.91829002
v -2.08546709 16.46848674 -0.88773808
v -2.07736703 16.46848674 -0.85170101
v -2.08546709 16.46848674 -0.81566297
v -2.10853511 16.46848674 -0.785112
v -2.14305809 16.46848674 -0.76469801
v -2.18378089 16.46848674 -0.75753005
v -2.22450396 16.46848674 -0.76469801
v -2.25902611 16.46848674 -0.785112
v -2.28209496 16.46848674 -0.81566297
v -2.29019502 16.46848674 -0.85170101
v -2.28209496 16.46848674 -0.88773808
v -2.25902611 16.46848674 -0.91829002
v -2.22450396 16.46848674 -0.93870401
v -2.16408808 16.54224759 -0.89377688
v -2.18378089 16.54224759 -0.89724497
v -2.14738972 16.54224759 -0.88390497
v -2.13623289 16.54224759 -0.86912898
v -2.13231492 16.54224759 -0.85170101
v -2.13623289 16.54224759 -0.83427208
v -2.14738972 16.54224759 -0.81949608
v -2.16408808 16.54224759 -0.80962293
v -2.18378089 16.54224759 -0.80615691
v -2.20347508 16.54224759 -0.80962293
v -2.22017191 16.54224759 -0.81949608
v -2.23132903 16.54224759 -0.83427208
v -2.23524686 16.54224759 -0.85170101
v -2.23132903 16.54224759 -0.86912898
v -2.22017191 16.54224759 -0.88390497
v -2.20347508 16.54224759 -0.89377688
v -2.14558692 16.74357045 -0.88550005
v -2.12976785 16.74357045 -0.85170101
v -2.1338789 16.74357045 -0.83340799
v -2.14558692 16.74357045 -0.81790197
v -2.16310997 16.74357045 -0.80753998
v -2.22197513 16.74357045 -0.81790197
v -2.23368315 16.74357045 -0.8699921
v -2.22197513 16.74357045 -0.88550005
v -2.20445208 16.74357045 -0.89585997
v -2.16310997 16.74357045 -0.89585997
v -2.18378089 16.74357045 -0.89949903
v -2.1338789 16.74357045 -0.8699921
v -2.18378089 16.74357045 -0.80390188
v -2.20445208 16.74357045 -0.80753998
v -2.23368315 16.74357045 -0.83340799
v -2.23779392 16.74357045 -0.85170101
v -2.18378089 16.41994087 -0.93108907
v -2.18378089 16.43757421 -0.91843901
v -2.18378089 16.42510659 -0.92194097
v -2.15492105 16.43757421 -0.91336008
v -2.14945084 16.41994087 -0.92504599
v -2.15340502 16.42510659 -0.91659405
v -2.13045503 16.43757421 -0.89889202
v -2.1203461 16.41994087 -0.90783695
v -2.12765601 16.42510659 -0.90136708
v -2.11410593 16.43757421 -0.87724092
v -2.10089999 16.41994087 -0.88208102
v -2.1104507 16.42510659 -0.87857989
v -2.10836511 16.43757421 -0.85170101
v -2.09406995 16.41994087 -0.85170101
v -2.104409 16.42510659 -0.85170101
v -2.11410593 16.43757421 -0.82616
v -2.10089999 16.41994087 -0.8213199
v -2.1104507 16.42510659 -0.82482102
v -2.13045503 16.43757421 -0.8045089
v -2.1203461 16.41994087 -0.79556397
v -2.12765601 16.42510659 -0.80203301
v -2.15492105 16.43757421 -0.79004194
v -2.14945084 16.41994087 -0.77835493
v -2.15340502 16.42510659 -0.7868059
v -2.18378089 16.43757421 -0.78496107
v -2.18378089 16.41994087 -0.77231199
v -2.18378089 16.42510659 -0.78145995
v -2.212641 16.43757421 -0.79004194
v -2.21811203 16.41994087 -0.77835493
v -2.21415716 16.42510659 -0.7868059
v -2.23710771 16.43757421 -0.8045089
v -2.24721499 16.41994087 -0.79556397
v -2.23990508 16.42510659 -0.80203301
v -2.25345612 16.43757421 -0.82616
v -2.26666192 16.41994087 -0.8213199
v -2.25711108 16.42510659 -0.82482102
v -2.25919707 16.43757421 -0.85170101
v -2.2734921 16.41994087 -0.85170101
v -2.26315195 16.42510659 -0.85170101
v -2.25345612 16.43757421 -0.87724092
v -2.26666192 16.41994087 -0.88208102
v -2.25711108 16.42510659 -0.87857989
v -2.23710771 16.43757421 -0.89889202
v -2.24721499 16.41994087 -0.90783695
v -2.23990508 16.42510659 -0.90136708
v -2.212641 16.43757421 -0.91336008
v -2.21811203 16.41994087 -0.92504599
v -2.21415716 16.42510659 -0.91659405
v -2.14827772 16.46848674 -0.92755201
v -2.15466411 16.45085119 -0.91390408
v -2.1526229 16.46331991 -0.91826791
v -2.18378089 16.45085119 -0.91903097
v -2.18378089 16.46848674 -0.93380102
v -2.18378089 16.46331991 -0.92375304
v -2.11817911 16.46848674 -0.90975406
v -2.12998111 16.45085119 -0.89930996
v -2.12620909 16.46331991 -0.90264883
v -2.09806808 16.46848674 -0.88311898
v -2.11349007 16.45085119 -0.87746592
v -2.10856013 16.46331991 -0.87927301
v -2.09100694 16.46848674 -0.85170101
v -2.10769701 16.45085119 -0.85170101
v -2.10236101 16.46331991 -0.85170101
v -2.09806808 16.46848674 -0.82028194
v -2.11349007 16.45085119 -0.82593403
v -2.10856013 16.46331991 -0.82412694
v -2.11817911 16.46848674 -0.793647
v -2.12998111 16.45085119 -0.80409206
v -2.12620909 16.46331991 -0.80075208
v -2.14827772 16.46848674 -0.77585002
v -2.15466411 16.45085119 -0.78949601
v -2.1526229 16.46331991 -0.78513411
v -2.18378089 16.46848674 -0.769601
v -2.18378089 16.45085119 -0.78437092
v -2.18378089 16.46331991 -0.77964802
v -2.21928309 16.46848674 -0.77585002
v -2.21289807 16.45085119 -0.78949601
v -2.21493915 16.46331991 -0.78513411
v -2.24938294 16.46848674 -0.793647
v -2.23758011 16.45085119 -0.80409206
v -2.24135213 16.46331991 -0.80075208
v -2.26949314 16.46848674 -0.82028194
v -2.25407102 16.45085119 -0.82593403
v -2.25900289 16.46331991 -0.82412694
v -2.27655511 16.46848674 -0.85170101
v -2.25986504 16.45085119 -0.85170101
v -2.26520104 16.46331991 -0.85170101
v -2.26949314 16.46848674 -0.88311898
v -2.25407102 16.45085119 -0.87746592
v -2.25900289 16.46331991 -0.87927301
v -2.24938294 16.46848674 -0.90975406
v -2.23758011 16.45085119 -0.89930996
v -2.24135213 16.46331991 -0.90264883
v -2.21928309 16.46848674 -0.92755201
v -2.21289807 16.45085119 -0.91390408
v -2.21493915 16.46331991 -0.91826791
v -2.11013599 16.47634921 -1.0090421
v -2.11502074 16.46848674 -0.99860105
v -2.11178594 16.47078876 -1.00551692
v -2.18378089 16.46848674 -1.01070407
v -2.18378089 16.47634921 -1.02200603
v -2.18378089 16.47078876 -1.01819006
v -2.04770087 16.47634921 -0.97212408
v -2.05673094 16.46848674 -0.9641339
v -2.05074812 16.47078876 -0.96942705
v -2.00598408 16.47634921 -0.91687393
v -2.01778193 16.46848674 -0.91254796
v -2.00996811 16.47078876 -0.91541305
v -1.99133509 16.47634921 -0.85170101
v -2.00410608 16.46848674 -0.85170101
v -1.99564599 16.47078876 -0.85170101
v -2.00598408 16.47634921 -0.78652796
v -2.01778193 16.46848674 -0.79085199
v -2.00996811 16.47078876 -0.78798801
v -2.04770087 16.47634921 -0.73127795
v -2.05673094 16.46848674 -0.73926895
v -2.05074812 16.47078876 -0.73397607
v -2.11013599 16.47634921 -0.69435993
v -2.11502074 16.46848674 -0.70480112
v -2.11178594 16.47078876 -0.69788593
v -2.18378089 16.47634921 -0.68139696
v -2.18378089 16.46848674 -0.69269699
v -2.18378089 16.47078876 -0.6852121
v -2.25742606 16.47634921 -0.69435993
v -2.25254007 16.46848674 -0.70480112
v -2.255775 16.47078876 -0.69788593
v -2.31986007 16.47634921 -0.73127795
v -2.31083111 16.46848674 -0.73926895
v -2.31681296 16.47078876 -0.73397607
v -2.36157811 16.47634921 -0.78652796
v -2.34977998 16.46848674 -0.79085199
v -2.35759491 16.47078876 -0.78798801
v -2.37622585 16.47634921 -0.85170101
v -2.3634561 16.46848674 -0.85170101
v -2.3719162 16.47078876 -0.85170101
v -2.36157811 16.47634921 -0.91687393
v -2.34977998 16.46848674 -0.91254796
v -2.35759491 16.47078876 -0.91541305
v -2.31986007 16.47634921 -0.97212408
v -2.31083111 16.46848674 -0.9641339
v -2.31681296 16.47078876 -0.96942705
v -2.25742606 16.47634921 -1.0090421
v -2.25254007 16.46848674 -0.99860105
v -2.25577597 16.47078876 -1.00551692
v -2.18378089 16.33300587 -0.94287697
v -2.18378089 16.34307306 -0.95047408
v -2.14435298 16.33300587 -0.93593705
v -2.14106801 16.34307306 -0.942957
v -2.11092683 16.33300587 -0.91617196
v -2.10485597 16.34307306 -0.921545
v -2.08859394 16.33300587 -0.88659191
v -2.08066112 16.34307306 -0.88950012
v -2.08074999 16.33300587 -0.85170101
v -2.07216413 16.34307306 -0.85170101
v -2.08859394 16.33300587 -0.81680901
v -2.08066112 16.34307306 -0.81390108
v -2.11092683 16.33300587 -0.7872291
v -2.10485597 16.34307306 -0.78185702
v -2.14435298 16.33300587 -0.76746497
v -2.14106801 16.34307306 -0.76044503
v -2.18378089 16.33300587 -0.76052394
v -2.18378089 16.34307306 -0.75292711
v -2.22320893 16.33300587 -0.76746497
v -2.22649293 16.34307306 -0.76044503
v -2.25663494 16.33300587 -0.7872291
v -2.26270608 16.34307306 -0.78185702
v -2.27896811 16.33300587 -0.81680901
v -2.28690107 16.34307306 -0.81390108
v -2.28681206 16.33300587 -0.85170101
v -2.29539709 16.34307306 -0.85170101
v -2.27896811 16.33300587 -0.88659191
v -2.28690107 16.34307306 -0.88950012
v -2.25663494 16.33300587 -0.91617196
v -2.26270608 16.34307306 -0.921545
v -2.22320893 16.33300587 -0.93593705
v -2.22649293 16.34307306 -0.942957
v -2.19886882 16.33300587 -0.87574894
v -2.1518879 16.33300587 -0.82401195
v -2.76911508 16.26788699 -0.62619505
v -2.11195705 16.51000825 -1.00514804
v -2.10826712 16.50214799 -1.01303304
v -2.10910606 16.50770623 -1.01123991
v -2.18378089 16.50214799 -1.02632494
v -2.18378089 16.51000825 -1.01778994
v -2.18378089 16.50770623 -1.02438503
v -2.05106808 16.51000825 -0.9691429
v -2.04425006 16.50214799 -0.97517796
v -2.04579897 16.50770623 -0.97380692
v -2.01038509 16.51000825 -0.91525991
v -2.00147388 16.50214799 -0.91852609
v -2.00349976 16.50770623 -0.9177839
v -1.99609891 16.51000825 -0.85170101
v -1.98645408 16.50214799 -0.85170101
v -1.98864705 16.50770623 -0.85170101
v -2.01038509 16.51000825 -0.78814211
v -2.00147388 16.50214799 -0.78487497
v -2.00349976 16.50770623 -0.78561702
v -2.05106808 16.51000825 -0.73425802
v -2.04425006 16.50214799 -0.72822296
v -2.04579897 16.50770623 -0.7295951
v -2.11195705 16.51000825 -0.69825495
v -2.10826712 16.50214799 -0.69036898
v -2.10910606 16.50770623 -0.69216101
v -2.18378089 16.51000825 -0.68561291
v -2.18378089 16.50214799 -0.67707708
v -2.18378089 16.50770623 -0.6790181
v -2.25560501 16.51000825 -0.69825495
v -2.25929507 16.50214799 -0.69036898
v -2.25845599 16.50770623 -0.69216101
v -2.31649301 16.51000825 -0.73425802
v -2.323312 16.50214799 -0.72822296
v -2.32176211 16.50770623 -0.7295951
v -2.35717669 16.51000825 -0.78814211
v -2.36608706 16.50214799 -0.78487497
v -2.36406202 16.50770623 -0.78561702
v -2.37146314 16.51000825 -0.85170101
v -2.38110797 16.50214799 -0.85170101
v -2.37891596 16.50770623 -0.85170101
v -2.35717669 16.51000825 -0.91525991
v -2.36608706 16.50214799 -0.91852609
v -2.36406202 16.50770623 -0.9177839
v -2.31649301 16.51000825 -0.9691429
v -2.323312 16.50214799 -0.97517796
v -2.32176211 16.50770623 -0.97380692
v -2.25560501 16.51000825 -1.00514804
v -2.25929507 16.50214799 -1.01303304
v -2.25845599 16.50770623 -1.01123991
v -2.15546103 16.75047099 -0.87559899
v -2.152777 16.75340435 -0.85170101
v -2.15546103 16.75047099 -0.82780096
v -2.18378089 16.75396382 -0.87756903
v -2.18378089 16.75856012 -0.85170101
v -2.18378089 16.75396382 -0.82583106
v -2.21210102 16.75046988 -0.87559899
v -2.21478505 16.75340435 -0.85170101
v -2.21210102 16.75047099 -0.82780096
v -2.09874613 16.66061037 -0.87273805
v -2.09874613 16.65128287 -0.87447202
v -2.09874613 16.66851486 -0.86780285
v -2.09874613 16.67379778 -0.86041499
v -2.09874613 16.67565311 -0.85170101
v -2.09874613 16.67379778 -0.84298496
v -2.09874613 16.66851486 -0.83559806
v -2.09874613 16.66061037 -0.83066204
v -2.09874613 16.65128287 -0.82892903
v -2.09874613 16.64195427 -0.83066204
v -2.09874613 16.63404868 -0.83559806
v -2.09874613 16.62876575 -0.84298496
v -2.09874613 16.62691374 -0.85170101
v -2.09874613 16.62876575 -0.86041499
v -2.09874613 16.63404868 -0.86780285
v -2.09874613 16.64195427 -0.87273805
v -2.2688079 16.66936733 -0.86860005
v -2.2688079 16.67685719 -0.85170101
v -2.2688079 16.67491341 -0.84255388
v -2.2688079 16.66936733 -0.83480101
v -2.2688079 16.66107143 -0.82961994
v -2.2688079 16.6331962 -0.83480101
v -2.2688079 16.62765344 -0.8608451
v -2.2688079 16.6331962 -0.86860005
v -2.2688079 16.64149541 -0.87378001
v -2.2688079 16.66107143 -0.87378001
v -2.2688079 16.65128287 -0.87559899
v -2.2688079 16.67491341 -0.8608451
v -2.2688079 16.65128287 -0.82780096
v -2.2688079 16.64149541 -0.82961994
v -2.2688079 16.62765344 -0.84255388
v -2.2688079 16.62570413 -0.85170101
v -2.66816396 14.92799716 -0.35050902
v -2.64060495 14.92100818 -0.35050902
v -2.61304593 14.92799716 -0.35050902
v -2.59287202 14.9471088 -0.35050902
v -2.58548803 14.97320832 -0.35050902
v -2.59287202 14.99930673 -0.35050902
v -2.61304593 15.01841284 -0.35050902
v -2.64060495 15.02540846 -0.35050902
v -2.66816396 15.01841284 -0.35050902
v -2.68833815 14.99930673 -0.35050902
v -2.69572297 14.97320832 -0.35050902
v -2.68833815 14.9471088 -0.35050902
v -2.59100011 14.89183709 -0.48719701
v -2.64060495 14.87925116 -0.48719701
v -2.55468579 14.92622919 -0.48719701
v -2.54139499 14.97320832 -0.48719701
v -2.55468579 15.02018855 -0.48719701
v -2.59100011 15.05458176 -0.48719701
v -2.64060495 15.06716768 -0.48719701
v -2.69021006 15.05458176 -0.48719701
v -2.72652383 15.02018855 -0.48719701
v -2.739816 14.97320832 -0.48719701
v -2.72652383 14.92622919 -0.48719701
v -2.69021006 14.89183709 -0.48719701
v -2.69021006 14.89183709 -0.35050902
v -2.64060495 14.87925116 -0.35050902
v -2.59100011 14.89183709 -0.35050902
v -2.55468579 14.92622919 -0.35050902
v -2.54139499 14.97320832 -0.35050902
v -2.55468579 15.02018855 -0.35050902
v -2.59100011 15.05458176 -0.35050902
v -2.64060495 15.06716768 -0.35050902
v -2.69021006 15.05458176 -0.35050902
v -2.72652383 15.02018855 -0.35050902
v -2.739816 14.97320832 -0.35050902
v -2.72652383 14.92622919 -0.35050902
v -2.2688079 16.65608262 -0.8460539
v -2.2688079 16.64713437 -0.86131198
v -2.09874613 16.65044587 -0.85852498
v -2.09874613 16.65541811 -0.84261386
v -2.18378089 12.58516388 -1.03128308
v -2.18378089 16.4511851 -1.03128308
v -2.10612294 12.58516388 -1.017614
v -2.10612294 16.4511851 -1.017614
v -2.040288 12.58516388 -0.97868406
v -2.040288 16.4511851 -0.97868406
v -1.99629779 12.58516388 -0.92042398
v -1.99629779 16.4511851 -0.92042398
v -1.98085106 12.58516388 -0.85170004
v -1.98085106 16.4511851 -0.85170101
v -1.99629779 12.58516388 -0.78297694
v -1.99629779 16.4511851 -0.78297804
v -2.040288 12.58516388 -0.72471699
v -2.040288 16.4511851 -0.72471699
v -2.10612294 12.58516388 -0.68578899
v -2.10612294 16.4511851 -0.68578899
v -2.18378089 12.58516388 -0.67211895
v -2.18378089 16.4511851 -0.67211895
v -2.26143911 12.58516388 -0.68578899
v -2.26143911 16.4511851 -0.68578899
v -2.32727419 12.58516388 -0.72471699
v -2.32727419 16.4511851 -0.72471699
v -2.37126302 12.58516388 -0.78297694
v -2.37126302 16.4511851 -0.78297804
v -2.38671099 12.58516388 -0.85170004
v -2.38671099 16.4511851 -0.85170101
v -2.37126302 12.58516388 -0.92042398
v -2.37126302 16.4511851 -0.92042398
v -2.32727419 12.58516388 -0.97868406
v -2.32727419 16.4511851 -0.97868406
v -2.26143911 12.58516388 -1.017614
v -2.26143911 16.4511851 -1.017614
v -2.68846005 14.97320832 -0.48719701
v -2.60695697 14.94877063 -0.48719701
v -2.30753301 16.4511851 -0.85170101
v -2.22511291 16.4511851 -0.93803798
v -2.10280895 16.4511851 -0.91662902
v -2.08213803 16.4511851 -0.81205598
v -2.18644308 16.4511851 -0.75477898
v -2.30753301 12.58516388 -0.85170004
v -2.22511291 12.58516388 -0.76536294
v -2.10280895 12.58516388 -0.786773
v -2.08213803 12.58516388 -0.89134411
v -2.18644308 12.58516388 -0.94862207
vt 0.53654 0.90583
vt 0.54537 0.91553
vt 0.50296 0.9485
vt 0.49484 0.93703
vt 0.57417 0.87028
vt 0.5842 0.87891
vt 0.60722 0.83067
vt 0.61827 0.8381
vt 0.63512 0.78739
vt 0.64701 0.79344
vt 0.65738 0.741
vt 0.66993 0.74554
vt 0.67363 0.69221
vt 0.68665 0.69514
vt 0.6836 0.64177
vt 0.69689 0.64305
vt 0.68715 0.59048
vt 0.70049 0.59007
vt 0.6842 0.53915
vt 0.69738 0.53707
vt 0.67481 0.4886
vt 0.68762 0.48487
vt 0.65912 0.43964
vt 0.67136 0.43432
vt 0.63737 0.39303
vt 0.64884 0.38623
vt 0.60989 0.34953
vt 0.62042 0.34136
vt 0.57702 0.30978
vt 0.58648 0.30047
vt 0.53901 0.27448
vt 0.54734 0.26424
vt 0.49583 0.24531
vt 0.50296 0.23322
vt 0.73886 0.28976
vt 0.74856 0.28093
vt 0.78153 0.32333
vt 0.77005 0.33146
vt 0.7033 0.25213
vt 0.71194 0.2421
vt 0.66369 0.21908
vt 0.67112 0.20803
vt 0.62041 0.19118
vt 0.62646 0.17929
vt 0.57403 0.16892
vt 0.57856 0.15637
vt 0.52523 0.15267
vt 0.52817 0.13965
vt 0.47479 0.14269
vt 0.47607 0.12941
vt 0.4235 0.13915
vt 0.42309 0.12581
vt 0.37217 0.1421
vt 0.37009 0.12891
vt 0.32162 0.15149
vt 0.31789 0.13867
vt 0.27266 0.16718
vt 0.26734 0.15493
vt 0.22605 0.18892
vt 0.21925 0.17745
vt 0.18255 0.2164
vt 0.17438 0.20587
vt 0.1428 0.24927
vt 0.13349 0.23982
vt 0.1075 0.28729
vt 0.09727 0.27896
vt 0.07834 0.33047
vt 0.06625 0.32333
vt 0.52628 0.89315
vt 0.48638 0.92237
vt 0.5623 0.85916
vt 0.594 0.8212
vt 0.62079 0.77969
vt 0.64219 0.73518
vt 0.65782 0.68836
vt 0.66744 0.63994
vt 0.67088 0.5907
vt 0.66809 0.54142
vt 0.65911 0.49288
vt 0.64408 0.44586
vt 0.62324 0.40109
vt 0.59689 0.35929
vt 0.56543 0.32107
vt 0.52933 0.28729
vt 0.48846 0.26009
vt 0.72617 0.30002
vt 0.7554 0.33992
vt 0.69218 0.264
vt 0.65422 0.2323
vt 0.61271 0.20551
vt 0.5682 0.18411
vt 0.52138 0.16848
vt 0.47296 0.15886
vt 0.42372 0.15542
vt 0.37444 0.15821
vt 0.3259 0.16718
vt 0.27888 0.18221
vt 0.23411 0.20305
vt 0.19231 0.2294
vt 0.15409 0.26087
vt 0.12031 0.29697
vt 0.09312 0.33783
vt 0.3064 0.08495
vt 0.36545 0.07417
vt 0.66621 0.31091
vt 0.69803 0.36171
vt 0.24918 0.10308
vt 0.62835 0.26469
vt 0.58206 0.95497
vt 0.54001 0.99
vt 0.19473 0.12826
vt 0.58546 0.224
vt 0.62384 0.91616
vt 0.14393 0.16009
vt 0.54002 0.18919
vt 0.66172 0.87144
vt 0.09771 0.19795
vt 0.78799 0.24424
vt 0.82302 0.28628
vt 0.6941 0.82165
vt 0.05702 0.24084
vt 0.74918 0.20246
vt 0.72013 0.76784
vt 0.02221 0.28628
vt 0.70447 0.16458
vt 0.73924 0.71104
vt 0.65467 0.1322
vt 0.75106 0.65222
vt 0.60086 0.10617
vt 0.75538 0.59236
vt 0.54406 0.08706
vt 0.75213 0.53242
vt 0.48524 0.07524
vt 0.74135 0.47338
vt 0.42538 0.07091
vt 0.72322 0.41616
vt 0.50438 0.88912
vt 0.46563 0.92788
vt 0.42005 0.95833
vt 0.36941 0.9793
vt 0.32786 0.879
vt 0.31565 0.99
vt 0.26084 0.99
vt 0.2236 0.90561
vt 0.20709 0.9793
vt 0.15645 0.95833
vt 0.11087 0.92788
vt 0.53483 0.84354
vt 0.45274 0.78546
vt 0.55581 0.79291
vt 0.51328 0.76891
vt 0.5665 0.73915
vt 0.5665 0.68434
vt 0.13556 0.84669
vt 0.07211 0.88912
vt 0.04166 0.84354
vt 0.08402 0.7824
vt 0.02069 0.7929
vt 0.01 0.73915
vt 0.07094 0.70417
vt 0.01 0.68434
vt 0.02069 0.63058
vt 0.09227 0.62316
vt 0.04166 0.57994
vt 0.07212 0.53437
vt 0.14219 0.5546
vt 0.11087 0.49561
vt 0.15645 0.46516
vt 0.21351 0.51019
vt 0.20709 0.44418
vt 0.26084 0.43349
vt 0.29616 0.49677
vt 0.31565 0.43349
vt 0.36941 0.44418
vt 0.37773 0.5162
vt 0.42005 0.46516
vt 0.46563 0.49561
vt 0.44574 0.56537
vt 0.50438 0.53437
vt 0.53483 0.57994
vt 0.48978 0.6368
vt 0.55581 0.63058
vt 0.47385 0.70575
vt 0.24166 0.80038
vt 0.33444 0.74281
vt 0.4044 0.69326
vt 0.39883 0.61675
vt 0.15928 0.75048
vt 0.1549 0.66716
vt 0.31088 0.58128
vt 0.247 0.56582
vt 0.21973 0.63169
vt 0.2236 0.70548
vt 0.04493 0.99
vt 0.04493 0.97873
vt 0.04665 0.97873
vt 0.04665 0.99
vt 0.02987 0.99
vt 0.02987 0.97873
vt 0.03151 0.97873
vt 0.03151 0.99
vt 0.02819 0.99
vt 0.02819 0.97873
vt 0.04325 0.99
vt 0.04325 0.97873
vt 0.04161 0.99
vt 0.04161 0.97873
vt 0.03996 0.99
vt 0.03996 0.97873
vt 0.03828 0.99
vt 0.03828 0.97873
vt 0.03656 0.99
vt 0.03656 0.97873
vt 0.03484 0.99
vt 0.03484 0.97873
vt 0.03315 0.99
vt 0.03315 0.97873
vt 0.02647 0.99
vt 0.02646 0.97873
vt 0.04493 0.88376
vt 0.04665 0.88376
vt 0.02987 0.88376
vt 0.03151 0.88376
vt 0.02819 0.88376
vt 0.04325 0.88376
vt 0.04161 0.88376
vt 0.03996 0.88376
vt 0.03828 0.88376
vt 0.03656 0.88376
vt 0.03484 0.88376
vt 0.03316 0.88376
vt 0.02647 0.88376
vt 0.48147 0.97778
vt 0.47625 0.97778
vt 0.47625 0.95603
vt 0.48147 0.95603
vt 0.4896 0.97778
vt 0.48845 0.97778
vt 0.48845 0.95603
vt 0.4896 0.95603
vt 0.4751 0.97778
vt 0.4751 0.95603
vt 0.48612 0.97778
vt 0.48612 0.95603
vt 0.49389 0.97778
vt 0.49389 0.95603
vt 0.47394 0.97778
vt 0.4716 0.97778
vt 0.4716 0.95603
vt 0.47394 0.95603
vt 0.48494 0.97778
vt 0.48494 0.95603
vt 0.46716 0.97778
vt 0.46716 0.95603
vt 0.48262 0.97778
vt 0.48262 0.95603
vt 0.15971 0.44615
vt 0.15807 0.45033
vt 0.15547 0.44674
vt 0.16232 0.44974
vt 0.15576 0.44442
vt 0.16396 0.44674
vt 0.16311 0.44891
vt 0.15831 0.44351
vt 0.15632 0.4434
vt 0.15711 0.44256
vt 0.16232 0.44256
vt 0.16311 0.4434
vt 0.16396 0.44556
vt 0.5125 0.49028
vt 0.50856 0.49028
vt 0.50874 0.48896
vt 0.51223 0.48898
vt 0.49957 0.47941
vt 0.50115 0.47578
vt 0.50223 0.47649
vt 0.50087 0.47956
vt 0.50412 0.47319
vt 0.50484 0.4743
vt 0.50485 0.48903
vt 0.50546 0.48785
vt 0.52077 0.48276
vt 0.51919 0.48639
vt 0.51811 0.48569
vt 0.51947 0.48261
vt 0.5018 0.48665
vt 0.49986 0.48331
vt 0.50109 0.48289
vt 0.50277 0.48577
vt 0.52048 0.47887
vt 0.51925 0.47929
vt 0.50785 0.47189
vt 0.50812 0.4732
vt 0.51549 0.47314
vt 0.51855 0.47552
vt 0.51757 0.4764
vt 0.51488 0.47432
vt 0.51178 0.47189
vt 0.5116 0.47321
vt 0.51622 0.48899
vt 0.51551 0.48788
vt 0.51205 0.48778
vt 0.51491 0.48682
vt 0.50368 0.48495
vt 0.50603 0.48678
vt 0.51714 0.48495
vt 0.50895 0.48778
vt 0.5032 0.47723
vt 0.50208 0.47975
vt 0.50543 0.47536
vt 0.51826 0.48242
vt 0.50224 0.48248
vt 0.5181 0.47969
vt 0.50829 0.47439
vt 0.51667 0.47722
vt 0.51431 0.4754
vt 0.51139 0.4744
vt 0.52952 0.46673
vt 0.52853 0.46421
vt 0.53084 0.46373
vt 0.53148 0.46535
vt 0.52955 0.45896
vt 0.53141 0.45703
vt 0.5327 0.45909
vt 0.5315 0.46034
vt 0.53134 0.46866
vt 0.53266 0.46659
vt 0.52853 0.46148
vt 0.53085 0.46196
vt 0.5364 0.456
vt 0.53879 0.45703
vt 0.53747 0.4591
vt 0.53592 0.45844
vt 0.54062 0.45896
vt 0.53865 0.46034
vt 0.53373 0.4697
vt 0.53421 0.46726
vt 0.53381 0.45599
vt 0.53425 0.45843
vt 0.53632 0.4697
vt 0.53588 0.46727
vt 0.5416 0.46148
vt 0.53929 0.46197
vt 0.54058 0.46673
vt 0.53872 0.46866
vt 0.53743 0.4666
vt 0.53863 0.46536
vt 0.5416 0.46421
vt 0.53928 0.46373
vt 0.5336 0.45478
vt 0.53664 0.45479
vt 0.53936 0.4697
vt 0.53653 0.47091
vt 0.54276 0.46122
vt 0.54276 0.46445
vt 0.54155 0.46744
vt 0.54159 0.45826
vt 0.5335 0.4709
vt 0.53077 0.456
vt 0.53069 0.46969
vt 0.52737 0.46124
vt 0.52858 0.45826
vt 0.53944 0.456
vt 0.52737 0.46447
vt 0.52854 0.46744
vt 0.53559 0.46016
vt 0.53727 0.46237
vt 0.53625 0.46493
vt 0.53371 0.46486
vt 0.5328 0.46231
vt 0.44162 0.46672
vt 0.43837 0.46544
vt 0.44035 0.46265
vt 0.43589 0.46307
vt 0.44515 0.46672
vt 0.43456 0.45998
vt 0.44843 0.46544
vt 0.44602 0.46205
vt 0.45094 0.46307
vt 0.45231 0.45998
vt 0.45234 0.45663
vt 0.44819 0.45718
vt 0.45101 0.45354
vt 0.44853 0.45118
vt 0.44528 0.4499
vt 0.44434 0.45368
vt 0.44175 0.4499
vt 0.43848 0.45118
vt 0.43596 0.45354
vt 0.43934 0.45583
vt 0.43459 0.45663
vt 0.41718 0.45118
vt 0.41325 0.45118
vt 0.41343 0.44986
vt 0.41691 0.44988
vt 0.40426 0.44031
vt 0.40584 0.43668
vt 0.40692 0.43739
vt 0.40556 0.44046
vt 0.40881 0.43409
vt 0.40952 0.4352
vt 0.40954 0.44993
vt 0.41015 0.44875
vt 0.42546 0.44366
vt 0.42388 0.44729
vt 0.4228 0.44658
vt 0.42416 0.44351
vt 0.40648 0.44755
vt 0.40455 0.44421
vt 0.40578 0.44378
vt 0.40746 0.44667
vt 0.42517 0.43976
vt 0.42394 0.44019
vt 0.41254 0.43279
vt 0.41281 0.43409
vt 0.42018 0.43404
vt 0.42323 0.43642
vt 0.42226 0.4373
vt 0.41957 0.43522
vt 0.41647 0.43279
vt 0.41629 0.43411
vt 0.42091 0.44988
vt 0.4202 0.44877
vt 0.41674 0.44868
vt 0.4196 0.44772
vt 0.40837 0.44585
vt 0.41072 0.44767
vt 0.42183 0.44584
vt 0.41364 0.44868
vt 0.40789 0.43813
vt 0.40677 0.44065
vt 0.41012 0.43625
vt 0.42295 0.44332
vt 0.40693 0.44338
vt 0.42279 0.44059
vt 0.41298 0.43529
vt 0.42135 0.43812
vt 0.419 0.4363
vt 0.41608 0.43529
vt 0.10558 0.94987
vt 0.1081 0.94888
vt 0.10858 0.95119
vt 0.10696 0.95183
vt 0.11335 0.9499
vt 0.11528 0.95175
vt 0.11322 0.95305
vt 0.11198 0.95185
vt 0.10365 0.95169
vt 0.10572 0.95301
vt 0.11083 0.94888
vt 0.11035 0.9512
vt 0.11631 0.95675
vt 0.11528 0.95914
vt 0.11321 0.95782
vt 0.11387 0.95627
vt 0.11335 0.96097
vt 0.11197 0.959
vt 0.10261 0.95408
vt 0.10505 0.95456
vt 0.11632 0.95416
vt 0.11388 0.9546
vt 0.10261 0.95667
vt 0.10504 0.95623
vt 0.11083 0.96195
vt 0.11034 0.95964
vt 0.10558 0.96093
vt 0.10365 0.95907
vt 0.10571 0.95778
vt 0.10695 0.95898
vt 0.1081 0.96195
vt 0.10858 0.95963
vt 0.11753 0.95395
vt 0.11752 0.95699
vt 0.10261 0.95971
vt 0.1014 0.95688
vt 0.11109 0.96311
vt 0.10786 0.96311
vt 0.10487 0.9619
vt 0.11405 0.96194
vt 0.10141 0.95384
vt 0.11631 0.95112
vt 0.10262 0.95104
vt 0.11107 0.94772
vt 0.11405 0.94893
vt 0.11631 0.95979
vt 0.10784 0.94772
vt 0.10487 0.94889
vt 0.11215 0.95594
vt 0.10994 0.95762
vt 0.10738 0.9566
vt 0.10745 0.95406
vt 0.11 0.95315
vt 0.03293 0.85831
vt 0.03618 0.85959
vt 0.0342 0.86237
vt 0.03866 0.86196
vt 0.0294 0.85831
vt 0.03999 0.86505
vt 0.02613 0.85959
vt 0.02854 0.86298
vt 0.02361 0.86196
vt 0.02224 0.86505
vt 0.02221 0.8684
vt 0.02637 0.86784
vt 0.02354 0.87149
vt 0.02602 0.87385
vt 0.02927 0.87513
vt 0.03021 0.87135
vt 0.03281 0.87513
vt 0.03608 0.87385
vt 0.03859 0.87149
vt 0.03521 0.8692
vt 0.03997 0.8684
vt 0.44895 0.97662
vt 0.44502 0.97662
vt 0.4452 0.9753
vt 0.44868 0.97531
vt 0.43603 0.96575
vt 0.43761 0.96212
vt 0.43869 0.96282
vt 0.43733 0.9659
vt 0.44058 0.95952
vt 0.44129 0.96063
vt 0.44131 0.97537
vt 0.44192 0.97418
vt 0.45723 0.9691
vt 0.45565 0.97272
vt 0.45457 0.97202
vt 0.45593 0.96895
vt 0.43825 0.97299
vt 0.43632 0.96964
vt 0.43755 0.96922
vt 0.43923 0.9721
vt 0.45694 0.9652
vt 0.45571 0.96562
vt 0.44431 0.95822
vt 0.44458 0.95953
vt 0.45195 0.95947
vt 0.455 0.96185
vt 0.45403 0.96274
vt 0.45134 0.96066
vt 0.44824 0.95822
vt 0.44806 0.95955
vt 0.45268 0.97532
vt 0.45197 0.97421
vt 0.44851 0.97412
vt 0.45137 0.97315
vt 0.44014 0.97129
vt 0.44249 0.97311
vt 0.4536 0.97128
vt 0.44541 0.97411
vt 0.43966 0.96356
vt 0.43854 0.96608
vt 0.44189 0.96169
vt 0.45472 0.96876
vt 0.4387 0.96882
vt 0.45456 0.96603
vt 0.44475 0.96073
vt 0.45312 0.96355
vt 0.45077 0.96173
vt 0.44785 0.96073
vt 0.02607 0.5596
vt 0.02509 0.55708
vt 0.0274 0.55659
vt 0.02804 0.55822
vt 0.02611 0.55183
vt 0.02796 0.5499
vt 0.02926 0.55196
vt 0.02806 0.5532
vt 0.0279 0.56153
vt 0.02922 0.55946
vt 0.02509 0.55435
vt 0.02741 0.55483
vt 0.03296 0.54887
vt 0.03535 0.5499
vt 0.03403 0.55197
vt 0.03248 0.5513
vt 0.03718 0.55183
vt 0.03521 0.55321
vt 0.03029 0.56256
vt 0.03076 0.56013
vt 0.03037 0.54886
vt 0.03081 0.5513
vt 0.03288 0.56257
vt 0.03244 0.56013
vt 0.03816 0.55435
vt 0.03585 0.55483
vt 0.03714 0.5596
vt 0.03528 0.56153
vt 0.03399 0.55946
vt 0.03519 0.55823
vt 0.03816 0.55708
vt 0.03584 0.5566
vt 0.03016 0.54765
vt 0.03319 0.54766
vt 0.03592 0.56257
vt 0.03309 0.56378
vt 0.03932 0.55409
vt 0.03932 0.55732
vt 0.03811 0.5603
vt 0.03815 0.55112
vt 0.03005 0.56377
vt 0.02733 0.54886
vt 0.02725 0.56256
vt 0.02393 0.55411
vt 0.02514 0.55112
vt 0.036 0.54887
vt 0.02393 0.55734
vt 0.0251 0.5603
vt 0.03215 0.55303
vt 0.03383 0.55524
vt 0.03281 0.55779
vt 0.03027 0.55772
vt 0.02936 0.55518
vt 0.02779 0.53631
vt 0.02532 0.53394
vt 0.02827 0.53208
vt 0.02399 0.53085
vt 0.03105 0.53759
vt 0.02401 0.52751
vt 0.03458 0.53759
vt 0.03373 0.53358
vt 0.03785 0.53631
vt 0.04037 0.53394
vt 0.04174 0.53085
vt 0.03769 0.52986
vt 0.04177 0.52751
vt 0.04044 0.52442
vt 0.03796 0.52205
vt 0.03557 0.52522
vt 0.03471 0.52077
vt 0.03118 0.52077
vt 0.0279 0.52205
vt 0.03009 0.52539
vt 0.02539 0.52441
vt 0.18663 0.37562
vt 0.1866 0.39022
vt 0.1805 0.39085
vt 0.18052 0.37561
vt 0.18507 0.42254
vt 0.186 0.40763
vt 0.35891 0.40958
vt 0.35867 0.4247
vt 0.42517 0.42213
vt 0.42444 0.40743
vt 0.42705 0.40729
vt 0.42774 0.41997
vt 0.17461 0.32526
vt 0.17897 0.32726
vt 0.1799 0.34288
vt 0.1756 0.34198
vt 0.42399 0.39
vt 0.42397 0.37561
vt 0.42659 0.3756
vt 0.42659 0.38997
vt 0.42533 0.32931
vt 0.4279 0.33145
vt 0.42721 0.34406
vt 0.42458 0.34401
vt 0.17456 0.4259
vt 0.17556 0.40917
vt 0.17987 0.40827
vt 0.17893 0.42389
vt 0.18511 0.3286
vt 0.18603 0.34348
vt 0.35873 0.32689
vt 0.35905 0.34181
vt 0.36273 0.3757
vt 0.36269 0.391
vt 0.35877 0.39127
vt 0.3588 0.37586
vt 0.36283 0.327
vt 0.363 0.34186
vt 0.36285 0.40952
vt 0.36274 0.4245
vt 0.17619 0.39173
vt 0.17626 0.3756
vt 0.4241 0.36129
vt 0.42671 0.36119
vt 0.36281 0.36046
vt 0.35889 0.36033
vt 0.18663 0.36101
vt 0.17623 0.35946
vt 0.18053 0.36035
vt 0.18009 0.40384
vt 0.18622 0.40324
vt 0.18027 0.39947
vt 0.18639 0.39888
vt 0.18041 0.39514
vt 0.18652 0.39454
vt 0.35888 0.39587
vt 0.35897 0.40043
vt 0.35891 0.40502
vt 0.42663 0.39421
vt 0.42402 0.39435
vt 0.42671 0.39852
vt 0.42411 0.39868
vt 0.42685 0.40288
vt 0.42424 0.40303
vt 0.1761 0.39603
vt 0.17596 0.40035
vt 0.17579 0.40473
vt 0.3747 0.36038
vt 0.37467 0.35579
vt 0.42417 0.357
vt 0.37461 0.35123
vt 0.42427 0.3527
vt 0.37471 0.34668
vt 0.4244 0.34837
vt 0.37482 0.34214
vt 0.18045 0.35605
vt 0.18657 0.35667
vt 0.18032 0.35171
vt 0.18644 0.35231
vt 0.18013 0.34732
vt 0.18626 0.34791
vt 0.17615 0.35516
vt 0.17601 0.35082
vt 0.17583 0.34643
vt 0.35899 0.35562
vt 0.3591 0.35101
vt 0.35905 0.3464
vt 0.37107 0.34654
vt 0.36925 0.34506
vt 0.37091 0.34205
vt 0.36454 0.34493
vt 0.36267 0.34634
vt 0.36146 0.34844
vt 0.36104 0.35107
vt 0.36145 0.3537
vt 0.36262 0.35588
vt 0.36444 0.35739
vt 0.36916 0.35746
vt 0.37103 0.35599
vt 0.37075 0.36051
vt 0.37224 0.35386
vt 0.37267 0.35125
vt 0.37225 0.34864
vt 0.37093 0.39533
vt 0.36905 0.3939
vt 0.37063 0.3908
vt 0.37459 0.39086
vt 0.36667 0.39341
vt 0.36665 0.39083
vt 0.36433 0.39404
vt 0.36251 0.39558
vt 0.36134 0.39775
vt 0.36091 0.40037
vt 0.36132 0.40298
vt 0.36253 0.40507
vt 0.36442 0.40646
vt 0.3668 0.40694
vt 0.36682 0.40947
vt 0.36912 0.4063
vt 0.37077 0.40931
vt 0.37095 0.40481
vt 0.3747 0.40922
vt 0.37213 0.4027
vt 0.37459 0.40467
vt 0.37257 0.40009
vt 0.37451 0.40011
vt 0.37215 0.39747
vt 0.37457 0.39552
vt 0.37452 0.37557
vt 0.3706 0.37566
vt 0.36667 0.37567
vt 0.36677 0.36056
vt 0.37513 0.4241
vt 0.37103 0.42424
vt 0.36689 0.42437
vt 0.3752 0.32722
vt 0.37112 0.32715
vt 0.36697 0.3419
vt 0.36697 0.32708
vt 0.36679 0.35798
vt 0.36692 0.34443
vt 0.37054 0.40437
vt 0.37164 0.40237
vt 0.36293 0.40463
vt 0.36468 0.40593
vt 0.36181 0.40266
vt 0.37202 0.40008
vt 0.36146 0.40037
vt 0.37166 0.39779
vt 0.36183 0.39808
vt 0.37054 0.39578
vt 0.36291 0.39603
vt 0.36879 0.39443
vt 0.37064 0.35554
vt 0.37176 0.35354
vt 0.36302 0.35543
vt 0.36472 0.35686
vt 0.36194 0.35338
vt 0.37212 0.35125
vt 0.36159 0.35108
vt 0.37176 0.34897
vt 0.36194 0.34878
vt 0.37066 0.34698
vt 0.36306 0.34679
vt 0.36896 0.34558
vt 0.36884 0.40578
vt 0.36678 0.40635
vt 0.36461 0.39457
vt 0.36668 0.39401
vt 0.3689 0.35693
vt 0.3668 0.35739
vt 0.36481 0.34546
vt 0.3669 0.34502
vt 0.42704 0.34839
vt 0.4269 0.35269
vt 0.4268 0.35696
vt 0.77038 0.61083
vt 0.76767 0.61091
vt 0.766 0.56124
vt 0.76872 0.56113
vt 0.75669 0.36634
vt 0.75398 0.36651
vt 0.75368 0.36172
vt 0.75639 0.36155
vt 0.75666 0.95343
vt 0.75639 0.95822
vt 0.75368 0.95807
vt 0.75395 0.95328
vt 0.77071 0.62701
vt 0.76799 0.62705
vt 0.76777 0.61428
vt 0.77046 0.61421
vt 0.75709 0.37259
vt 0.75438 0.37276
vt 0.7543 0.94703
vt 0.75701 0.94718
vt 0.76795 0.54518
vt 0.76524 0.54534
vt 0.76672 0.77451
vt 0.76401 0.77436
vt 0.76585 0.55726
vt 0.76856 0.55715
vt 0.76732 0.76255
vt 0.7646 0.76243
vt 0.76478 0.75845
vt 0.76749 0.75857
vt 0.76947 0.70888
vt 0.76676 0.70879
vt 0.76995 0.69272
vt 0.76958 0.7055
vt 0.76689 0.70542
vt 0.76724 0.69265
vt 0.7705 0.65987
vt 0.7703 0.67479
vt 0.76758 0.67475
vt 0.76779 0.65984
vt 0.76799 0.64492
vt 0.7707 0.64496
vt 0.77023 0.67927
vt 0.78464 0.67498
vt 0.78357 0.67945
vt 0.76735 0.68817
vt 0.77006 0.68823
vt 0.76744 0.6837
vt 0.77015 0.68375
vt 0.76751 0.67923
vt 0.77076 0.6315
vt 0.76804 0.63152
vt 0.77077 0.63599
vt 0.76806 0.63599
vt 0.77075 0.64048
vt 0.76804 0.64045
vt 0.76422 0.77038
vt 0.76693 0.77053
vt 0.76442 0.76641
vt 0.76713 0.76654
vt 0.76817 0.54917
vt 0.76546 0.54931
vt 0.76838 0.55316
vt 0.76567 0.55329
vt 0.7965 0.67962
vt 0.79757 0.67515
vt 0.80386 0.67524
vt 0.80217 0.67969
vt 0.78485 0.66006
vt 0.79776 0.66024
vt 0.80406 0.66032
vt 0.78505 0.64515
vt 0.79797 0.64532
vt 0.79702 0.64083
vt 0.80269 0.64091
vt 0.80426 0.64541
vt 0.78409 0.64066
vt 0.79474 0.64528
vt 0.79379 0.64079
vt 0.79151 0.64523
vt 0.79056 0.64074
vt 0.78828 0.64519
vt 0.78733 0.6407
vt 0.79327 0.67957
vt 0.79434 0.67511
vt 0.79004 0.67953
vt 0.79111 0.67507
vt 0.7868 0.67949
vt 0.78787 0.67502
vt 0.79442 0.65818
vt 0.79314 0.65669
vt 0.79136 0.65612
vt 0.78957 0.65664
vt 0.78825 0.65809
vt 0.79487 0.6602
vt 0.78774 0.6601
vt 0.79437 0.66221
vt 0.79304 0.66366
vt 0.79125 0.66418
vt 0.78948 0.66362
vt 0.78819 0.66212
vt 0.22848 0.22179
vt 0.23093 0.23631
vt 0.2283 0.23654
vt 0.22615 0.22409
vt 0.46531 0.27258
vt 0.46608 0.25815
vt 0.4724 0.25804
vt 0.47138 0.2724
vt 0.22303 0.29638
vt 0.22017 0.29393
vt 0.22516 0.28214
vt 0.22776 0.28328
vt 0.49253 0.31353
vt 0.48757 0.31419
vt 0.47985 0.30049
vt 0.48396 0.29904
vt 0.48071 0.31539
vt 0.47379 0.30249
vt 0.47311 0.22737
vt 0.46959 0.24207
vt 0.29502 0.22622
vt 0.29515 0.21094
vt 0.48419 0.22552
vt 0.48034 0.24199
vt 0.47588 0.2422
vt 0.47951 0.22681
vt 0.29175 0.26309
vt 0.29258 0.24654
vt 0.29632 0.24549
vt 0.29555 0.26236
vt 0.29073 0.27937
vt 0.29455 0.2796
vt 0.29009 0.3149
vt 0.29032 0.29981
vt 0.29427 0.29987
vt 0.2948 0.31548
vt 0.46603 0.28703
vt 0.47656 0.28568
vt 0.47219 0.28652
vt 0.47565 0.27217
vt 0.2911 0.22696
vt 0.29073 0.21161
vt 0.47696 0.25804
vt 0.23292 0.26987
vt 0.27921 0.28006
vt 0.2791 0.28491
vt 0.23238 0.27231
vt 0.27892 0.28966
vt 0.23091 0.27587
vt 0.27834 0.29436
vt 0.22941 0.27957
vt 0.27794 0.29898
vt 0.47337 0.29
vt 0.46715 0.29115
vt 0.47513 0.29346
vt 0.46894 0.29513
vt 0.47732 0.29691
vt 0.4712 0.29891
vt 0.47776 0.28884
vt 0.47943 0.29202
vt 0.48152 0.29538
vt 0.29435 0.28488
vt 0.29409 0.28993
vt 0.29419 0.29493
vt 0.29614 0.24058
vt 0.46675 0.25418
vt 0.29595 0.2358
vt 0.46763 0.2502
vt 0.29567 0.23082
vt 0.46858 0.24617
vt 0.4731 0.25433
vt 0.47769 0.25433
vt 0.47397 0.25048
vt 0.47852 0.25043
vt 0.47491 0.24645
vt 0.47941 0.2463
vt 0.23182 0.2491
vt 0.22894 0.2494
vt 0.22888 0.24513
vt 0.23159 0.245
vt 0.22866 0.24088
vt 0.23134 0.2407
vt 0.28543 0.23492
vt 0.28467 0.23661
vt 0.2829 0.23592
vt 0.28395 0.23373
vt 0.28737 0.23031
vt 0.28518 0.23143
vt 0.28337 0.22851
vt 0.28712 0.22776
vt 0.28991 0.23025
vt 0.28862 0.24464
vt 0.29085 0.24351
vt 0.28875 0.24734
vt 0.28603 0.24465
vt 0.28462 0.24799
vt 0.28441 0.28629
vt 0.2837 0.28796
vt 0.28187 0.28732
vt 0.28293 0.28509
vt 0.27966 0.22893
vt 0.27788 0.21376
vt 0.28206 0.21326
vt 0.28634 0.21247
vt 0.27558 0.31353
vt 0.28203 0.29948
vt 0.28024 0.31431
vt 0.28622 0.29988
vt 0.28517 0.31468
vt 0.28033 0.2641
vt 0.28409 0.26381
vt 0.28287 0.2797
vt 0.28792 0.26349
vt 0.28675 0.27935
vt 0.28049 0.24821
vt 0.28432 0.28276
vt 0.2826 0.28459
vt 0.28087 0.2897
vt 0.28105 0.2925
vt 0.29091 0.28433
vt 0.28915 0.28253
vt 0.28207 0.29488
vt 0.28385 0.29669
vt 0.28408 0.29347
vt 0.28517 0.29473
vt 0.28412 0.29622
vt 0.28244 0.29442
vt 0.28872 0.29326
vt 0.28943 0.29161
vt 0.29128 0.29223
vt 0.29024 0.29448
vt 0.28961 0.28772
vt 0.289 0.28595
vt 0.2906 0.28486
vt 0.29149 0.28727
vt 0.28777 0.29448
vt 0.28856 0.2962
vt 0.28974 0.28969
vt 0.29165 0.28977
vt 0.28335 0.28986
vt 0.28345 0.29178
vt 0.28155 0.29215
vt 0.28141 0.28972
vt 0.28142 0.28696
vt 0.28792 0.28465
vt 0.2889 0.28305
vt 0.29194 0.28689
vt 0.29059 0.295
vt 0.29175 0.29263
vt 0.29219 0.28978
vt 0.28647 0.23361
vt 0.2855 0.23195
vt 0.2888 0.29673
vt 0.28356 0.23326
vt 0.2936 0.23337
vt 0.29209 0.2313
vt 0.29252 0.24152
vt 0.29365 0.23902
vt 0.29411 0.23622
vt 0.28243 0.23558
vt 0.28197 0.23835
vt 0.28013 0.23843
vt 0.27996 0.23364
vt 0.28658 0.29516
vt 0.28638 0.29694
vt 0.28387 0.24342
vt 0.28549 0.24166
vt 0.28687 0.24233
vt 0.28624 0.2441
vt 0.28413 0.24291
vt 0.29064 0.23994
vt 0.29137 0.23817
vt 0.29318 0.23871
vt 0.29215 0.24103
vt 0.29143 0.23447
vt 0.29052 0.23311
vt 0.29183 0.2318
vt 0.29322 0.23382
vt 0.28962 0.24132
vt 0.29057 0.24296
vt 0.29167 0.23627
vt 0.29359 0.23629
vt 0.28437 0.23845
vt 0.28462 0.24023
vt 0.28282 0.24078
vt 0.28249 0.23832
vt 0.28243 0.24118
vt 0.28023 0.24336
vt 0.28914 0.23256
vt 0.28972 0.23079
vt 0.28651 0.28431
vt 0.28666 0.28248
vt 0.28531 0.28501
vt 0.28456 0.2833
vt 0.28668 0.28193
vt 0.28634 0.29746
vt 0.28773 0.23278
vt 0.28744 0.23088
vt 0.28833 0.24216
vt 0.28856 0.24405
vt 0.22855 0.24923
vt 0.2268 0.27835
vt 0.22835 0.2746
vt 0.2304 0.27068
vt 0.23039 0.25967
vt 0.48461 0.99
vt 0.46782 0.98999
vt 0.46782 0.98728
vt 0.48461 0.98728
vt 0.38147 0.99
vt 0.38147 0.98728
vt 0.39826 0.98728
vt 0.39826 0.98999
vt 0.44983 0.98999
vt 0.43304 0.98999
vt 0.43304 0.98727
vt 0.44983 0.98728
vt 0.41625 0.98999
vt 0.41625 0.98727
vt 0.45432 0.98728
vt 0.45432 0.98999
vt 0.45882 0.98728
vt 0.45882 0.98999
vt 0.46332 0.98728
vt 0.46332 0.98999
vt 0.41175 0.98999
vt 0.41175 0.98727
vt 0.40725 0.98999
vt 0.40725 0.98727
vt 0.40275 0.98999
vt 0.40275 0.98727
vt 0.01 0.83359
vt 0.01262 0.83359
vt 0.01261 0.84692
vt 0.01 0.84692
vt 0.01 0.87029
vt 0.01261 0.87029
vt 0.01261 0.88521
vt 0.01 0.88521
vt 0.01 0.90012
vt 0.01261 0.90012
vt 0.01261 0.90489
vt 0.01 0.90489
vt 0.01 0.86552
vt 0.01261 0.86552
vt 0.01262 0.93683
vt 0.01 0.93683
vt 0.01 0.92349
vt 0.01261 0.92349
vt 0.01261 0.91056
vt 0.01 0.91056
vt 0.01 0.85985
vt 0.01261 0.85985
vt 0.01261 0.91379
vt 0.01 0.91379
vt 0.01261 0.91703
vt 0.01 0.91703
vt 0.01261 0.92026
vt 0.01 0.92026
vt 0.01 0.85662
vt 0.01261 0.85662
vt 0.01 0.85339
vt 0.01261 0.85339
vt 0.01 0.85016
vt 0.01261 0.85016
vt 0.05643 0.92849
vt 0.05643 0.92401
vt 0.06977 0.92401
vt 0.07078 0.92849
vt 0.08269 0.9628
vt 0.0837 0.95832
vt 0.08999 0.95832
vt 0.08837 0.9628
vt 0.05643 0.9628
vt 0.05643 0.95832
vt 0.07078 0.95832
vt 0.06977 0.9628
vt 0.0837 0.94341
vt 0.08999 0.94341
vt 0.0837 0.92849
vt 0.08269 0.92401
vt 0.08837 0.92401
vt 0.08999 0.92849
vt 0.05643 0.94341
vt 0.07078 0.94341
vt 0.07946 0.9628
vt 0.08047 0.95832
vt 0.07623 0.9628
vt 0.07724 0.95832
vt 0.073 0.9628
vt 0.07401 0.95832
vt 0.08047 0.92849
vt 0.07946 0.92401
vt 0.07724 0.92849
vt 0.07623 0.92401
vt 0.07401 0.92849
vt 0.073 0.92401
vt 0.07902 0.94689
vt 0.08033 0.94542
vt 0.07724 0.94743
vt 0.07546 0.94689
vt 0.07415 0.94542
vt 0.0808 0.94341
vt 0.07368 0.94341
vt 0.08033 0.94139
vt 0.07902 0.93992
vt 0.07724 0.93938
vt 0.07546 0.93992
vt 0.07415 0.94139
vt 0.01275 0.97036
vt 0.01243 0.96872
vt 0.01492 0.96734
vt 0.01545 0.96989
vt 0.01281 0.97224
vt 0.0155 0.97235
vt 0.01264 0.97406
vt 0.01523 0.97474
vt 0.01248 0.97553
vt 0.01447 0.97706
vt 0.01331 0.97692
vt 0.01268 0.97884
vt 0.01307 0.97567
vt 0.01058 0.97706
vt 0.01275 0.97404
vt 0.01005 0.97451
vt 0.01269 0.97216
vt 0.01 0.97205
vt 0.01286 0.97034
vt 0.01027 0.96966
vt 0.01302 0.96887
vt 0.01103 0.96734
vt 0.01219 0.96748
vt 0.01282 0.96556
vt 0.83361 0.3805
vt 0.82064 0.38185
vt 0.82033 0.37581
vt 0.83424 0.3738
vt 0.78966 0.37844
vt 0.80451 0.38123
vt 0.79595 0.55682
vt 0.78083 0.55703
vt 0.79095 0.62318
vt 0.80524 0.62086
vt 0.80544 0.62347
vt 0.79315 0.62552
vt 0.88129 0.37279
vt 0.87936 0.3772
vt 0.86353 0.37942
vt 0.86469 0.37509
vt 0.91366 0.0133
vt 0.89896 0.01396
vt 0.89884 0.01134
vt 0.91152 0.01072
vt 0.86641 0.2515
vt 0.88104 0.2516
vt 0.88165 0.25771
vt 0.86641 0.25761
vt 0.82178 0.62057
vt 0.83468 0.62034
vt 0.83461 0.623
vt 0.82147 0.6232
vt 0.82092 0.01258
vt 0.82307 0.01
vt 0.83567 0.01081
vt 0.83559 0.01345
vt 0.87713 0.62323
vt 0.87498 0.62586
vt 0.86292 0.62338
vt 0.86318 0.62065
vt 0.81614 0.26376
vt 0.81809 0.25936
vt 0.8337 0.25834
vt 0.83284 0.26265
vt 0.7872 0.3675
vt 0.80369 0.37052
vt 0.80419 0.37493
vt 0.78872 0.37209
vt 0.87766 0.38309
vt 0.86254 0.38544
vt 0.81939 0.25319
vt 0.83426 0.25221
vt 0.91334 0.25325
vt 0.89844 0.25228
vt 0.90074 0.07946
vt 0.91586 0.07975
vt 0.91668 0.26376
vt 0.89996 0.26272
vt 0.89907 0.25841
vt 0.91469 0.25939
vt 0.88486 0.55346
vt 0.86924 0.55472
vt 0.8327 0.55876
vt 0.81613 0.55851
vt 0.81493 0.55467
vt 0.83173 0.55488
vt 0.88453 0.55759
vt 0.86949 0.55842
vt 0.86686 0.0755
vt 0.88216 0.07561
vt 0.88241 0.07952
vt 0.86699 0.07943
vt 0.85161 0.07535
vt 0.85146 0.07927
vt 0.81816 0.07519
vt 0.83302 0.07508
vt 0.83295 0.07903
vt 0.81803 0.07931
vt 0.79683 0.56072
vt 0.78158 0.56144
vt 0.85179 0.2515
vt 0.85285 0.01411
vt 0.85278 0.01149
vt 0.86718 0.0117
vt 0.86716 0.01432
vt 0.81966 0.37146
vt 0.83461 0.36925
vt 0.8503 0.2619
vt 0.85116 0.2576
vt 0.86641 0.26186
vt 0.90069 0.07553
vt 0.91567 0.07568
vt 0.84755 0.61936
vt 0.84788 0.62203
vt 0.84906 0.55924
vt 0.84896 0.55534
vt 0.84614 0.38316
vt 0.84938 0.37314
vt 0.84785 0.3773
vt 0.88252 0.26203
vt 0.88154 0.01434
vt 0.88152 0.01174
vt 0.85159 0.06347
vt 0.847 0.06347
vt 0.84857 0.01399
vt 0.84244 0.0635
vt 0.84427 0.01386
vt 0.83789 0.06338
vt 0.83994 0.01368
vt 0.83335 0.06325
vt 0.80849 0.37554
vt 0.80871 0.3818
vt 0.81259 0.37594
vt 0.81285 0.38213
vt 0.81655 0.37604
vt 0.81685 0.38216
vt 0.84687 0.2577
vt 0.84745 0.25159
vt 0.84252 0.25786
vt 0.84308 0.25174
vt 0.83814 0.25808
vt 0.83869 0.25195
vt 0.81009 0.5551
vt 0.80536 0.55549
vt 0.80046 0.55599
vt 0.81775 0.62305
vt 0.81772 0.62033
vt 0.8138 0.62301
vt 0.81369 0.62032
vt 0.8097 0.62316
vt 0.80954 0.62049
vt 0.8159 0.37164
vt 0.81203 0.37149
vt 0.80797 0.37111
vt 0.84601 0.26201
vt 0.84167 0.26217
vt 0.83728 0.26239
vt 0.84675 0.07915
vt 0.84215 0.07902
vt 0.83753 0.07905
vt 0.85093 0.57088
vt 0.8558 0.57057
vt 0.85137 0.61944
vt 0.86056 0.57027
vt 0.85522 0.61968
vt 0.86536 0.57033
vt 0.85915 0.62006
vt 0.87004 0.57025
vt 0.88702 0.07944
vt 0.88536 0.2517
vt 0.89158 0.07937
vt 0.88969 0.25186
vt 0.89617 0.07945
vt 0.89405 0.25205
vt 0.88594 0.25782
vt 0.88681 0.26214
vt 0.89027 0.25798
vt 0.89114 0.26229
vt 0.89464 0.25818
vt 0.89552 0.26248
vt 0.85144 0.37826
vt 0.84976 0.38424
vt 0.85523 0.37899
vt 0.85374 0.385
vt 0.85924 0.37941
vt 0.85803 0.38543
vt 0.88576 0.01171
vt 0.88589 0.01432
vt 0.89006 0.01164
vt 0.89021 0.01425
vt 0.89442 0.01152
vt 0.89457 0.01413
vt 0.85305 0.37405
vt 0.85676 0.37472
vt 0.86059 0.37508
vt 0.85423 0.55534
vt 0.85929 0.55535
vt 0.86429 0.55502
vt 0.8654 0.56672
vt 0.867 0.56483
vt 0.86997 0.56631
vt 0.8649 0.5664
vt 0.86272 0.56748
vt 0.86214 0.56562
vt 0.86377 0.56487
vt 0.89813 0.07158
vt 0.8975 0.06925
vt 0.90051 0.06762
vt 0.90066 0.07156
vt 0.89764 0.07395
vt 0.86652 0.56004
vt 0.86464 0.55846
vt 0.86217 0.55748
vt 0.8593 0.55721
vt 0.85643 0.55762
vt 0.85397 0.55879
vt 0.85235 0.56068
vt 0.88459 0.07164
vt 0.88521 0.07398
vt 0.882 0.07166
vt 0.88508 0.06927
vt 0.882 0.06767
vt 0.85307 0.56547
vt 0.85505 0.56707
vt 0.85013 0.56713
vt 0.85755 0.56805
vt 0.86035 0.56835
vt 0.86313 0.56792
vt 0.81342 0.56745
vt 0.81452 0.56522
vt 0.81797 0.56651
vt 0.81842 0.5706
vt 0.81289 0.56722
vt 0.81082 0.56866
vt 0.81017 0.56691
vt 0.81154 0.56596
vt 0.81437 0.56262
vt 0.81708 0.56238
vt 0.81319 0.56041
vt 0.81118 0.55876
vt 0.80865 0.55769
vt 0.80585 0.55733
vt 0.80305 0.55797
vt 0.80109 0.55959
vt 0.80015 0.56183
vt 0.80029 0.56437
vt 0.79775 0.56469
vt 0.80144 0.56654
vt 0.79855 0.56842
vt 0.80327 0.56814
vt 0.79896 0.57213
vt 0.80562 0.56923
vt 0.80369 0.57174
vt 0.80841 0.56961
vt 0.80852 0.57145
vt 0.81124 0.56902
vt 0.81348 0.57109
vt 0.83468 0.57042
vt 0.83401 0.56657
vt 0.83338 0.56267
vt 0.84941 0.56327
vt 0.90045 0.06368
vt 0.91532 0.06332
vt 0.91545 0.06741
vt 0.91556 0.07155
vt 0.78391 0.57405
vt 0.78341 0.56995
vt 0.78255 0.56576
vt 0.81843 0.06277
vt 0.83325 0.06716
vt 0.81834 0.06687
vt 0.83307 0.07111
vt 0.81825 0.07103
vt 0.86678 0.06373
vt 0.86685 0.06764
vt 0.8517 0.06742
vt 0.86684 0.07157
vt 0.85173 0.0714
vt 0.88208 0.06372
vt 0.88471 0.57101
vt 0.88491 0.56657
vt 0.86992 0.56228
vt 0.88473 0.56202
vt 0.84864 0.06899
vt 0.84718 0.06711
vt 0.84245 0.06544
vt 0.83984 0.06585
vt 0.84703 0.07553
vt 0.84855 0.07371
vt 0.83773 0.06702
vt 0.83624 0.06884
vt 0.80374 0.56775
vt 0.80194 0.56621
vt 0.80357 0.56519
vt 0.80489 0.56624
vt 0.80159 0.55983
vt 0.80351 0.55834
vt 0.80425 0.56008
vt 0.80297 0.56107
vt 0.80838 0.55817
vt 0.81071 0.55914
vt 0.80968 0.56071
vt 0.80791 0.56
vt 0.80069 0.562
vt 0.80249 0.56248
vt 0.80595 0.55784
vt 0.80602 0.55975
vt 0.80837 0.5691
vt 0.80595 0.56875
vt 0.80657 0.56697
vt 0.80842 0.56723
vt 0.84506 0.06589
vt 0.81265 0.56071
vt 0.81106 0.56175
vt 0.84485 0.07668
vt 0.83749 0.07543
vt 0.83959 0.07665
vt 0.84222 0.07709
vt 0.8665 0.56461
vt 0.8649 0.56371
vt 0.83609 0.07354
vt 0.89602 0.06742
vt 0.89415 0.07702
vt 0.89624 0.07582
vt 0.88675 0.0758
vt 0.88891 0.07698
vt 0.89152 0.07742
vt 0.89391 0.06623
vt 0.8913 0.06578
vt 0.89133 0.06385
vt 0.89589 0.06378
vt 0.80086 0.56427
vt 0.80274 0.56391
vt 0.88653 0.06739
vt 0.85553 0.5667
vt 0.85359 0.56521
vt 0.8552 0.56429
vt 0.85656 0.56512
vt 0.85452 0.55908
vt 0.85685 0.55805
vt 0.85746 0.55989
vt 0.85575 0.56058
vt 0.8618 0.55796
vt 0.86414 0.55882
vt 0.86307 0.56041
vt 0.86136 0.55984
vt 0.85289 0.5609
vt 0.85456 0.56173
vt 0.85934 0.55774
vt 0.85941 0.55965
vt 0.8603 0.56782
vt 0.85787 0.56757
vt 0.8583 0.5657
vt 0.86024 0.56589
vt 0.88867 0.0662
vt 0.88673 0.06377
vt 0.86601 0.56031
vt 0.86438 0.56122
vt 0.81379 0.56271
vt 0.81191 0.56307
vt 0.81395 0.56504
vt 0.81213 0.56454
vt 0.84915 0.07136
vt 0.8356 0.07116
vt 0.86697 0.56235
vt 0.86518 0.56231
vt 0.85256 0.56318
vt 0.85439 0.56315
vt 0.85201 0.56321
vt 0.8675 0.56234
vt 0.84673 0.0675
vt 0.84473 0.06637
vt 0.84245 0.06599
vt 0.84016 0.06634
vt 0.83816 0.06743
vt 0.84658 0.07513
vt 0.84802 0.07343
vt 0.84453 0.07619
vt 0.84222 0.07654
vt 0.83993 0.07617
vt 0.83794 0.07504
vt 0.83676 0.06913
vt 0.89558 0.06783
vt 0.89358 0.06672
vt 0.8958 0.07542
vt 0.89711 0.07368
vt 0.89382 0.07653
vt 0.89129 0.06634
vt 0.89153 0.07687
vt 0.889 0.06668
vt 0.88924 0.0765
vt 0.88698 0.06779
vt 0.8872 0.0754
vt 0.88562 0.06953
vt 0.8481 0.06925
vt 0.84856 0.07135
vt 0.83661 0.07328
vt 0.83619 0.07118
vt 0.89698 0.06953
vt 0.89754 0.07159
vt 0.88574 0.07371
vt 0.88518 0.07163
vt 0.85896 0.62284
vt 0.85514 0.62245
vt 0.85144 0.62217
vt 0.84 0.01104
vt 0.8443 0.01121
vt 0.84856 0.01136
vt 0.01037 0.36499
vt 0.01308 0.36497
vt 0.01345 0.41468
vt 0.01073 0.4147
vt 0.013 0.60982
vt 0.01572 0.60979
vt 0.01577 0.61459
vt 0.01306 0.61462
vt 0.01299 0.02213
vt 0.01306 0.01733
vt 0.01577 0.01737
vt 0.0157 0.02217
vt 0.01026 0.34883
vt 0.01298 0.34881
vt 0.01305 0.36159
vt 0.01035 0.36161
vt 0.01293 0.60356
vt 0.01564 0.60353
vt 0.01561 0.02843
vt 0.01289 0.02839
vt 0.01088 0.43064
vt 0.0136 0.43061
vt 0.01037 0.20131
vt 0.01308 0.20135
vt 0.01348 0.41866
vt 0.01076 0.41869
vt 0.01024 0.21328
vt 0.01296 0.2133
vt 0.01293 0.21728
vt 0.01022 0.21726
vt 0.01001 0.26698
vt 0.01273 0.26699
vt 0.01 0.28315
vt 0.01001 0.27036
vt 0.01271 0.27037
vt 0.01271 0.28315
vt 0.01009 0.31599
vt 0.01003 0.30107
vt 0.01275 0.30106
vt 0.01281 0.31598
vt 0.01288 0.33089
vt 0.01016 0.33091
vt 0.01271 0.28763
vt 0.01 0.28763
vt 0.01272 0.29211
vt 0.01001 0.29211
vt 0.01273 0.29658
vt 0.01002 0.29659
vt 0.01024 0.34434
vt 0.01295 0.34433
vt 0.01021 0.33987
vt 0.01293 0.33985
vt 0.01019 0.33539
vt 0.0129 0.33537
vt 0.01303 0.20533
vt 0.01032 0.2053
vt 0.01299 0.20932
vt 0.01028 0.20929
vt 0.01084 0.42666
vt 0.01355 0.42663
vt 0.0108 0.42267
vt 0.01351 0.42265
vt 0.15957 0.97533
vt 0.14278 0.97533
vt 0.14278 0.97262
vt 0.15957 0.97262
vt 0.05643 0.97533
vt 0.05643 0.97262
vt 0.07322 0.97262
vt 0.07322 0.97533
vt 0.12479 0.97533
vt 0.108 0.97533
vt 0.108 0.97262
vt 0.12479 0.97262
vt 0.09121 0.97533
vt 0.09121 0.97262
vt 0.12929 0.97262
vt 0.12929 0.97533
vt 0.13378 0.97262
vt 0.13378 0.97533
vt 0.13828 0.97262
vt 0.13828 0.97533
vt 0.08671 0.97533
vt 0.08671 0.97262
vt 0.08221 0.97533
vt 0.08221 0.97262
vt 0.07772 0.97533
vt 0.07772 0.97262
vt 0.92645 0.73782
vt 0.92645 0.86047
vt 0.92215 0.86047
vt 0.92215 0.73782
vt 0.91384 0.73782
vt 0.91384 0.86047
vt 0.90973 0.86047
vt 0.90973 0.73782
vt 0.90552 0.86047
vt 0.90552 0.73782
vt 0.90122 0.86047
vt 0.90122 0.73782
vt 0.89691 0.86047
vt 0.89691 0.73782
vt 0.89271 0.86047
vt 0.89271 0.73782
vt 0.8886 0.86047
vt 0.8886 0.73782
vt 0.88449 0.86047
vt 0.88449 0.73782
vt 0.88029 0.86047
vt 0.88029 0.73782
vt 0.91794 0.86047
vt 0.91794 0.73782
vt 0.87598 0.86047
vt 0.87598 0.73782
vt 0.05372 0.52532
vt 0.05154 0.52143
vt 0.05262 0.52115
vt 0.05448 0.52451
vt 0.05745 0.52754
vt 0.05771 0.52644
vt 0.06168 0.52762
vt 0.06139 0.52652
vt 0.06533 0.52547
vt 0.06455 0.52465
vt 0.06742 0.52166
vt 0.06636 0.52134
vt 0.0674 0.51719
vt 0.06634 0.51748
vt 0.06519 0.5133
vt 0.06444 0.51412
vt 0.06147 0.51104
vt 0.06121 0.51214
vt 0.05724 0.51099
vt 0.05753 0.51209
vt 0.05359 0.51314
vt 0.05437 0.51395
vt 0.05154 0.51697
vt 0.05261 0.5173
vt 0.06037 0.51765
vt 0.55987 0.33748
vt 0.55987 0.34178
vt 0.43722 0.34178
vt 0.43722 0.33748
vt 0.55987 0.35009
vt 0.55987 0.3542
vt 0.43722 0.3542
vt 0.43722 0.35009
vt 0.55987 0.35841
vt 0.43722 0.35841
vt 0.55987 0.36271
vt 0.43722 0.36271
vt 0.55987 0.36702
vt 0.43722 0.36702
vt 0.55987 0.37122
vt 0.43722 0.37122
vt 0.55987 0.37533
vt 0.43722 0.37533
vt 0.55987 0.37944
vt 0.43722 0.37944
vt 0.55987 0.38364
vt 0.43722 0.38364
vt 0.55987 0.34599
vt 0.43722 0.34599
vt 0.55987 0.38795
vt 0.43722 0.38795
vt 0.51627 0.53455
vt 0.51708 0.53379
vt 0.52047 0.53563
vt 0.52019 0.53671
vt 0.51403 0.53083
vt 0.51513 0.53057
vt 0.51398 0.5266
vt 0.51508 0.52688
vt 0.51605 0.52291
vt 0.51687 0.52367
vt 0.51983 0.52077
vt 0.52015 0.52183
vt 0.52429 0.52077
vt 0.52401 0.52184
vt 0.52818 0.52296
vt 0.52737 0.52372
vt 0.53046 0.52666
vt 0.52936 0.52694
vt 0.53054 0.53089
vt 0.52944 0.53061
vt 0.52844 0.53457
vt 0.52761 0.5338
vt 0.52466 0.53671
vt 0.52433 0.53565
vt 0.52314 0.52714
vt 0.78391 0.07598
vt 0.78822 0.07598
vt 0.78822 0.19863
vt 0.78391 0.19863
vt 0.79653 0.07598
vt 0.80064 0.07598
vt 0.80064 0.19863
vt 0.79653 0.19863
vt 0.80484 0.07598
vt 0.80484 0.19863
vt 0.80915 0.07598
vt 0.80915 0.19863
vt 0.75868 0.07598
vt 0.76298 0.07598
vt 0.76298 0.19863
vt 0.75868 0.19863
vt 0.76719 0.07598
vt 0.76719 0.19863
vt 0.77129 0.07598
vt 0.77129 0.19863
vt 0.7754 0.07598
vt 0.7754 0.19863
vt 0.77961 0.07598
vt 0.77961 0.19863
vt 0.79242 0.07598
vt 0.79242 0.19863
vt 0.53391 0.54555
vt 0.53467 0.54636
vt 0.53278 0.54971
vt 0.53171 0.54943
vt 0.53766 0.54335
vt 0.53791 0.54446
vt 0.54189 0.54335
vt 0.54159 0.54445
vt 0.54555 0.54546
vt 0.54478 0.54628
vt 0.54765 0.54927
vt 0.54658 0.54959
vt 0.54762 0.55373
vt 0.54655 0.55345
vt 0.54541 0.55761
vt 0.54465 0.5568
vt 0.54169 0.55986
vt 0.54143 0.55876
vt 0.53746 0.55987
vt 0.53776 0.55877
vt 0.53381 0.5577
vt 0.5346 0.55688
vt 0.53171 0.5539
vt 0.53277 0.55357
vt 0.54125 0.55254
vt 0.5356 0.55284
vt 0.81602 0.33339
vt 0.93867 0.33339
vt 0.93867 0.33769
vt 0.81602 0.33769
vt 0.81602 0.346
vt 0.93867 0.346
vt 0.93867 0.35011
vt 0.81602 0.35011
vt 0.93867 0.35432
vt 0.81602 0.35432
vt 0.93867 0.35862
vt 0.81602 0.35862
vt 0.81602 0.30815
vt 0.93867 0.30815
vt 0.93867 0.31245
vt 0.81602 0.31245
vt 0.93867 0.31666
vt 0.81602 0.31666
vt 0.93867 0.32077
vt 0.81602 0.32077
vt 0.93867 0.32487
vt 0.81602 0.32487
vt 0.93867 0.32908
vt 0.81602 0.32908
vt 0.93867 0.3419
vt 0.81602 0.3419
vt 0.482 0.45207
vt 0.48589 0.4499
vt 0.48617 0.45097
vt 0.48281 0.45283
vt 0.47978 0.4558
vt 0.48088 0.45607
vt 0.4797 0.46003
vt 0.4808 0.45974
vt 0.48185 0.46368
vt 0.48267 0.4629
vt 0.48566 0.46578
vt 0.48599 0.46471
vt 0.49013 0.46576
vt 0.48984 0.46469
vt 0.49402 0.46355
vt 0.49321 0.46279
vt 0.49628 0.45983
vt 0.49518 0.45956
vt 0.49633 0.45559
vt 0.49523 0.45588
vt 0.49418 0.45194
vt 0.49337 0.45273
vt 0.49035 0.4499
vt 0.49002 0.45097
vt 0.48968 0.45872
vt 0.55493 0.51923
vt 0.55874 0.51738
vt 0.55986 0.52098
vt 0.55578 0.52161
vt 0.55476 0.52645
vt 0.55845 0.52841
vt 0.55571 0.53135
vt 0.55326 0.52819
vt 0.55189 0.53299
vt 0.55122 0.52892
vt 0.54774 0.53269
vt 0.54906 0.52886
vt 0.54421 0.5308
vt 0.54707 0.5278
vt 0.54176 0.52777
vt 0.54555 0.52594
vt 0.54067 0.52416
vt 0.54475 0.52352
vt 0.54067 0.52039
vt 0.5449 0.52097
vt 0.54209 0.51674
vt 0.54576 0.51869
vt 0.54484 0.51383
vt 0.54734 0.51705
vt 0.54865 0.51218
vt 0.54932 0.51619
vt 0.55276 0.5125
vt 0.55144 0.51633
vt 0.55627 0.51438
vt 0.55338 0.5174
vt 0.55566 0.52417
vt 0.55987 0.52477
vt 0.55498 0.52396
vt 0.55513 0.52171
vt 0.55415 0.52601
vt 0.5529 0.52764
vt 0.5511 0.52819
vt 0.54922 0.52818
vt 0.54751 0.52724
vt 0.54614 0.52557
vt 0.54542 0.52343
vt 0.5456 0.52115
vt 0.54631 0.51909
vt 0.54776 0.51768
vt 0.54945 0.51687
vt 0.55121 0.51703
vt 0.55294 0.51797
vt 0.55433 0.5196
vt 0.55128 0.52166
vt 0.54916 0.52465
vt 0.50608 0.43585
vt 0.50626 0.43767
vt 0.50576 0.4378
vt 0.50554 0.43578
vt 0.51319 0.43274
vt 0.51137 0.43207
vt 0.51145 0.43158
vt 0.51348 0.43225
vt 0.51576 0.43749
vt 0.51558 0.43567
vt 0.51608 0.43554
vt 0.5163 0.43756
vt 0.51524 0.43917
vt 0.51568 0.43942
vt 0.51405 0.44046
vt 0.51438 0.44089
vt 0.51238 0.44121
vt 0.51252 0.44171
vt 0.51047 0.44127
vt 0.51039 0.44177
vt 0.50865 0.4406
vt 0.50836 0.4411
vt 0.50716 0.43936
vt 0.50677 0.43967
vt 0.50792 0.43877
vt 0.50724 0.4375
vt 0.50801 0.43765
vt 0.50867 0.43863
vt 0.5066 0.43417
vt 0.50617 0.43392
vt 0.5078 0.43288
vt 0.50747 0.43245
vt 0.50947 0.43213
vt 0.50933 0.43164
vt 0.51399 0.43136
vt 0.51429 0.43084
vt 0.51663 0.4329
vt 0.51603 0.43318
vt 0.51468 0.43399
vt 0.51507 0.43367
vt 0.51727 0.43549
vt 0.51799 0.43545
vt 0.5183 0.43813
vt 0.51754 0.43792
vt 0.5146 0.43584
vt 0.51475 0.43726
vt 0.51406 0.43686
vt 0.51383 0.43569
vt 0.5071 0.43608
vt 0.50778 0.43649
vt 0.51433 0.43864
vt 0.51359 0.43822
vt 0.50751 0.4347
vt 0.50825 0.43513
vt 0.51334 0.43969
vt 0.51265 0.4393
vt 0.5085 0.43365
vt 0.50919 0.43404
vt 0.51204 0.44027
vt 0.51152 0.43968
vt 0.5098 0.43307
vt 0.51032 0.43366
vt 0.5106 0.44032
vt 0.51034 0.4396
vt 0.51124 0.43302
vt 0.5115 0.43374
vt 0.50914 0.43975
vt 0.50943 0.43925
vt 0.5127 0.43359
vt 0.51393 0.43458
vt 0.51317 0.43471
vt 0.51241 0.43409
vt 0.50845 0.42994
vt 0.51135 0.42984
vt 0.5114 0.4305
vt 0.50878 0.43058
vt 0.50654 0.43156
vt 0.50598 0.431
vt 0.50498 0.43324
vt 0.50425 0.43281
vt 0.50431 0.43542
vt 0.50354 0.43522
vt 0.50458 0.43785
vt 0.50385 0.43789
vt 0.50581 0.44016
vt 0.50522 0.44045
vt 0.50785 0.44198
vt 0.50755 0.4425
vt 0.51044 0.44285
vt 0.5105 0.4435
vt 0.51307 0.44276
vt 0.51339 0.44341
vt 0.51531 0.44178
vt 0.51586 0.44234
vt 0.51686 0.44011
vt 0.51759 0.44053
vt 0.51617 0.42759
vt 0.51979 0.43057
vt 0.50019 0.43047
vt 0.50323 0.42752
vt 0.51861 0.44582
vt 0.51457 0.4474
vt 0.50727 0.42594
vt 0.51006 0.4474
vt 0.51179 0.42594
vt 0.50567 0.44575
vt 0.52204 0.43448
vt 0.50205 0.44277
vt 0.4998 0.43886
vt 0.52269 0.43877
vt 0.49915 0.43457
vt 0.52165 0.44288
vt 0.51292 0.43322
vt 0.51433 0.43434
vt 0.51511 0.43583
vt 0.51525 0.43743
vt 0.51482 0.43893
vt 0.51374 0.44004
vt 0.51228 0.44072
vt 0.5106 0.44079
vt 0.50893 0.44012
vt 0.50751 0.43901
vt 0.50673 0.43751
vt 0.50659 0.43591
vt 0.50702 0.43442
vt 0.50811 0.4333
vt 0.50956 0.43262
vt 0.51124 0.43255
vt 0.51375 0.43178
vt 0.51555 0.4334
vt 0.51666 0.43549
vt 0.51691 0.43773
vt 0.51624 0.43975
vt 0.51482 0.44133
vt 0.51276 0.44224
vt 0.51039 0.44231
vt 0.50809 0.44156
vt 0.5063 0.43994
vt 0.50518 0.43785
vt 0.50494 0.43562
vt 0.5056 0.43359
vt 0.50702 0.43201
vt 0.50908 0.4311
vt 0.51145 0.43103
vt 0.5164 0.42719
vt 0.52018 0.43028
vt 0.52254 0.43438
vt 0.52321 0.43887
vt 0.52214 0.44316
vt 0.51896 0.44623
vt 0.51473 0.44789
vt 0.51 0.44789
vt 0.50544 0.44615
vt 0.50166 0.44306
vt 0.4993 0.43896
vt 0.49863 0.43447
vt 0.49971 0.43019
vt 0.50289 0.42711
vt 0.50711 0.42546
vt 0.51184 0.42546
vt 0.59304 0.4166
vt 0.59073 0.42049
vt 0.58484 0.41537
vt 0.58527 0.41442
vt 0.57178 0.41093
vt 0.57449 0.40639
vt 0.57562 0.40738
vt 0.57318 0.41148
vt 0.59612 0.41237
vt 0.59515 0.41744
vt 0.59375 0.41689
vt 0.59468 0.41233
vt 0.59537 0.40742
vt 0.59402 0.40791
vt 0.57081 0.416
vt 0.57226 0.41604
vt 0.57156 0.42095
vt 0.57291 0.42046
vt 0.59305 0.40315
vt 0.59215 0.40418
vt 0.57389 0.42522
vt 0.57478 0.42419
vt 0.5885 0.40145
vt 0.58819 0.40285
vt 0.57843 0.42692
vt 0.57874 0.42552
vt 0.58349 0.4014
vt 0.58373 0.40283
vt 0.58345 0.42697
vt 0.5832 0.42554
vt 0.57861 0.40307
vt 0.57935 0.40438
vt 0.58833 0.42529
vt 0.58759 0.42399
vt 0.59245 0.42198
vt 0.59131 0.42099
vt 0.5916 0.40482
vt 0.59338 0.4083
vt 0.5858 0.41261
vt 0.58547 0.41187
vt 0.57534 0.42355
vt 0.57355 0.42006
vt 0.58113 0.41576
vt 0.58146 0.41649
vt 0.5879 0.40354
vt 0.5847 0.41165
vt 0.57903 0.42483
vt 0.58223 0.41672
vt 0.58382 0.40357
vt 0.58385 0.41196
vt 0.58312 0.4248
vt 0.58309 0.41641
vt 0.57973 0.40504
vt 0.58298 0.41243
vt 0.58721 0.42333
vt 0.58395 0.41594
vt 0.5762 0.40787
vt 0.5821 0.41299
vt 0.57389 0.41177
vt 0.58166 0.41395
vt 0.59393 0.41235
vt 0.58561 0.4135
vt 0.57301 0.41602
vt 0.58132 0.41487
vt 0.59549 0.41769
vt 0.59276 0.42226
vt 0.59653 0.41252
vt 0.59581 0.40743
vt 0.5933 0.40286
vt 0.58842 0.40102
vt 0.58328 0.40102
vt 0.57831 0.40277
vt 0.57417 0.40611
vt 0.57144 0.41068
vt 0.57041 0.41585
vt 0.57113 0.42094
vt 0.57363 0.42551
vt 0.57851 0.42735
vt 0.58365 0.42735
vt 0.58863 0.4256
vt 0.59105 0.42077
vt 0.59344 0.41675
vt 0.59435 0.41233
vt 0.59378 0.40811
vt 0.59193 0.40444
vt 0.58804 0.40313
vt 0.58377 0.40315
vt 0.57953 0.40467
vt 0.57588 0.4076
vt 0.57349 0.41162
vt 0.57258 0.41604
vt 0.57316 0.42026
vt 0.575 0.42393
vt 0.5789 0.42524
vt 0.58316 0.42522
vt 0.58741 0.4237
vt 0.03883 0.50549
vt 0.03868 0.5042
vt 0.02519 0.50309
vt 0.02541 0.50431
vt 0.04137 0.50649
vt 0.04079 0.50755
vt 0.02636 0.50844
vt 0.02594 0.50724
vt 0.04078 0.50879
vt 0.02643 0.50977
vt 0.03902 0.50682
vt 0.02569 0.50568
vt 0.04017 0.5058
vt 0.02466 0.50649
vt 0.03965 0.50794
vt 0.02633 0.50696
vt 0.03942 0.50498
vt 0.02483 0.50545
vt 0.04026 0.50896
vt 0.02681 0.50822
vt 0.03927 0.50387
vt 0.02491 0.50447
vt 0.04049 0.51005
vt 0.02693 0.50944
vt 0.03906 0.50288
vt 0.02476 0.50345
vt 0.04084 0.51083
vt 0.02707 0.51059
vt 0.03862 0.50314
vt 0.02472 0.50259
vt 0.04095 0.50999
vt 0.02654 0.51099
vt 0.13334 0.96183
vt 0.13238 0.96266
vt 0.13257 0.96129
vt 0.13388 0.96074
vt 0.13114 0.96311
vt 0.13089 0.96168
vt 0.12982 0.96311
vt 0.12917 0.96189
vt 0.12864 0.96266
vt 0.12775 0.96183
vt 0.13245 0.95983
vt 0.13393 0.95957
vt 0.13062 0.96015
vt 0.12878 0.96048
vt 0.1273 0.96074
vt 0.13207 0.95841
vt 0.13348 0.95848
vt 0.13035 0.95862
vt 0.12866 0.95901
vt 0.12735 0.95956
vt 0.13141 0.95719
vt 0.1326 0.95764
vt 0.13009 0.95719
vt 0.12886 0.95765
vt 0.12789 0.95848
vt 0.01287 0.82265
vt 0.01338 0.82281
vt 0.0136 0.80987
vt 0.01329 0.8101
vt 0.01194 0.82422
vt 0.01151 0.82386
vt 0.01114 0.81004
vt 0.01162 0.80975
vt 0.01098 0.82376
vt 0.01058 0.81013
vt 0.01211 0.82271
vt 0.01273 0.81035
vt 0.01224 0.82368
vt 0.01194 0.80915
vt 0.01143 0.82304
vt 0.01198 0.81054
vt 0.01263 0.82341
vt 0.01231 0.8095
vt 0.01085 0.82328
vt 0.01121 0.81057
vt 0.01306 0.82329
vt 0.01274 0.80963
vt 0.01033 0.82344
vt 0.01053 0.81057
vt 0.01343 0.82319
vt 0.01318 0.80965
vt 0.01008 0.82366
vt 0.01 0.81047
vt 0.01359 0.82301
vt 0.01354 0.8097
vt 0.01044 0.82377
vt 0.01007 0.8102
vt 0.05774 0.89468
vt 0.05827 0.89489
vt 0.05867 0.89527
vt 0.05887 0.89577
vt 0.0573 0.89564
vt 0.05717 0.89468
vt 0.05663 0.89489
vt 0.05622 0.89527
vt 0.05599 0.89577
vt 0.05886 0.89631
vt 0.05863 0.89681
vt 0.05777 0.89653
vt 0.05821 0.89719
vt 0.05767 0.8974
vt 0.0571 0.8974
vt 0.05618 0.89681
vt 0.05597 0.89631
vt 0.05657 0.89719
vt 0.0117 0.95637
vt 0.01114 0.95638
vt 0.01061 0.95617
vt 0.01021 0.95575
vt 0.0117 0.95521
vt 0.01222 0.95612
vt 0.01262 0.95569
vt 0.01284 0.95512
vt 0.01284 0.95452
vt 0.01 0.9552
vt 0.01 0.9546
vt 0.01089 0.95451
vt 0.01021 0.95403
vt 0.01061 0.9536
vt 0.01114 0.95335
vt 0.01222 0.95355
vt 0.01262 0.95397
vt 0.0117 0.95334
vt 0.47697 0.93699
vt 0.47533 0.93695
vt 0.47467 0.93436
vt 0.47763 0.93444
vt 0.47922 0.94113
vt 0.47921 0.93941
vt 0.48167 0.93878
vt 0.48167 0.94188
vt 0.47839 0.93789
vt 0.48019 0.93606
vt 0.47533 0.94337
vt 0.47697 0.94342
vt 0.47763 0.94601
vt 0.47467 0.94593
vt 0.47839 0.9426
vt 0.48019 0.94453
vt 0.47391 0.94247
vt 0.47211 0.94431
vt 0.47391 0.93777
vt 0.47211 0.93584
vt 0.47309 0.93924
vt 0.47064 0.93848
vt 0.47309 0.94096
vt 0.47064 0.94158
vt 0.55645 0.5773
vt 0.54775 0.57636
vt 0.54893 0.57144
vt 0.55703 0.57556
vt 0.55608 0.57266
vt 0.55565 0.56547
vt 0.55864 0.56879
vt 0.5533 0.57428
vt 0.55987 0.57341
vt 0.55175 0.57564
vt 0.55982 0.5783
vt 0.55112 0.57737
vt 0.55864 0.58322
vt 0.55054 0.57911
vt 0.55611 0.58764
vt 0.55019 0.58059
vt 0.55191 0.5892
vt 0.55149 0.58201
vt 0.54893 0.58587
vt 0.55427 0.58039
vt 0.5477 0.58126
vt 0.55581 0.57902
vt 0.55146 0.56702
vt 0.55737 0.57407
vt 0.55288 0.83424
vt 0.55583 0.83416
vt 0.55507 0.83717
vt 0.55839 0.83564
vt 0.55032 0.83586
vt 0.55987 0.83828
vt 0.54884 0.83858
vt 0.54884 0.84168
vt 0.55242 0.84159
vt 0.55032 0.84433
vt 0.55288 0.84581
vt 0.55583 0.84572
vt 0.55839 0.84411
vt 0.55987 0.84138
vt 0.92704 0.64785
vt 0.92704 0.41373
vt 0.93181 0.41373
vt 0.93181 0.64785
vt 0.93645 0.41373
vt 0.93645 0.64785
vt 0.94087 0.41373
vt 0.94087 0.64785
vt 0.94513 0.41373
vt 0.94513 0.64785
vt 0.9494 0.41373
vt 0.9494 0.64785
vt 0.95382 0.41373
vt 0.95382 0.64785
vt 0.95845 0.41373
vt 0.95845 0.64785
vt 0.96323 0.41373
vt 0.96323 0.64785
vt 0.968 0.41373
vt 0.968 0.64785
vt 0.89563 0.64785
vt 0.89563 0.41373
vt 0.90026 0.41373
vt 0.90026 0.64785
vt 0.90468 0.41373
vt 0.90468 0.64785
vt 0.90894 0.41373
vt 0.90894 0.64785
vt 0.91321 0.41373
vt 0.91321 0.64785
vt 0.91763 0.41373
vt 0.91763 0.64785
vt 0.92226 0.41373
vt 0.92226 0.64785
vt 0.44626 0.4061
vt 0.45052 0.40591
vt 0.44969 0.41063
vt 0.45445 0.40755
vt 0.44232 0.40812
vt 0.45747 0.41078
vt 0.43931 0.41164
vt 0.44367 0.41464
vt 0.43768 0.41612
vt 0.43768 0.4209
vt 0.43931 0.42523
vt 0.44366 0.42216
vt 0.44232 0.42847
vt 0.44626 0.43011
vt 0.45052 0.42991
vt 0.44968 0.42449
vt 0.45445 0.4279
vt 0.45747 0.42438
vt 0.4591 0.41989
vt 0.4542 0.41887
vt 0.4591 0.41512
vt 0.59185 0.98527
vt 0.59102 0.99
vt 0.58708 0.98835
vt 0.59528 0.9898
vt 0.59922 0.98778
vt 0.58407 0.98512
vt 0.59787 0.98126
vt 0.60223 0.98427
vt 0.60386 0.97978
vt 0.60386 0.975
vt 0.59787 0.97374
vt 0.60223 0.97067
vt 0.59922 0.96743
vt 0.59528 0.96579
vt 0.59185 0.97141
vt 0.59102 0.96599
vt 0.58708 0.968
vt 0.58407 0.97152
vt 0.58734 0.97703
vt 0.58244 0.97601
vt 0.58244 0.98078
g Group7993
f 65/1 2/2 1/3 66/4
f 67/5 3/6 2/2 65/1
f 68/7 4/8 3/6 67/5
f 69/9 5/10 4/8 68/7
f 70/11 6/12 5/10 69/9
f 71/13 7/14 6/12 70/11
f 72/15 8/16 7/14 71/13
f 73/17 9/18 8/16 72/15
f 74/19 10/20 9/18 73/17
f 75/21 11/22 10/20 74/19
f 76/23 12/24 11/22 75/21
f 77/25 13/26 12/24 76/23
f 78/27 14/28 13/26 77/25
f 79/29 15/30 14/28 78/27
f 80/31 16/32 15/30 79/29
f 81/33 17/34 16/32 80/31
f 82/35 18/36 17/37 81/38
f 83/39 19/40 18/36 82/35
f 84/41 20/42 19/40 83/39
f 85/43 21/44 20/42 84/41
f 86/45 22/46 21/44 85/43
f 87/47 23/48 22/46 86/45
f 88/49 24/50 23/48 87/47
f 89/51 25/52 24/50 88/49
f 90/53 26/54 25/52 89/51
f 91/55 27/56 26/54 90/53
f 92/57 28/58 27/56 91/55
f 93/59 29/60 28/58 92/57
f 94/61 30/62 29/60 93/59
f 95/63 31/64 30/62 94/61
f 96/65 32/66 31/64 95/63
f 66/67 1/68 32/66 96/65
f 33/69 65/1 66/4 34/70
f 35/71 67/5 65/1 33/69
f 36/72 68/7 67/5 35/71
f 37/73 69/9 68/7 36/72
f 38/74 70/11 69/9 37/73
f 39/75 71/13 70/11 38/74
f 40/76 72/15 71/13 39/75
f 41/77 73/17 72/15 40/76
f 42/78 74/19 73/17 41/77
f 43/79 75/21 74/19 42/78
f 44/80 76/23 75/21 43/79
f 45/81 77/25 76/23 44/80
f 46/82 78/27 77/25 45/81
f 47/83 79/29 78/27 46/82
f 48/84 80/31 79/29 47/83
f 49/85 81/33 80/31 48/84
f 50/86 82/35 81/38 49/87
f 51/88 83/39 82/35 50/86
f 52/89 84/41 83/39 51/88
f 53/90 85/43 84/41 52/89
f 54/91 86/45 85/43 53/90
f 55/92 87/47 86/45 54/91
f 56/93 88/49 87/47 55/92
f 57/94 89/51 88/49 56/93
f 58/95 90/53 89/51 57/94
f 59/96 91/55 90/53 58/95
f 60/97 92/57 91/55 59/96
f 61/98 93/59 92/57 60/97
f 62/99 94/61 93/59 61/98
f 63/100 95/63 94/61 62/99
f 64/101 96/65 95/63 63/100
f 34/102 66/67 96/65 64/101
f 27/56 123/103 122/104 26/54
f 14/28 110/105 109/106 13/26
f 28/58 124/107 123/103 27/56
f 15/30 111/108 110/105 14/28
f 2/2 98/109 97/110 1/3
f 29/60 125/111 124/107 28/58
f 16/32 112/112 111/108 15/30
f 3/6 99/113 98/109 2/2
f 30/62 126/114 125/111 29/60
f 17/34 113/115 112/112 16/32
f 4/8 100/116 99/113 3/6
f 31/64 127/117 126/114 30/62
f 18/36 114/118 113/119 17/37
f 5/10 101/120 100/116 4/8
f 32/66 128/121 127/117 31/64
f 19/40 115/122 114/118 18/36
f 6/12 102/123 101/120 5/10
f 1/68 97/124 128/121 32/66
f 20/42 116/125 115/122 19/40
f 7/14 103/126 102/123 6/12
f 21/44 117/127 116/125 20/42
f 8/16 104/128 103/126 7/14
f 22/46 118/129 117/127 21/44
f 9/18 105/130 104/128 8/16
f 23/48 119/131 118/129 22/46
f 10/20 106/132 105/130 9/18
f 24/50 120/133 119/131 23/48
f 11/22 107/134 106/132 10/20
f 25/52 121/135 120/133 24/50
f 12/24 108/136 107/134 11/22
f 26/54 122/104 121/135 25/52
f 13/26 109/106 108/136 12/24
f 98/137 99/138 100/139 101/140
f 98/137 101/140 129/141
f 129/141 101/140 102/142
f 129/141 102/142 103/143
f 129/141 103/143 130/144
f 130/144 103/143 104/145
f 130/144 104/145 105/146
f 130/144 105/146 106/147
f 97/148 98/137 131/149
f 131/149 98/137 129/141
f 128/150 97/148 132/151
f 132/151 97/148 131/149
f 127/152 128/150 132/151
f 126/153 127/152 132/151
f 130/144 106/147 133/154
f 133/154 106/147 107/155
f 133/154 107/155 108/156
f 133/154 108/156 134/157
f 134/157 108/156 109/158
f 134/157 109/158 110/159
f 134/157 110/159 135/160
f 135/160 110/159 111/161
f 135/160 111/161 112/162
f 135/160 112/162 136/163
f 136/163 112/162 113/164
f 136/163 113/164 114/165
f 136/163 114/165 137/166
f 137/166 114/165 115/167
f 137/166 115/167 116/168
f 137/166 116/168 138/169
f 138/169 116/168 117/170
f 138/169 117/170 118/171
f 138/169 118/171 139/172
f 139/172 118/171 119/173
f 139/172 119/173 120/174
f 139/172 120/174 140/175
f 140/175 120/174 121/176
f 140/175 121/176 122/177
f 140/175 122/177 141/178
f 141/178 122/177 123/179
f 141/178 123/179 124/180
f 141/178 124/180 142/181
f 142/181 124/180 125/182
f 142/181 125/182 126/153
f 142/181 126/153 143/183
f 143/183 126/153 132/151
f 143/183 132/151 131/149
f 129/141 130/144 144/184
f 144/184 130/144 133/154
f 131/149 129/141 145/185
f 145/185 129/141 144/184
f 143/183 131/149 146/186
f 146/186 131/149 145/185
f 142/181 143/183 146/186
f 141/178 142/181 147/187
f 147/187 142/181 146/186
f 140/175 141/178 147/187
f 144/184 133/154 148/188
f 148/188 133/154 134/157
f 148/188 134/157 135/160
f 148/188 135/160 149/189
f 149/189 135/160 136/163
f 149/189 136/163 137/166
f 139/172 140/175 150/190
f 150/190 140/175 147/187
f 138/169 139/172 151/191
f 151/191 139/172 150/190
f 137/166 138/169 151/191
f 149/189 137/166 152/192
f 152/192 137/166 151/191
f 152/192 151/191 150/190
f 148/188 149/189 153/193
f 153/193 149/189 152/192
f 144/184 148/188 153/193
f 145/185 144/184 153/193
f 153/193 152/192 150/190
f 145/185 153/193 150/190
f 145/185 150/190 147/187
f 146/186 145/185 147/187
g Group8023
f 165/194 166/195 167/196 154/197
f 156/198 169/199 170/200 157/201
f 155/202 168/203 169/199 156/198
f 164/204 177/205 166/195 165/194
f 163/206 176/207 177/205 164/204
f 162/208 175/209 176/207 163/206
f 161/210 174/211 175/209 162/208
f 160/212 173/213 174/211 161/210
f 159/214 172/215 173/213 160/212
f 158/216 171/217 172/215 159/214
f 157/201 170/200 171/217 158/216
f 154/218 167/219 168/203 155/202
f 166/195 178/220 179/221 167/196
f 169/199 181/222 182/223 170/200
f 168/203 180/224 181/222 169/199
f 177/205 189/225 178/220 166/195
f 176/207 188/226 189/225 177/205
f 175/209 187/227 188/226 176/207
f 174/211 186/228 187/227 175/209
f 173/213 185/229 186/228 174/211
f 172/215 184/230 185/229 173/213
f 171/217 183/231 184/230 172/215
f 170/200 182/223 183/231 171/217
f 167/219 179/232 180/224 168/203
g Group8068
f 205/233 191/234 196/235 197/236
f 206/237 207/238 201/239 202/240
f 191/234 190/241 195/242 196/235
f 207/238 192/243 200/244 201/239
f 208/245 206/237 202/240 194/246
f 209/247 193/248 204/249 203/250
f 192/243 210/251 199/252 200/244
f 193/248 208/253 194/254 204/249
f 190/241 209/247 203/250 195/242
f 210/251 211/255 198/256 199/252
f 211/255 205/233 197/236 198/256
f 212/257 208/258 193/259
f 206/260 208/258 212/257
f 212/257 193/259 209/261
f 192/262 207/263 206/260
f 192/262 206/260 212/257
f 213/264 209/261 190/265
f 212/257 209/261 213/264
f 213/264 190/265 191/266
f 213/264 191/266 205/267
f 212/257 213/264 205/267
f 192/262 212/257 205/267
f 192/262 205/267 211/268
f 192/262 211/268 210/269
g Group8098
f 229/270 214/271 230/272 245/273
f 216/274 217/275 233/276 232/277
f 217/275 218/278 234/279 233/276
f 214/271 228/280 244/281 230/272
f 221/282 222/283 238/284 237/285
f 215/286 227/287 243/288 231/289
f 224/290 221/282 237/285 240/291
f 218/278 226/292 242/293 234/279
f 225/294 220/295 236/296 241/297
f 219/298 225/294 241/297 235/299
f 226/292 219/298 235/299 242/293
f 220/295 224/290 240/291 236/296
f 227/287 216/274 232/277 243/288
f 223/300 229/270 245/273 239/301
f 228/280 215/286 231/289 244/281
f 222/283 223/300 239/301 238/284
f 239/301 245/273 286/302 278/303
f 244/281 231/289 287/304 279/305
f 238/284 239/301 278/303 280/306
f 245/273 230/272 288/307 286/302
f 232/277 233/276 289/308 281/309
f 233/276 234/279 290/310 289/308
f 230/272 244/281 279/305 288/307
f 237/285 238/284 280/306 282/311
f 231/289 243/288 291/312 287/304
f 240/291 237/285 282/311 283/313
f 234/279 242/293 292/314 290/310
f 241/297 236/296 293/315 284/316
f 235/299 241/297 284/316 285/317
f 242/293 235/299 285/317 292/314
f 236/296 240/291 283/313 293/315
f 243/288 232/277 281/309 291/312
f 262/318 263/319 261/320 255/321
f 264/322 265/323 247/324 260/325
f 266/326 262/318 255/321 254/327
f 263/319 267/328 246/329 261/320
f 268/330 269/331 249/332 248/333
f 269/331 270/334 250/335 249/332
f 267/328 264/322 260/325 246/329
f 271/336 266/326 254/327 253/337
f 265/323 272/338 259/339 247/324
f 273/340 271/336 253/337 256/341
f 270/334 274/342 258/343 250/335
f 275/344 276/345 252/346 257/347
f 277/348 275/344 257/347 251/349
f 274/342 277/348 251/349 258/343
f 276/345 273/340 256/341 252/346
f 272/338 268/330 248/333 259/339
f 291/350 281/351 268/330 272/338
f 293/352 283/353 273/340 276/345
f 292/354 285/355 277/348 274/342
f 285/355 284/356 275/344 277/348
f 284/356 293/352 276/345 275/344
f 290/357 292/354 274/342 270/334
f 283/353 282/358 271/336 273/340
f 287/359 291/350 272/338 265/323
f 282/358 280/360 266/326 271/336
f 288/361 279/362 264/322 267/328
f 289/363 290/357 270/334 269/331
f 281/351 289/363 269/331 268/330
f 286/364 288/361 267/328 263/319
f 280/360 278/365 262/318 266/326
f 279/362 287/359 265/323 264/322
f 278/365 286/364 263/319 262/318
f 374/366 248/333 249/332
f 259/339 248/333 374/366
f 374/366 249/332 250/335
f 247/324 259/339 374/366
f 375/367 250/335 258/343
f 374/366 250/335 375/367
f 375/367 258/343 251/349
f 375/367 251/349 257/347
f 376/368 257/347 252/346
f 375/367 257/347 376/368
f 376/368 252/346 256/341
f 376/368 256/341 253/337
f 377/369 253/337 254/327
f 376/368 253/337 377/369
f 377/369 254/327 255/321
f 377/369 255/321 261/320
f 378/370 261/320 246/329
f 377/369 261/320 378/370
f 378/370 246/329 260/325
f 378/370 260/325 247/324
f 378/370 247/324 374/366
f 374/366 375/367 376/368
f 378/370 374/366 376/368
f 378/370 376/368 377/369
f 226/371 218/372 379/373
f 379/373 218/372 217/374
f 219/375 226/371 379/373
f 379/373 217/374 216/376
f 225/377 219/375 380/378
f 380/378 219/375 379/373
f 220/379 225/377 380/378
f 224/380 220/379 380/378
f 221/381 224/380 381/382
f 381/382 224/380 380/378
f 222/383 221/381 381/382
f 223/384 222/383 381/382
f 229/385 223/384 382/386
f 382/386 223/384 381/382
f 214/387 229/385 382/386
f 228/388 214/387 382/386
f 215/389 228/388 383/390
f 383/390 228/388 382/386
f 227/391 215/389 383/390
f 216/376 227/391 383/390
f 379/373 216/376 383/390
f 381/382 380/378 379/373
f 381/382 379/373 383/390
f 382/386 381/382 383/390
g Group8113
f 309/392 294/393 310/394 325/395
f 296/396 297/397 313/398 312/399
f 297/397 298/400 314/401 313/398
f 294/393 308/402 324/403 310/394
f 301/404 302/405 318/406 317/407
f 295/408 307/409 323/410 311/411
f 304/412 301/404 317/407 320/413
f 298/400 306/414 322/415 314/401
f 305/416 300/417 316/418 321/419
f 299/420 305/416 321/419 315/421
f 306/414 299/420 315/421 322/415
f 300/417 304/412 320/413 316/418
f 307/409 296/396 312/399 323/410
f 303/422 309/392 325/395 319/423
f 308/402 295/408 311/411 324/403
f 302/405 303/422 319/423 318/406
f 319/423 325/395 366/424 358/425
f 324/403 311/411 367/426 359/427
f 318/406 319/423 358/425 360/428
f 325/395 310/394 368/429 366/424
f 312/399 313/398 369/430 361/431
f 313/398 314/401 370/432 369/430
f 310/394 324/403 359/427 368/429
f 317/407 318/406 360/428 362/433
f 311/411 323/410 371/434 367/426
f 320/413 317/407 362/433 363/435
f 314/401 322/415 372/436 370/432
f 321/419 316/418 373/437 364/438
f 315/421 321/419 364/438 365/439
f 322/415 315/421 365/439 372/436
f 316/418 320/413 363/435 373/437
f 323/410 312/399 361/431 371/434
f 342/440 343/441 341/442 335/443
f 344/444 345/445 327/446 340/447
f 346/448 342/440 335/443 334/449
f 343/441 347/450 326/451 341/442
f 348/452 349/453 329/454 328/455
f 349/453 350/456 330/457 329/454
f 347/450 344/444 340/447 326/451
f 351/458 346/448 334/449 333/459
f 345/445 352/460 339/461 327/446
f 353/462 351/458 333/459 336/463
f 350/456 354/464 338/465 330/457
f 355/466 356/467 332/468 337/469
f 357/470 355/466 337/469 331/471
f 354/464 357/470 331/471 338/465
f 356/467 353/462 336/463 332/468
f 352/460 348/452 328/455 339/461
f 371/472 361/473 348/452 352/460
f 373/474 363/475 353/462 356/467
f 372/476 365/477 357/470 354/464
f 365/477 364/478 355/466 357/470
f 364/478 373/474 356/467 355/466
f 370/479 372/476 354/464 350/456
f 363/475 362/480 351/458 353/462
f 367/481 371/472 352/460 345/445
f 362/480 360/482 346/448 351/458
f 368/483 359/484 344/444 347/450
f 369/485 370/479 350/456 349/453
f 361/473 369/485 349/453 348/452
f 366/486 368/483 347/450 343/441
f 360/482 358/487 342/440 346/448
f 359/484 367/481 345/445 344/444
f 358/487 366/486 343/441 342/440
f 464/488 328/455 329/454
f 339/461 328/455 464/488
f 464/488 329/454 330/457
f 327/446 339/461 464/488
f 465/489 330/457 338/465
f 464/488 330/457 465/489
f 465/489 338/465 331/471
f 465/489 331/471 337/469
f 466/490 337/469 332/468
f 465/489 337/469 466/490
f 466/490 332/468 336/463
f 466/490 336/463 333/459
f 467/491 333/459 334/449
f 466/490 333/459 467/491
f 467/491 334/449 335/443
f 467/491 335/443 341/442
f 468/492 341/442 326/451
f 467/491 341/442 468/492
f 468/492 326/451 340/447
f 468/492 340/447 327/446
f 468/492 327/446 464/488
f 464/488 465/489 466/490
f 468/492 464/488 466/490
f 468/492 466/490 467/491
f 306/493 298/494 469/495
f 469/495 298/494 297/496
f 299/497 306/493 469/495
f 469/495 297/496 296/498
f 305/499 299/497 470/500
f 470/500 299/497 469/495
f 300/501 305/499 470/500
f 304/502 300/501 470/500
f 301/503 304/502 471/504
f 471/504 304/502 470/500
f 302/505 301/503 471/504
f 303/506 302/505 471/504
f 309/507 303/506 472/508
f 472/508 303/506 471/504
f 294/509 309/507 472/508
f 308/510 294/509 472/508
f 295/511 308/510 473/512
f 473/512 308/510 472/508
f 307/513 295/511 473/512
f 296/498 307/513 473/512
f 469/495 296/498 473/512
f 471/504 470/500 469/495
f 471/504 469/495 473/512
f 472/508 471/504 473/512
g Group8128
f 399/514 384/515 400/516 415/517
f 386/518 387/519 403/520 402/521
f 387/519 388/522 404/523 403/520
f 384/515 398/524 414/525 400/516
f 391/526 392/527 408/528 407/529
f 385/530 397/531 413/532 401/533
f 394/534 391/526 407/529 410/535
f 388/522 396/536 412/537 404/523
f 395/538 390/539 406/540 411/541
f 389/542 395/538 411/541 405/543
f 396/536 389/542 405/543 412/537
f 390/539 394/534 410/535 406/540
f 397/531 386/518 402/521 413/532
f 393/544 399/514 415/517 409/545
f 398/524 385/530 401/533 414/525
f 392/527 393/544 409/545 408/528
f 409/545 415/517 456/546 448/547
f 414/525 401/533 457/548 449/549
f 408/528 409/545 448/547 450/550
f 415/517 400/516 458/551 456/546
f 402/521 403/520 459/552 451/553
f 403/520 404/523 460/554 459/552
f 400/516 414/525 449/549 458/551
f 407/529 408/528 450/550 452/555
f 401/533 413/532 461/556 457/548
f 410/535 407/529 452/555 453/557
f 404/523 412/537 462/558 460/554
f 411/541 406/540 463/559 454/560
f 405/543 411/541 454/560 455/561
f 412/537 405/543 455/561 462/558
f 406/540 410/535 453/557 463/559
f 413/532 402/521 451/553 461/556
f 432/562 433/563 431/564 425/565
f 434/566 435/567 417/568 430/569
f 436/570 432/562 425/565 424/571
f 433/563 437/572 416/573 431/564
f 438/574 439/575 419/576 418/577
f 439/575 440/578 420/579 419/576
f 437/572 434/566 430/569 416/573
f 441/580 436/570 424/571 423/581
f 435/567 442/582 429/583 417/568
f 443/584 441/580 423/581 426/585
f 440/578 444/586 428/587 420/579
f 445/588 446/589 422/590 427/591
f 447/592 445/588 427/591 421/593
f 444/586 447/592 421/593 428/587
f 446/589 443/584 426/585 422/590
f 442/582 438/574 418/577 429/583
f 461/594 451/595 438/574 442/582
f 463/596 453/597 443/584 446/589
f 462/598 455/599 447/592 444/586
f 455/599 454/600 445/588 447/592
f 454/600 463/596 446/589 445/588
f 460/601 462/598 444/586 440/578
f 453/597 452/602 441/580 443/584
f 457/603 461/594 442/582 435/567
f 452/602 450/604 436/570 441/580
f 458/605 449/606 434/566 437/572
f 459/607 460/601 440/578 439/575
f 451/595 459/607 439/575 438/574
f 456/608 458/605 437/572 433/563
f 450/604 448/609 432/562 436/570
f 449/606 457/603 435/567 434/566
f 448/609 456/608 433/563 432/562
f 821/610 418/577 419/576
f 429/583 418/577 821/610
f 821/610 419/576 420/579
f 417/568 429/583 821/610
f 822/611 420/579 428/587
f 821/610 420/579 822/611
f 822/611 428/587 421/593
f 822/611 421/593 427/591
f 823/612 427/591 422/590
f 822/611 427/591 823/612
f 823/612 422/590 426/585
f 823/612 426/585 423/581
f 824/613 423/581 424/571
f 823/612 423/581 824/613
f 824/613 424/571 425/565
f 824/613 425/565 431/564
f 825/614 431/564 416/573
f 824/613 431/564 825/614
f 825/614 416/573 430/569
f 825/614 430/569 417/568
f 825/614 417/568 821/610
f 821/610 822/611 823/612
f 825/614 821/610 823/612
f 825/614 823/612 824/613
f 388/615 387/616 826/617
f 826/617 387/616 386/618
f 396/619 388/615 826/617
f 826/617 386/618 397/620
f 389/621 396/619 827/622
f 827/622 396/619 826/617
f 395/623 389/621 827/622
f 390/624 395/623 827/622
f 394/625 390/624 828/626
f 828/626 390/624 827/622
f 391/627 394/625 828/626
f 392/628 391/627 828/626
f 393/629 392/628 829/630
f 829/630 392/628 828/626
f 399/631 393/629 829/630
f 384/632 399/631 829/630
f 398/633 384/632 830/634
f 830/634 384/632 829/630
f 385/635 398/633 830/634
f 397/620 385/635 830/634
f 826/617 397/620 830/634
f 828/626 827/622 826/617
f 828/626 826/617 830/634
f 829/630 828/626 830/634
g Group8143
f 495/636 540/637 516/638 494/639
f 497/640 541/641 616/642 498/643
f 801/644 815/645 520/646 484/647
f 482/648 493/649 586/650 561/651
f 811/652 802/653 483/654 521/655
f 804/656 485/657 565/658 820/659
f 481/660 526/661 515/662 496/663
f 492/664 570/665 586/650 493/649
f 492/664 503/666 654/667 570/665
f 598/668 658/669 623/670 509/671
f 592/672 670/673 654/667 503/666
f 615/674 605/675 498/643 616/642
f 540/637 495/636 509/671 623/670
f 541/641 497/640 496/663 515/662
f 525/676 480/677 494/639 516/638
f 816/678 566/679 483/654 802/653
f 646/680 598/668 509/671 647/681
f 571/682 647/681 509/671 495/636
f 560/683 585/684 494/639 480/677
f 571/682 495/636 494/639 585/684
f 541/641 515/662 517/685 544/686
f 544/686 517/685 518/687 543/688
f 543/688 518/687 519/689 542/690
f 542/690 519/689 516/638 540/637
f 540/637 623/670 621/691 542/690
f 542/690 621/691 619/692 543/688
f 543/688 619/692 617/693 544/686
f 544/686 617/693 616/642 541/641
f 811/652 521/655 524/694 812/695
f 812/695 524/694 523/696 813/697
f 813/697 523/696 522/698 814/699
f 814/699 522/698 520/646 815/645
f 525/676 516/638 519/689 527/700
f 527/700 519/689 518/687 528/701
f 528/701 518/687 517/685 529/702
f 529/702 517/685 515/662 526/661
f 816/678 645/703 644/704 817/705
f 817/705 644/704 649/706 818/707
f 818/707 649/706 651/708 819/709
f 819/709 651/708 653/710 820/659
f 571/682 585/684 587/711 574/712
f 574/712 587/711 588/713 573/714
f 573/714 588/713 589/715 572/716
f 572/716 589/715 586/650 570/665
f 585/684 560/683 562/717 587/711
f 587/711 562/717 563/718 588/713
f 588/713 563/718 564/719 589/715
f 589/715 564/719 561/651 586/650
f 647/681 571/682 574/712 648/720
f 648/720 574/712 573/714 650/721
f 650/721 573/714 572/716 652/722
f 652/722 572/716 570/665 654/667
f 713/723 799/724 655/725 653/710
f 794/726 724/727 654/667 670/673
f 724/727 730/728 652/722 654/667
f 730/728 728/729 650/721 652/722
f 728/729 726/730 648/720 650/721
f 726/730 722/731 647/681 648/720
f 722/731 793/732 646/680 647/681
f 788/733 714/734 645/703 668/735
f 714/734 721/736 644/704 645/703
f 721/736 719/737 649/706 644/704
f 719/737 717/738 651/708 649/706
f 673/739 763/740 624/741 622/742
f 763/740 760/743 659/744 624/741
f 760/743 758/745 658/669 659/744
f 758/745 684/746 623/670 658/669
f 684/746 690/747 621/691 623/670
f 690/747 688/748 619/692 621/691
f 688/748 686/749 617/693 619/692
f 686/749 682/750 616/642 617/693
f 682/750 757/751 615/674 616/642
f 757/751 754/752 657/753 615/674
f 754/752 752/754 656/755 657/753
f 752/754 674/756 614/757 656/755
f 674/756 681/758 613/759 614/757
f 681/758 679/760 618/761 613/759
f 679/760 677/762 620/763 618/761
f 645/703 508/764 596/765 668/735
f 668/735 596/765 597/766 669/767
f 669/767 597/766 598/668 646/680
f 614/757 499/768 607/769 656/755
f 656/755 607/769 606/770 657/753
f 657/753 606/770 605/675 615/674
f 502/771 653/710 655/725 590/772
f 590/772 655/725 671/773 591/774
f 591/774 671/773 670/673 592/672
f 508/764 622/742 624/741 596/765
f 596/765 624/741 659/744 597/766
f 597/766 659/744 658/669 598/668
f 677/762 673/739 622/742 620/763
f 717/738 713/723 653/710 651/708
f 790/775 788/733 668/735 669/767
f 793/732 790/775 669/767 646/680
f 796/776 794/726 670/673 671/773
f 799/724 796/776 671/773 655/725
f 681/758 674/756 675/777 680/778
f 757/751 682/750 683/779 756/780
f 682/750 686/749 687/781 683/779
f 679/760 681/758 680/778 678/782
f 686/749 688/748 689/783 687/781
f 677/762 679/760 678/782 676/784
f 688/748 690/747 691/785 689/783
f 673/739 677/762 676/784 672/786
f 690/747 684/746 685/787 691/785
f 763/740 673/739 672/786 762/788
f 721/736 714/734 715/789 720/790
f 793/732 722/731 723/791 792/792
f 722/731 726/730 727/793 723/791
f 719/737 721/736 720/790 718/794
f 726/730 728/729 729/795 727/793
f 717/738 719/737 718/794 716/796
f 728/729 730/728 731/797 729/795
f 713/723 717/738 716/796 712/798
f 730/728 724/727 725/799 731/797
f 799/724 713/723 712/798 798/800
f 674/756 752/754 753/801 675/777
f 752/754 754/752 755/802 753/801
f 754/752 757/751 756/780 755/802
f 684/746 758/745 759/803 685/787
f 758/745 760/743 761/804 759/803
f 760/743 763/740 762/788 761/804
f 714/734 788/733 789/805 715/789
f 788/733 790/775 791/806 789/805
f 790/775 793/732 792/792 791/806
f 724/727 794/726 795/807 725/799
f 794/726 796/776 797/808 795/807
f 796/776 799/724 798/800 797/808
f 567/809 819/709 820/659 565/658
f 568/810 818/707 819/709 567/809
f 569/811 817/705 818/707 568/810
f 566/679 816/678 817/705 569/811
f 613/759 814/699 815/645 614/757
f 618/761 813/697 814/699 613/759
f 620/763 812/695 813/697 618/761
f 622/742 811/652 812/695 620/763
f 645/703 816/678 802/653 508/764
f 502/771 804/656 820/659 653/710
f 622/742 508/764 802/653 811/652
f 499/768 614/757 815/645 801/644
f 803/812 804/813 502/814 501/815
f 486/816 493/817 482/818 476/819
f 491/820 474/821 481/822 496/823
f 556/824 565/825 485/826 479/827
f 493/817 486/816 487/828 492/829
f 491/820 496/823 497/830 490/831
f 500/832 503/833 492/829 487/828
f 507/834 490/831 497/830 498/835
f 590/836 595/837 501/815 502/814
f 602/838 607/839 499/840 506/841
f 800/842 506/841 499/840 801/843
f 530/844 477/845 484/846 520/847
f 478/848 531/849 521/850 483/851
f 478/848 483/851 566/852 555/853
f 534/854 531/849 874/855 841/856
f 530/844 520/847 522/857 532/858
f 532/858 522/857 523/859 533/860
f 533/860 523/859 524/861 534/854
f 534/854 524/861 521/850 531/849
f 565/825 556/824 559/862 567/863
f 567/863 559/862 558/864 568/865
f 568/865 558/864 557/866 569/867
f 569/867 557/866 555/853 566/852
f 507/834 498/835 605/868 604/869
f 604/869 605/868 606/870 603/871
f 603/871 606/870 607/839 602/838
f 503/833 500/832 593/872 592/873
f 592/873 593/872 594/874 591/875
f 591/875 594/874 595/837 590/836
f 842/876 870/877 838/878 837/879
f 477/845 800/842 801/843 484/846
f 479/827 485/826 804/813 803/812
f 531/849 478/848 852/880 874/855
f 870/877 868/881 836/882 838/878
f 478/848 555/853 867/883 852/880
f 863/884 859/885 840/886 839/887
f 555/853 557/866 858/888 867/883
f 868/881 863/884 839/887 836/882
f 859/885 863/884 864/889 862/890
f 862/890 864/889 865/891 861/892
f 861/892 865/891 866/893 860/894
f 860/894 866/893 867/883 858/888
f 870/877 842/876 845/895 871/896
f 871/896 845/895 844/897 872/898
f 872/898 844/897 843/899 873/900
f 873/900 843/899 841/856 874/855
f 853/901 855/902 864/889 863/884
f 855/902 856/903 865/891 864/889
f 856/903 857/904 866/893 865/891
f 857/904 854/905 867/883 866/893
f 851/906 853/901 863/884 868/881
f 854/905 869/907 852/880 867/883
f 846/908 851/906 868/881 870/877
f 848/909 846/908 870/877 871/896
f 849/910 848/909 871/896 872/898
f 850/911 849/910 872/898 873/900
f 847/912 850/911 873/900 874/855
f 869/907 847/912 874/855 852/880
f 803/913 835/914 556/915 479/916
f 489/917 576/918 580/919 488/920
f 800/921 477/922 530/923 810/924
f 474/925 491/926 546/927 535/928
f 490/929 510/930 546/927 491/926
f 487/931 575/932 635/933 500/934
f 476/935 550/936 581/937 486/938
f 575/932 487/931 486/938 581/937
f 599/939 666/940 642/941 504/942
f 625/943 599/939 504/942 626/944
f 604/945 662/946 630/947 507/948
f 511/949 626/944 504/942 489/917
f 536/950 545/951 488/920 475/952
f 511/949 489/917 488/920 545/951
f 634/953 593/954 500/934 635/933
f 576/918 489/917 504/942 642/941
f 551/955 475/952 488/920 580/919
f 806/956 608/957 609/958 807/959
f 807/959 609/958 610/960 808/961
f 808/961 610/960 611/962 809/963
f 809/963 611/962 612/964 810/924
f 511/949 545/951 547/965 514/966
f 514/966 547/965 548/967 513/968
f 513/968 548/967 549/969 512/970
f 512/970 549/969 546/927 510/930
f 545/951 536/950 539/971 547/965
f 547/965 539/971 538/972 548/967
f 548/967 538/972 537/973 549/969
f 549/969 537/973 535/928 546/927
f 626/944 511/949 514/966 627/974
f 627/974 514/966 513/968 628/975
f 628/975 513/968 512/970 629/976
f 629/976 512/970 510/930 630/947
f 576/918 642/941 640/977 579/978
f 579/978 640/977 638/979 578/980
f 578/980 638/979 636/981 577/982
f 577/982 636/981 635/933 575/932
f 551/955 580/919 582/983 554/984
f 554/984 582/983 583/985 553/986
f 553/986 583/985 584/987 552/988
f 552/988 584/987 581/937 550/936
f 575/932 581/937 584/987 577/982
f 577/982 584/987 583/985 578/980
f 578/980 583/985 582/983 579/978
f 579/978 582/983 580/919 576/918
f 832/989 557/990 558/991 833/992
f 833/992 558/991 559/993 834/994
f 834/994 559/993 556/915 835/914
f 490/929 507/948 630/947 510/930
f 712/995 716/996 740/997 735/998
f 778/999 776/1000 664/1001 665/1002
f 781/1003 778/999 665/1002 634/953
f 784/1004 782/1005 666/940 667/1006
f 787/1007 784/1004 667/1006 643/1008
f 672/1009 676/1010 696/1011 693/1012
f 633/1013 501/1014 595/1015 664/1001
f 664/1001 595/1015 594/1016 665/1002
f 665/1002 594/1016 593/954 634/953
f 506/1017 612/964 631/1018 602/1019
f 602/1019 631/1018 663/1020 603/1021
f 603/1021 663/1020 662/946 604/945
f 608/957 505/1022 601/1023 660/1024
f 660/1024 601/1023 600/1025 661/1026
f 661/1026 600/1025 599/939 625/943
f 505/1022 641/1027 643/1008 601/1023
f 601/1023 643/1008 667/1006 600/1025
f 600/1025 667/1006 666/940 599/939
f 764/1028 692/1029 608/957 660/1024
f 699/1030 701/1031 611/962 610/960
f 702/1032 769/1033 625/943 626/944
f 695/1034 775/1035 631/1018 612/964
f 675/1036 753/1037 774/1038 694/1039
f 683/1040 687/1041 711/1042 705/1043
f 691/1044 685/1045 703/1046 707/1047
f 756/1048 683/1040 705/1043 771/1049
f 689/1050 691/1044 707/1047 709/1051
f 678/1052 680/1053 700/1054 698/1055
f 692/1029 697/1056 609/958 608/957
f 680/1053 675/1036 694/1039 700/1054
f 685/1045 759/1057 768/1058 703/1046
f 706/1059 702/1032 626/944 627/974
f 704/1060 710/1061 629/976 630/947
f 710/1061 708/1062 628/975 629/976
f 798/1063 712/995 735/998 777/1064
f 770/1065 704/1060 630/947 662/946
f 697/1056 699/1030 610/960 609/958
f 776/1000 734/1066 633/1013 664/1001
f 746/1067 742/1068 635/933 636/981
f 744/1069 750/1070 640/977 642/941
f 742/1068 781/1003 634/953 635/933
f 750/1070 748/1071 638/979 640/977
f 741/1072 739/1073 637/1074 632/1075
f 753/1037 755/1076 773/1077 774/1038
f 733/1078 787/1007 643/1008 641/1027
f 782/1005 744/1069 642/941 666/940
f 734/1066 741/1072 632/1075 633/1013
f 715/1079 789/1080 786/1081 732/1082
f 723/1083 727/1084 751/1085 745/1086
f 731/1087 725/1088 743/1089 747/1090
f 792/1091 723/1083 745/1086 783/1092
f 729/1093 731/1087 747/1090 749/1094
f 718/1095 720/1096 736/1097 738/1098
f 737/1099 733/1078 641/1027 639/1100
f 720/1096 715/1079 732/1082 736/1097
f 725/1088 795/1101 780/1102 743/1089
f 676/1010 678/1052 698/1055 696/1011
f 755/1076 756/1048 771/1049 773/1077
f 759/1057 761/1103 767/1104 768/1058
f 687/1041 689/1050 709/1051 711/1042
f 761/1103 762/1105 765/1106 767/1104
f 766/1107 764/1028 660/1024 661/1026
f 701/1031 695/1034 612/964 611/962
f 769/1033 766/1107 661/1026 625/943
f 772/1108 770/1065 662/946 663/1020
f 708/1062 706/1059 627/974 628/975
f 775/1035 772/1108 663/1020 631/1018
f 797/1109 798/1063 777/1064 779/1110
f 739/1073 737/1099 639/1100 637/1074
f 795/1101 797/1109 779/1110 780/1102
f 791/1111 792/1091 783/1092 785/1112
f 748/1071 746/1067 636/981 638/979
f 789/1080 791/1111 785/1112 786/1081
f 716/996 718/1095 738/1098 740/997
f 727/1084 729/1093 749/1094 751/1085
f 693/1012 696/1011 697/1056 692/1029
f 696/1011 698/1055 699/1030 697/1056
f 698/1055 700/1054 701/1031 699/1030
f 700/1054 694/1039 695/1034 701/1031
f 769/1033 702/1032 703/1046 768/1058
f 702/1032 706/1059 707/1047 703/1046
f 706/1059 708/1062 709/1051 707/1047
f 708/1062 710/1061 711/1042 709/1051
f 710/1061 704/1060 705/1043 711/1042
f 775/1035 695/1034 694/1039 774/1038
f 741/1072 734/1066 735/998 740/997
f 781/1003 742/1068 743/1089 780/1102
f 742/1068 746/1067 747/1090 743/1089
f 739/1073 741/1072 740/997 738/1098
f 746/1067 748/1071 749/1094 747/1090
f 737/1099 739/1073 738/1098 736/1097
f 748/1071 750/1070 751/1085 749/1094
f 733/1078 737/1099 736/1097 732/1082
f 750/1070 744/1069 745/1086 751/1085
f 787/1007 733/1078 732/1082 786/1081
f 692/1029 764/1028 765/1106 693/1012
f 764/1028 766/1107 767/1104 765/1106
f 766/1107 769/1033 768/1058 767/1104
f 704/1060 770/1065 771/1049 705/1043
f 770/1065 772/1108 773/1077 771/1049
f 772/1108 775/1035 774/1038 773/1077
f 734/1066 776/1000 777/1064 735/998
f 776/1000 778/999 779/1110 777/1064
f 778/999 781/1003 780/1102 779/1110
f 744/1069 782/1005 783/1092 745/1086
f 782/1005 784/1004 785/1112 783/1092
f 784/1004 787/1007 786/1081 785/1112
f 762/1105 672/1009 693/1012 765/1106
f 632/1075 834/994 835/914 633/1013
f 637/1074 833/992 834/994 632/1075
f 639/1100 832/989 833/992 637/1074
f 641/1027 831/1113 832/989 639/1100
f 532/1114 809/963 810/924 530/923
f 533/1115 808/961 809/963 532/1114
f 534/1116 807/959 808/961 533/1115
f 641/1027 505/1022 805/1117 831/1113
f 608/957 806/956 805/1117 505/1022
f 506/1017 800/921 810/924 612/964
f 501/1014 633/1013 835/914 803/913
f 474/1118 535/1119 526/1120 481/1121
f 476/1122 482/1123 561/1124 550/1125
f 536/1126 475/1127 480/1128 525/1129
f 551/1130 560/1131 480/1128 475/1127
f 536/1126 525/1129 527/1132 539/1133
f 539/1133 527/1132 528/1134 538/1135
f 538/1135 528/1134 529/1136 537/1137
f 537/1137 529/1136 526/1120 535/1119
f 560/1131 551/1130 554/1138 562/1139
f 562/1139 554/1138 553/1140 563/1141
f 563/1141 553/1140 552/1142 564/1143
f 564/1143 552/1142 550/1125 561/1124
f 879/1144 875/1145 902/1146 898/1147
f 890/1148 885/1149 883/1150 882/1151
f 887/1152 882/1151 883/1150 888/1153
f 887/1152 888/1153 889/1154 891/1155
f 885/1149 890/1148 886/1156 884/1157
f 876/1158 881/1159 926/1160 858/1161
f 859/1162 925/1163 891/1155 889/1154
f 897/1164 903/1165 884/1157 886/1156
f 925/1163 859/1162 862/1166 927/1167
f 927/1167 862/1166 861/1168 928/1169
f 928/1169 861/1168 860/1170 929/1171
f 929/1171 860/1170 858/1161 926/1160
f 903/1165 897/1164 899/1172 906/1173
f 906/1173 899/1172 900/1174 905/1175
f 905/1175 900/1174 901/1176 904/1177
f 904/1177 901/1176 898/1147 902/1146
f 878/1178 879/1179 898/1180 942/1181
f 925/1182 931/1183 887/1184 891/1185
f 881/1186 880/1187 934/1188 926/1189
f 931/1183 908/1190 882/1191 887/1184
f 939/1192 897/1193 886/1194 890/1195
f 880/1187 877/1196 907/1197 934/1188
f 877/1196 878/1178 942/1181 907/1197
f 931/1183 925/1182 927/1198 930/1199
f 930/1199 927/1198 928/1200 932/1201
f 932/1201 928/1200 929/1202 933/1203
f 933/1203 929/1202 926/1189 934/1188
f 897/1193 939/1192 938/1204 899/1205
f 899/1205 938/1204 940/1206 900/1207
f 900/1207 940/1206 941/1208 901/1209
f 901/1209 941/1208 942/1181 898/1180
f 908/1190 939/1192 890/1195 882/1191
f 919/1210 916/1211 931/1183 930/1199
f 918/1212 919/1210 930/1199 932/1201
f 917/1213 918/1212 932/1201 933/1203
f 915/1214 917/1213 933/1203 934/1188
f 916/1211 936/1215 908/1190 931/1183
f 937/1216 915/1214 934/1188 907/1197
f 893/1217 896/1218 938/1204 939/1192
f 936/1215 893/1217 939/1192 908/1190
f 896/1218 895/1219 940/1206 938/1204
f 895/1219 894/1220 941/1208 940/1206
f 894/1220 892/1221 942/1181 941/1208
f 892/1221 937/1216 907/1197 942/1181
f 916/1222 919/1223 922/1224 920/1225
f 936/1226 916/1222 920/1225 914/1227
f 893/1228 936/1226 914/1227 909/1229
f 896/1230 893/1228 909/1229 911/1231
f 895/1232 896/1230 911/1231 912/1233
f 894/1234 895/1232 912/1233 913/1235
f 892/1236 894/1234 913/1235 910/1237
f 937/1238 892/1236 910/1237 935/1239
f 915/1240 937/1238 935/1239 921/1241
f 917/1242 915/1240 921/1241 924/1243
f 918/1244 917/1242 924/1243 923/1245
f 919/1223 918/1244 923/1245 922/1224
g Group8158
f 964/1246 1009/1247 985/1248 963/1249
f 966/1250 1010/1251 1085/1252 967/1253
f 1270/1254 1284/1255 989/1256 953/1257
f 951/1258 962/1259 1055/1260 1030/1261
f 1272/1262 1294/1263 1025/1264 948/1265
f 958/1266 1045/1267 1049/1268 957/1269
f 1280/1270 1271/1271 952/1272 990/1273
f 1269/1274 946/1275 999/1276 1279/1277
f 1273/1278 954/1279 1034/1280 1289/1281
f 943/1282 960/1283 1015/1284 1004/1285
f 950/1286 995/1287 984/1288 965/1289
f 961/1290 1039/1291 1055/1260 962/1259
f 959/1292 979/1293 1015/1284 960/1283
f 956/1294 1044/1295 1104/1296 969/1297
f 945/1298 1019/1299 1050/1300 955/1301
f 1044/1295 956/1294 955/1301 1050/1300
f 961/1290 972/1302 1123/1303 1039/1291
f 1067/1304 1127/1305 1092/1306 978/1307
f 1061/1308 1139/1309 1123/1303 972/1302
f 1068/1310 1135/1311 1111/1312 973/1313
f 1094/1314 1068/1310 973/1313 1095/1315
f 1073/1316 1131/1317 1099/1318 976/1319
f 1084/1320 1074/1321 967/1253 1085/1252
f 1009/1247 964/1246 978/1307 1092/1306
f 980/1322 1095/1315 973/1313 958/1266
f 1010/1251 966/1250 965/1289 984/1288
f 1275/1323 1000/1324 947/1325 1274/1326
f 994/1327 949/1328 963/1249 985/1248
f 1005/1329 1014/1330 957/1269 944/1331
f 980/1322 958/1266 957/1269 1014/1330
f 1103/1332 1062/1333 969/1297 1104/1296
f 1285/1334 1035/1335 952/1272 1271/1271
f 1115/1336 1067/1304 978/1307 1116/1337
f 1045/1267 958/1266 973/1313 1111/1312
f 1040/1338 1116/1337 978/1307 964/1246
f 1029/1339 1054/1340 963/1249 949/1328
f 1040/1338 964/1246 963/1249 1054/1340
f 1020/1341 944/1331 957/1269 1049/1268
f 1290/1342 1274/1326 947/1325 1024/1343
f 1275/1323 1077/1344 1078/1345 1276/1346
f 1276/1346 1078/1345 1079/1347 1277/1348
f 1277/1348 1079/1347 1080/1349 1278/1350
f 1278/1350 1080/1349 1081/1351 1279/1277
f 1010/1251 984/1288 986/1352 1013/1353
f 1013/1353 986/1352 987/1354 1012/1355
f 1012/1355 987/1354 988/1356 1011/1357
f 1011/1357 988/1356 985/1248 1009/1247
f 980/1322 1014/1330 1016/1358 983/1359
f 983/1359 1016/1358 1017/1360 982/1361
f 982/1361 1017/1360 1018/1362 981/1363
f 981/1363 1018/1362 1015/1284 979/1293
f 1009/1247 1092/1306 1090/1364 1011/1357
f 1011/1357 1090/1364 1088/1365 1012/1355
f 1012/1355 1088/1365 1086/1366 1013/1353
f 1013/1353 1086/1366 1085/1252 1010/1251
f 1280/1270 990/1273 993/1367 1281/1368
f 1281/1368 993/1367 992/1369 1282/1370
f 1282/1370 992/1369 991/1371 1283/1372
f 1283/1372 991/1371 989/1256 1284/1255
f 994/1327 985/1248 988/1356 996/1373
f 996/1373 988/1356 987/1354 997/1374
f 997/1374 987/1354 986/1352 998/1375
f 998/1375 986/1352 984/1288 995/1287
f 1014/1330 1005/1329 1008/1376 1016/1358
f 1016/1358 1008/1376 1007/1377 1017/1360
f 1017/1360 1007/1377 1006/1378 1018/1362
f 1018/1362 1006/1378 1004/1285 1015/1284
f 1095/1315 980/1322 983/1359 1096/1379
f 1096/1379 983/1359 982/1361 1097/1380
f 1097/1380 982/1361 981/1363 1098/1381
f 1098/1381 981/1363 979/1293 1099/1318
f 1285/1334 1114/1382 1113/1383 1286/1384
f 1286/1384 1113/1383 1118/1385 1287/1386
f 1287/1386 1118/1385 1120/1387 1288/1388
f 1288/1388 1120/1387 1122/1389 1289/1281
f 1045/1267 1111/1312 1109/1390 1048/1391
f 1048/1391 1109/1390 1107/1392 1047/1393
f 1047/1393 1107/1392 1105/1394 1046/1395
f 1046/1395 1105/1394 1104/1296 1044/1295
f 1020/1341 1049/1268 1051/1396 1023/1397
f 1023/1397 1051/1396 1052/1398 1022/1399
f 1022/1399 1052/1398 1053/1400 1021/1401
f 1021/1401 1053/1400 1050/1300 1019/1299
f 1044/1295 1050/1300 1053/1400 1046/1395
f 1046/1395 1053/1400 1052/1398 1047/1393
f 1047/1393 1052/1398 1051/1396 1048/1391
f 1048/1391 1051/1396 1049/1268 1045/1267
f 1040/1338 1054/1340 1056/1402 1043/1403
f 1043/1403 1056/1402 1057/1404 1042/1405
f 1042/1405 1057/1404 1058/1406 1041/1407
f 1041/1407 1058/1406 1055/1260 1039/1291
f 1290/1342 1024/1343 1026/1408 1291/1409
f 1291/1409 1026/1408 1027/1410 1292/1411
f 1292/1411 1027/1410 1028/1412 1293/1413
f 1293/1413 1028/1412 1025/1264 1294/1263
f 1054/1340 1029/1339 1031/1414 1056/1402
f 1056/1402 1031/1414 1032/1415 1057/1404
f 1057/1404 1032/1415 1033/1416 1058/1406
f 1058/1406 1033/1416 1030/1261 1055/1260
f 1116/1337 1040/1338 1043/1403 1117/1417
f 1117/1417 1043/1403 1042/1405 1119/1418
f 1119/1418 1042/1405 1041/1407 1121/1419
f 1121/1419 1041/1407 1039/1291 1123/1303
f 959/1292 976/1319 1099/1318 979/1293
f 1182/1420 1268/1421 1124/1422 1122/1389
f 1181/1423 1185/1424 1209/1425 1204/1426
f 1247/1427 1245/1428 1133/1429 1134/1430
f 1250/1431 1247/1427 1134/1430 1103/1332
f 1263/1432 1193/1433 1123/1303 1139/1309
f 1193/1433 1199/1434 1121/1419 1123/1303
f 1199/1434 1197/1435 1119/1418 1121/1419
f 1197/1435 1195/1436 1117/1417 1119/1418
f 1195/1436 1191/1437 1116/1337 1117/1417
f 1191/1437 1262/1438 1115/1336 1116/1337
f 1253/1439 1251/1440 1135/1311 1136/1441
f 1256/1442 1253/1439 1136/1441 1112/1443
f 1257/1444 1183/1445 1114/1382 1137/1446
f 1183/1445 1190/1447 1113/1383 1114/1382
f 1190/1447 1188/1448 1118/1385 1113/1383
f 1188/1448 1186/1449 1120/1387 1118/1385
f 1142/1450 1232/1451 1093/1452 1091/1453
f 1141/1454 1145/1455 1165/1456 1162/1457
f 1232/1451 1229/1458 1128/1459 1093/1452
f 1229/1458 1227/1460 1127/1305 1128/1459
f 1227/1460 1153/1461 1092/1306 1127/1305
f 1153/1461 1159/1462 1090/1364 1092/1306
f 1159/1462 1157/1463 1088/1365 1090/1364
f 1157/1463 1155/1464 1086/1366 1088/1365
f 1155/1464 1151/1465 1085/1252 1086/1366
f 1151/1465 1226/1466 1084/1320 1085/1252
f 1226/1466 1223/1467 1126/1468 1084/1320
f 1223/1467 1221/1469 1125/1470 1126/1468
f 1221/1469 1143/1471 1083/1472 1125/1470
f 1143/1471 1150/1473 1082/1474 1083/1472
f 1150/1473 1148/1475 1087/1476 1082/1474
f 1148/1475 1146/1477 1089/1478 1087/1476
f 1114/1382 977/1479 1065/1480 1137/1446
f 1137/1446 1065/1480 1066/1481 1138/1482
f 1138/1482 1066/1481 1067/1304 1115/1336
f 1102/1483 970/1484 1064/1485 1133/1429
f 1133/1429 1064/1485 1063/1486 1134/1430
f 1134/1430 1063/1486 1062/1333 1103/1332
f 1083/1472 968/1487 1076/1488 1125/1470
f 1125/1470 1076/1488 1075/1489 1126/1468
f 1126/1468 1075/1489 1074/1321 1084/1320
f 975/1490 1081/1351 1100/1491 1071/1492
f 1071/1492 1100/1491 1132/1493 1072/1494
f 1072/1494 1132/1493 1131/1317 1073/1316
f 1077/1344 974/1495 1070/1496 1129/1497
f 1129/1497 1070/1496 1069/1498 1130/1499
f 1130/1499 1069/1498 1068/1310 1094/1314
f 974/1495 1110/1500 1112/1443 1070/1496
f 1070/1496 1112/1443 1136/1441 1069/1498
f 1069/1498 1136/1441 1135/1311 1068/1310
f 971/1501 1122/1389 1124/1422 1059/1502
f 1059/1502 1124/1422 1140/1503 1060/1504
f 1060/1504 1140/1503 1139/1309 1061/1308
f 977/1479 1091/1453 1093/1452 1065/1480
f 1065/1480 1093/1452 1128/1459 1066/1481
f 1066/1481 1128/1459 1127/1305 1067/1304
f 1233/1505 1161/1506 1077/1344 1129/1497
f 1168/1507 1170/1508 1080/1349 1079/1347
f 1171/1509 1238/1510 1094/1314 1095/1315
f 1164/1511 1244/1512 1100/1491 1081/1351
f 1144/1513 1222/1514 1243/1515 1163/1516
f 1152/1517 1156/1518 1180/1519 1174/1520
f 1160/1521 1154/1522 1172/1523 1176/1524
f 1225/1525 1152/1517 1174/1520 1240/1526
f 1158/1527 1160/1521 1176/1524 1178/1528
f 1147/1529 1149/1530 1169/1531 1167/1532
f 1161/1506 1166/1533 1078/1345 1077/1344
f 1149/1530 1144/1513 1163/1516 1169/1531
f 1154/1522 1228/1534 1237/1535 1172/1523
f 1146/1477 1142/1450 1091/1453 1089/1478
f 1175/1536 1171/1509 1095/1315 1096/1379
f 1173/1537 1179/1538 1098/1381 1099/1318
f 1179/1538 1177/1539 1097/1380 1098/1381
f 1267/1540 1181/1423 1204/1426 1246/1541
f 1239/1542 1173/1537 1099/1318 1131/1317
f 1166/1533 1168/1507 1079/1347 1078/1345
f 1245/1428 1203/1543 1102/1483 1133/1429
f 1215/1544 1211/1545 1104/1296 1105/1394
f 1213/1546 1219/1547 1109/1390 1111/1312
f 1211/1545 1250/1431 1103/1332 1104/1296
f 1219/1547 1217/1548 1107/1392 1109/1390
f 1210/1549 1208/1550 1106/1551 1101/1552
f 1222/1514 1224/1553 1242/1554 1243/1515
f 1202/1555 1256/1442 1112/1443 1110/1500
f 1251/1440 1213/1546 1111/1312 1135/1311
f 1203/1543 1210/1549 1101/1552 1102/1483
f 1184/1556 1258/1557 1255/1558 1201/1559
f 1192/1560 1196/1561 1220/1562 1214/1563
f 1200/1564 1194/1565 1212/1566 1216/1567
f 1261/1568 1192/1560 1214/1563 1252/1569
f 1198/1570 1200/1564 1216/1567 1218/1571
f 1187/1572 1189/1573 1205/1574 1207/1575
f 1206/1576 1202/1555 1110/1500 1108/1577
f 1189/1573 1184/1556 1201/1559 1205/1574
f 1194/1565 1264/1578 1249/1579 1212/1566
f 1186/1449 1182/1420 1122/1389 1120/1387
f 1145/1455 1147/1529 1167/1532 1165/1456
f 1224/1553 1225/1525 1240/1526 1242/1554
f 1228/1534 1230/1580 1236/1581 1237/1535
f 1156/1518 1158/1527 1178/1528 1180/1519
f 1230/1580 1231/1582 1234/1583 1236/1581
f 1235/1584 1233/1505 1129/1497 1130/1499
f 1170/1508 1164/1511 1081/1351 1080/1349
f 1238/1510 1235/1584 1130/1499 1094/1314
f 1241/1585 1239/1542 1131/1317 1132/1493
f 1177/1539 1175/1536 1096/1379 1097/1380
f 1244/1512 1241/1585 1132/1493 1100/1491
f 1266/1586 1267/1540 1246/1541 1248/1587
f 1208/1550 1206/1576 1108/1577 1106/1551
f 1264/1578 1266/1586 1248/1587 1249/1579
f 1260/1588 1261/1568 1252/1569 1254/1589
f 1217/1548 1215/1544 1105/1394 1107/1392
f 1258/1557 1260/1588 1254/1589 1255/1558
f 1259/1590 1257/1444 1137/1446 1138/1482
f 1185/1424 1187/1572 1207/1575 1209/1425
f 1262/1438 1259/1590 1138/1482 1115/1336
f 1265/1591 1263/1432 1139/1309 1140/1503
f 1196/1561 1198/1570 1218/1571 1220/1562
f 1268/1421 1265/1591 1140/1503 1124/1422
f 1162/1592 1165/1593 1166/1533 1161/1506
f 1165/1593 1167/1594 1168/1507 1166/1533
f 1167/1594 1169/1595 1170/1508 1168/1507
f 1169/1595 1163/1596 1164/1511 1170/1508
f 1150/1473 1143/1471 1144/1513 1149/1530
f 1226/1466 1151/1465 1152/1517 1225/1525
f 1151/1465 1155/1464 1156/1518 1152/1517
f 1148/1475 1150/1473 1149/1530 1147/1529
f 1155/1464 1157/1463 1158/1527 1156/1518
f 1146/1477 1148/1475 1147/1529 1145/1455
f 1157/1463 1159/1462 1160/1521 1158/1527
f 1142/1450 1146/1477 1145/1455 1141/1454
f 1159/1462 1153/1461 1154/1522 1160/1521
f 1232/1451 1142/1450 1141/1454 1231/1582
f 1238/1510 1171/1509 1172/1597 1237/1598
f 1171/1509 1175/1536 1176/1599 1172/1597
f 1175/1536 1177/1539 1178/1600 1176/1599
f 1177/1539 1179/1538 1180/1601 1178/1600
f 1179/1538 1173/1537 1174/1602 1180/1601
f 1244/1512 1164/1511 1163/1596 1243/1603
f 1210/1549 1203/1543 1204/1604 1209/1605
f 1250/1431 1211/1545 1212/1606 1249/1607
f 1211/1545 1215/1544 1216/1608 1212/1606
f 1208/1550 1210/1549 1209/1605 1207/1609
f 1215/1544 1217/1548 1218/1610 1216/1608
f 1206/1576 1208/1550 1207/1609 1205/1611
f 1217/1548 1219/1547 1220/1612 1218/1610
f 1202/1555 1206/1576 1205/1611 1201/1613
f 1219/1547 1213/1546 1214/1614 1220/1612
f 1256/1442 1202/1555 1201/1613 1255/1615
f 1190/1447 1183/1445 1184/1556 1189/1573
f 1262/1438 1191/1437 1192/1560 1261/1568
f 1191/1437 1195/1436 1196/1561 1192/1560
f 1188/1448 1190/1447 1189/1573 1187/1572
f 1195/1436 1197/1435 1198/1570 1196/1561
f 1186/1449 1188/1448 1187/1572 1185/1424
f 1197/1435 1199/1434 1200/1564 1198/1570
f 1182/1420 1186/1449 1185/1424 1181/1423
f 1199/1434 1193/1433 1194/1565 1200/1564
f 1268/1421 1182/1420 1181/1423 1267/1540
f 1143/1471 1221/1469 1222/1514 1144/1513
f 1221/1469 1223/1467 1224/1553 1222/1514
f 1223/1467 1226/1466 1225/1525 1224/1553
f 1153/1461 1227/1460 1228/1534 1154/1522
f 1227/1460 1229/1458 1230/1580 1228/1534
f 1229/1458 1232/1451 1231/1582 1230/1580
f 1161/1506 1233/1505 1234/1616 1162/1592
f 1233/1505 1235/1584 1236/1617 1234/1616
f 1235/1584 1238/1510 1237/1598 1236/1617
f 1173/1537 1239/1542 1240/1618 1174/1602
f 1239/1542 1241/1585 1242/1619 1240/1618
f 1241/1585 1244/1512 1243/1603 1242/1619
f 1203/1543 1245/1428 1246/1620 1204/1604
f 1245/1428 1247/1427 1248/1621 1246/1620
f 1247/1427 1250/1431 1249/1607 1248/1621
f 1213/1546 1251/1440 1252/1622 1214/1614
f 1251/1440 1253/1439 1254/1623 1252/1622
f 1253/1439 1256/1442 1255/1615 1254/1623
f 1183/1445 1257/1444 1258/1557 1184/1556
f 1257/1444 1259/1590 1260/1588 1258/1557
f 1259/1590 1262/1438 1261/1568 1260/1588
f 1193/1433 1263/1432 1264/1578 1194/1565
f 1263/1432 1265/1591 1266/1586 1264/1578
f 1265/1591 1268/1421 1267/1540 1266/1586
f 1231/1582 1141/1454 1162/1457 1234/1583
f 1101/1552 1293/1413 1294/1263 1102/1483
f 1106/1551 1292/1411 1293/1413 1101/1552
f 1108/1577 1291/1409 1292/1411 1106/1551
f 1110/1500 1290/1342 1291/1409 1108/1577
f 1036/1624 1288/1388 1289/1281 1034/1280
f 1037/1625 1287/1386 1288/1388 1036/1624
f 1038/1626 1286/1384 1287/1386 1037/1625
f 1035/1335 1285/1334 1286/1384 1038/1626
f 1082/1474 1283/1372 1284/1255 1083/1472
f 1087/1476 1282/1370 1283/1372 1082/1474
f 1089/1478 1281/1368 1282/1370 1087/1476
f 1091/1453 1280/1270 1281/1368 1089/1478
f 1001/1627 1278/1350 1279/1277 999/1276
f 1002/1628 1277/1348 1278/1350 1001/1627
f 1003/1629 1276/1346 1277/1348 1002/1628
f 1000/1324 1275/1323 1276/1346 1003/1629
f 1110/1500 974/1495 1274/1326 1290/1342
f 1114/1382 1285/1334 1271/1271 977/1479
f 1077/1344 1275/1323 1274/1326 974/1495
f 971/1501 1273/1278 1289/1281 1122/1389
f 975/1490 1269/1274 1279/1277 1081/1351
f 1091/1453 977/1479 1271/1271 1280/1270
f 970/1484 1102/1483 1294/1263 1272/1262
f 968/1487 1083/1472 1284/1255 1270/1254
f 1272/1630 1273/1631 971/1632 970/1633
f 955/1634 962/1635 951/1636 945/1637
f 960/1638 943/1639 950/1640 965/1641
f 1025/1642 1034/1643 954/1644 948/1645
f 962/1635 955/1634 956/1646 961/1647
f 960/1638 965/1641 966/1648 959/1649
f 969/1650 972/1651 961/1647 956/1646
f 976/1652 959/1649 966/1648 967/1653
f 1059/1654 1064/1655 970/1633 971/1632
f 1071/1656 1076/1657 968/1658 975/1659
f 1269/1660 975/1659 968/1658 1270/1661
f 999/1662 946/1663 953/1664 989/1665
f 947/1666 1000/1667 990/1668 952/1669
f 947/1666 952/1669 1035/1670 1024/1671
f 999/1662 989/1665 991/1672 1001/1673
f 1001/1673 991/1672 992/1674 1002/1675
f 1002/1675 992/1674 993/1676 1003/1677
f 1003/1677 993/1676 990/1668 1000/1667
f 1034/1643 1025/1642 1028/1678 1036/1679
f 1036/1679 1028/1678 1027/1680 1037/1681
f 1037/1681 1027/1680 1026/1682 1038/1683
f 1038/1683 1026/1682 1024/1671 1035/1670
f 976/1652 967/1653 1074/1684 1073/1685
f 1073/1685 1074/1684 1075/1686 1072/1687
f 1072/1687 1075/1686 1076/1657 1071/1656
f 972/1651 969/1650 1062/1688 1061/1689
f 1061/1689 1062/1688 1063/1690 1060/1691
f 1060/1691 1063/1690 1064/1655 1059/1654
f 946/1663 1269/1660 1270/1661 953/1664
f 948/1645 954/1644 1273/1631 1272/1630
f 943/1692 1004/1693 995/1694 950/1695
f 945/1696 951/1697 1030/1698 1019/1699
f 1005/1700 944/1701 949/1702 994/1703
f 1020/1704 1029/1705 949/1702 944/1701
f 1005/1700 994/1703 996/1706 1008/1707
f 1008/1707 996/1706 997/1708 1007/1709
f 1007/1709 997/1708 998/1710 1006/1711
f 1006/1711 998/1710 995/1694 1004/1693
f 1029/1705 1020/1704 1023/1712 1031/1713
f 1031/1713 1023/1712 1022/1714 1032/1715
f 1032/1715 1022/1714 1021/1716 1033/1717
f 1033/1717 1021/1716 1019/1699 1030/1698
g Group8173
f 1319/1718 1296/1719 1298/1720 1320/1721
f 1322/1722 1302/1723 1304/1724 1323/1725
f 1323/1725 1304/1724 1306/1726 1324/1727
f 1324/1727 1306/1726 1308/1728 1325/1729
f 1325/1729 1308/1728 1310/1730 1326/1731
f 1326/1731 1310/1730 1312/1732 1327/1733
f 1327/1733 1312/1732 1314/1734 1328/1735
f 1328/1735 1314/1734 1316/1736 1329/1737
f 1329/1737 1316/1736 1318/1738 1330/1739
f 1320/1721 1298/1720 1300/1740 1321/1741
f 1321/1741 1300/1740 1302/1723 1322/1722
f 1330/1739 1318/1738 1296/1742 1319/1743
f 1298/1744 1296/1745 1295/1746 1297/1747
f 1300/1748 1298/1744 1297/1747 1299/1749
f 1302/1750 1300/1748 1299/1749 1301/1751
f 1304/1752 1302/1750 1301/1751 1303/1753
f 1306/1754 1304/1752 1303/1753 1305/1755
f 1308/1756 1306/1754 1305/1755 1307/1757
f 1310/1758 1308/1756 1307/1757 1309/1759
f 1312/1760 1310/1758 1309/1759 1311/1761
f 1314/1762 1312/1760 1311/1761 1313/1763
f 1316/1764 1314/1762 1313/1763 1315/1765
f 1318/1766 1316/1764 1315/1765 1317/1767
f 1296/1745 1318/1766 1317/1767 1295/1746
f 1297/1747 1295/1746 1317/1767 1315/1765
f 1297/1747 1315/1765 1367/1768
f 1367/1768 1315/1765 1313/1763
f 1367/1768 1313/1763 1311/1761
f 1367/1768 1311/1761 1309/1759
f 1301/1751 1299/1749 1297/1747
f 1301/1751 1297/1747 1367/1768
f 1303/1753 1301/1751 1367/1768
f 1305/1755 1303/1753 1367/1768
f 1307/1757 1305/1755 1367/1768
f 1309/1759 1307/1757 1367/1768
g Group8188
f 1355/1769 1356/1770 1334/1771 1332/1772
f 1358/1773 1359/1774 1340/1775 1338/1776
f 1359/1774 1360/1777 1342/1778 1340/1775
f 1360/1777 1361/1779 1344/1780 1342/1778
f 1361/1779 1362/1781 1346/1782 1344/1780
f 1362/1781 1363/1783 1348/1784 1346/1782
f 1363/1783 1364/1785 1350/1786 1348/1784
f 1364/1785 1365/1787 1352/1788 1350/1786
f 1365/1787 1366/1789 1354/1790 1352/1788
f 1356/1770 1357/1791 1336/1792 1334/1771
f 1357/1791 1358/1773 1338/1776 1336/1792
f 1366/1789 1355/1793 1332/1794 1354/1790
f 1334/1795 1333/1796 1331/1797 1332/1798
f 1336/1799 1335/1800 1333/1796 1334/1795
f 1338/1801 1337/1802 1335/1800 1336/1799
f 1340/1803 1339/1804 1337/1802 1338/1801
f 1342/1805 1341/1806 1339/1804 1340/1803
f 1344/1807 1343/1808 1341/1806 1342/1805
f 1346/1809 1345/1810 1343/1808 1344/1807
f 1348/1811 1347/1812 1345/1810 1346/1809
f 1350/1813 1349/1814 1347/1812 1348/1811
f 1352/1815 1351/1816 1349/1814 1350/1813
f 1354/1817 1353/1818 1351/1816 1352/1815
f 1332/1798 1331/1797 1353/1818 1354/1817
f 1333/1796 1335/1800 1337/1802 1339/1804
f 1333/1796 1339/1804 1404/1819
f 1404/1819 1339/1804 1341/1806
f 1404/1819 1341/1806 1343/1808
f 1404/1819 1343/1808 1345/1810
f 1353/1818 1331/1797 1333/1796
f 1353/1818 1333/1796 1404/1819
f 1351/1816 1353/1818 1404/1819
f 1349/1814 1351/1816 1404/1819
f 1347/1812 1349/1814 1404/1819
f 1345/1810 1347/1812 1404/1819
g Group8203
f 1392/1820 1393/1821 1371/1822 1369/1823
f 1395/1824 1396/1825 1377/1826 1375/1827
f 1396/1825 1397/1828 1379/1829 1377/1826
f 1397/1828 1398/1830 1381/1831 1379/1829
f 1398/1832 1399/1833 1383/1834 1381/1835
f 1399/1833 1400/1836 1385/1837 1383/1834
f 1400/1836 1401/1838 1387/1839 1385/1837
f 1401/1838 1402/1840 1389/1841 1387/1839
f 1402/1840 1403/1842 1391/1843 1389/1841
f 1393/1821 1394/1844 1373/1845 1371/1822
f 1394/1844 1395/1824 1375/1827 1373/1845
f 1403/1842 1392/1820 1369/1823 1391/1843
f 1371/1846 1370/1847 1368/1848 1369/1849
f 1373/1850 1372/1851 1370/1847 1371/1846
f 1375/1852 1374/1853 1372/1851 1373/1850
f 1377/1854 1376/1855 1374/1853 1375/1852
f 1379/1856 1378/1857 1376/1855 1377/1854
f 1381/1858 1380/1859 1378/1857 1379/1856
f 1383/1860 1382/1861 1380/1859 1381/1858
f 1385/1862 1384/1863 1382/1861 1383/1860
f 1387/1864 1386/1865 1384/1863 1385/1862
f 1389/1866 1388/1867 1386/1865 1387/1864
f 1391/1868 1390/1869 1388/1867 1389/1866
f 1369/1849 1368/1848 1390/1869 1391/1868
f 1370/1847 1372/1851 1374/1853 1376/1855
f 1370/1847 1376/1855 1441/1870
f 1441/1870 1376/1855 1378/1857
f 1441/1870 1378/1857 1380/1859
f 1441/1870 1380/1859 1382/1861
f 1368/1848 1370/1847 1442/1871
f 1442/1871 1370/1847 1441/1870
f 1390/1869 1368/1848 1442/1871
f 1388/1867 1390/1869 1442/1871
f 1441/1870 1382/1861 1384/1863
f 1442/1871 1441/1870 1384/1863
f 1442/1871 1384/1863 1386/1865
f 1388/1867 1442/1871 1386/1865
g Group8218
f 1429/1872 1406/1873 1408/1874 1430/1875
f 1432/1876 1412/1877 1414/1878 1433/1879
f 1433/1879 1414/1878 1416/1880 1434/1881
f 1434/1881 1416/1880 1418/1882 1435/1883
f 1435/1884 1418/1885 1420/1886 1436/1887
f 1436/1887 1420/1886 1422/1888 1437/1889
f 1437/1889 1422/1888 1424/1890 1438/1891
f 1438/1891 1424/1890 1426/1892 1439/1893
f 1439/1893 1426/1892 1428/1894 1440/1895
f 1430/1875 1408/1874 1410/1896 1431/1897
f 1431/1897 1410/1896 1412/1877 1432/1876
f 1440/1895 1428/1894 1406/1873 1429/1872
f 1408/1898 1406/1899 1405/1900 1407/1901
f 1410/1902 1408/1898 1407/1901 1409/1903
f 1412/1904 1410/1902 1409/1903 1411/1905
f 1414/1906 1412/1904 1411/1905 1413/1907
f 1416/1908 1414/1906 1413/1907 1415/1909
f 1418/1910 1416/1908 1415/1909 1417/1911
f 1420/1912 1418/1910 1417/1911 1419/1913
f 1422/1914 1420/1912 1419/1913 1421/1915
f 1424/1916 1422/1914 1421/1915 1423/1917
f 1426/1918 1424/1916 1423/1917 1425/1919
f 1428/1920 1426/1918 1425/1919 1427/1921
f 1406/1899 1428/1920 1427/1921 1405/1900
f 1407/1901 1405/1900 1427/1921 1425/1919
f 1407/1901 1425/1919 1685/1922
f 1685/1922 1425/1919 1423/1917
f 1685/1922 1423/1917 1421/1915
f 1685/1922 1421/1915 1419/1913
f 1411/1905 1409/1903 1407/1901
f 1411/1905 1407/1901 1685/1922
f 1413/1907 1411/1905 1685/1922
f 1415/1909 1413/1907 1685/1922
f 1417/1911 1415/1909 1685/1922
f 1419/1913 1417/1911 1685/1922
g Group8233
f 1682/1923 1458/1924 1444/1925 1652/1926
f 1656/1927 1445/1928 1446/1929 1658/1930
f 1658/1930 1446/1929 1447/1931 1660/1932
f 1660/1932 1447/1931 1448/1933 1662/1934
f 1662/1934 1448/1933 1449/1935 1664/1936
f 1664/1936 1449/1935 1450/1937 1666/1938
f 1666/1938 1450/1937 1451/1939 1668/1940
f 1668/1940 1451/1939 1452/1941 1670/1942
f 1670/1942 1452/1941 1453/1943 1672/1944
f 1672/1944 1453/1943 1454/1945 1674/1946
f 1674/1946 1454/1945 1455/1947 1676/1948
f 1676/1948 1455/1947 1456/1949 1678/1950
f 1678/1950 1456/1949 1457/1951 1680/1952
f 1680/1952 1457/1951 1458/1924 1682/1923
f 1654/1953 1443/1954 1445/1928 1656/1927
f 1652/1926 1444/1925 1443/1954 1654/1953
f 1652/1926 1654/1953 1653/1955 1651/1956
f 1654/1953 1656/1927 1655/1957 1653/1955
f 1656/1927 1658/1930 1657/1958 1655/1957
f 1658/1930 1660/1932 1659/1959 1657/1958
f 1660/1932 1662/1934 1661/1960 1659/1959
f 1662/1934 1664/1936 1663/1961 1661/1960
f 1664/1936 1666/1938 1665/1962 1663/1961
f 1666/1938 1668/1940 1667/1963 1665/1962
f 1668/1940 1670/1942 1669/1964 1667/1963
f 1670/1942 1672/1944 1671/1965 1669/1964
f 1672/1944 1674/1946 1673/1966 1671/1965
f 1674/1946 1676/1948 1675/1967 1673/1966
f 1676/1948 1678/1950 1677/1968 1675/1967
f 1678/1950 1680/1952 1679/1969 1677/1968
f 1680/1952 1682/1923 1681/1970 1679/1969
f 1682/1923 1652/1926 1651/1956 1681/1970
f 1651/1956 1653/1955 1655/1957 1657/1958
f 1683/1971 1651/1956 1657/1958
f 1681/1970 1651/1956 1683/1971
f 1679/1969 1681/1970 1683/1971
f 1677/1968 1679/1969 1683/1971
f 1675/1967 1677/1968 1683/1971
f 1657/1958 1659/1959 1661/1960
f 1684/1972 1657/1958 1661/1960
f 1683/1971 1657/1958 1684/1972
f 1684/1972 1661/1960 1663/1961
f 1684/1972 1663/1961 1665/1962
f 1684/1972 1665/1962 1667/1963
f 1671/1965 1673/1966 1675/1967
f 1675/1967 1683/1971 1684/1972
f 1671/1965 1675/1967 1684/1972
f 1671/1965 1684/1972 1667/1963
f 1671/1965 1667/1963 1669/1964
f 1540/1973 1537/1974 1586/1975 1589/1976
f 1508/1977 1552/1978 1601/1979 1558/1980
f 1516/1981 1513/1982 1562/1983 1565/1984
f 1519/1985 1516/1981 1565/1984 1568/1986
f 1522/1987 1519/1985 1568/1986 1571/1988
f 1525/1989 1522/1987 1571/1988 1574/1990
f 1528/1991 1525/1989 1574/1990 1577/1992
f 1531/1993 1528/1991 1577/1992 1580/1994
f 1534/1995 1531/1993 1580/1994 1583/1996
f 1535/1997 1538/1998 1453/1999 1452/2000
f 1537/1974 1534/1995 1583/1996 1586/1975
f 1543/2001 1540/1973 1589/1976 1592/2002
f 1546/2003 1543/2001 1592/2002 1595/2004
f 1549/2005 1546/2003 1595/2004 1598/2006
f 1552/1978 1549/2005 1598/2006 1601/1979
f 1559/2007 1460/2008 1459/2009 1555/2010
f 1513/1982 1510/2011 1556/2012 1562/1983
f 1561/2013 1461/2014 1462/2015 1564/2016
f 1514/2017 1517/2018 1446/2019 1445/2020
f 1538/1998 1541/2021 1454/2022 1453/1999
f 1517/2018 1520/2023 1447/2024 1446/2019
f 1541/2021 1544/2025 1455/2026 1454/2022
f 1520/2023 1523/2027 1448/2028 1447/2024
f 1544/2025 1547/2029 1456/2030 1455/2026
f 1523/2027 1526/2031 1449/2032 1448/2028
f 1547/2029 1550/2033 1457/2034 1456/2030
f 1526/2031 1529/2035 1450/2036 1449/2032
f 1550/2033 1553/2037 1458/2038 1457/2034
f 1529/2035 1532/2039 1451/2040 1450/2036
f 1507/2041 1511/2042 1443/2043 1444/2044
f 1553/2037 1507/2041 1444/2044 1458/2038
f 1532/2039 1535/1997 1452/2000 1451/2040
f 1511/2042 1514/2017 1445/2020 1443/2043
f 1473/2045 1474/2046 1600/2047 1597/2048
f 1594/2049 1472/2050 1473/2045 1597/2048
f 1591/2051 1471/2052 1472/2050 1594/2049
f 1588/2053 1470/2054 1471/2052 1591/2051
f 1585/2055 1469/2056 1470/2054 1588/2053
f 1582/2057 1468/2058 1469/2056 1585/2055
f 1579/2059 1467/2060 1468/2058 1582/2057
f 1576/2061 1466/2062 1467/2060 1579/2059
f 1573/2063 1465/2064 1466/2062 1576/2061
f 1570/2065 1464/2066 1465/2064 1573/2063
f 1567/2067 1463/2068 1464/2066 1570/2065
f 1564/2016 1462/2015 1463/2068 1567/2067
f 1600/2047 1474/2046 1460/2008 1559/2007
f 1555/2010 1459/2009 1461/2014 1561/2013
f 1459/2009 1460/2008 1606/2069 1604/2070
f 1472/2050 1471/2052 1640/2071 1643/2072
f 1465/2064 1464/2066 1619/2073 1622/2074
f 1473/2045 1472/2050 1643/2072 1646/2075
f 1466/2062 1465/2064 1622/2074 1625/2076
f 1474/2046 1473/2045 1646/2075 1649/2077
f 1467/2060 1466/2062 1625/2076 1628/2078
f 1461/2014 1459/2009 1604/2070 1610/2079
f 1460/2008 1474/2046 1649/2077 1606/2069
f 1468/2058 1467/2060 1628/2078 1631/2080
f 1469/2056 1468/2058 1631/2080 1634/2081
f 1462/2015 1461/2014 1610/2079 1613/2082
f 1470/2054 1469/2056 1634/2081 1637/2083
f 1463/2068 1462/2015 1613/2082 1616/2084
f 1471/2052 1470/2054 1637/2083 1640/2071
f 1464/2066 1463/2068 1616/2084 1619/2073
f 1511/2042 1507/2041 1509/2085 1512/2086
f 1512/2086 1509/2085 1508/1977 1510/2011
f 1514/2017 1511/2042 1512/2086 1515/2087
f 1515/2087 1512/2086 1510/2011 1513/1982
f 1517/2018 1514/2017 1515/2087 1518/2088
f 1518/2088 1515/2087 1513/1982 1516/1981
f 1520/2023 1517/2018 1518/2088 1521/2089
f 1521/2089 1518/2088 1516/1981 1519/1985
f 1523/2027 1520/2023 1521/2089 1524/2090
f 1524/2090 1521/2089 1519/1985 1522/1987
f 1526/2031 1523/2027 1524/2090 1527/2091
f 1527/2091 1524/2090 1522/1987 1525/1989
f 1529/2035 1526/2031 1527/2091 1530/2092
f 1530/2092 1527/2091 1525/1989 1528/1991
f 1532/2039 1529/2035 1530/2092 1533/2093
f 1533/2093 1530/2092 1528/1991 1531/1993
f 1535/1997 1532/2039 1533/2093 1536/2094
f 1536/2094 1533/2093 1531/1993 1534/1995
f 1538/1998 1535/1997 1536/2094 1539/2095
f 1539/2095 1536/2094 1534/1995 1537/1974
f 1541/2021 1538/1998 1539/2095 1542/2096
f 1542/2096 1539/2095 1537/1974 1540/1973
f 1544/2025 1541/2021 1542/2096 1545/2097
f 1545/2097 1542/2096 1540/1973 1543/2001
f 1547/2029 1544/2025 1545/2097 1548/2098
f 1548/2098 1545/2097 1543/2001 1546/2003
f 1550/2033 1547/2029 1548/2098 1551/2099
f 1551/2099 1548/2098 1546/2003 1549/2005
f 1553/2037 1550/2033 1551/2099 1554/2100
f 1554/2100 1551/2099 1549/2005 1552/1978
f 1507/2041 1553/2037 1554/2100 1509/2085
f 1509/2085 1554/2100 1552/1978 1508/1977
f 1556/2012 1558/1980 1560/2101 1557/2102
f 1557/2102 1560/2101 1559/2007 1555/2010
f 1562/1983 1556/2012 1557/2102 1563/2103
f 1563/2103 1557/2102 1555/2010 1561/2013
f 1565/1984 1562/1983 1563/2103 1566/2104
f 1566/2104 1563/2103 1561/2013 1564/2016
f 1568/1986 1565/1984 1566/2104 1569/2105
f 1569/2105 1566/2104 1564/2016 1567/2067
f 1571/1988 1568/1986 1569/2105 1572/2106
f 1572/2106 1569/2105 1567/2067 1570/2065
f 1574/1990 1571/1988 1572/2106 1575/2107
f 1575/2107 1572/2106 1570/2065 1573/2063
f 1577/1992 1574/1990 1575/2107 1578/2108
f 1578/2108 1575/2107 1573/2063 1576/2061
f 1580/1994 1577/1992 1578/2108 1581/2109
f 1581/2109 1578/2108 1576/2061 1579/2059
f 1583/1996 1580/1994 1581/2109 1584/2110
f 1584/2110 1581/2109 1579/2059 1582/2057
f 1586/1975 1583/1996 1584/2110 1587/2111
f 1587/2111 1584/2110 1582/2057 1585/2055
f 1589/1976 1586/1975 1587/2111 1590/2112
f 1590/2112 1587/2111 1585/2055 1588/2053
f 1592/2002 1589/1976 1590/2112 1593/2113
f 1593/2113 1590/2112 1588/2053 1591/2051
f 1595/2004 1592/2002 1593/2113 1596/2114
f 1596/2114 1593/2113 1591/2051 1594/2049
f 1598/2006 1595/2004 1596/2114 1599/2115
f 1599/2115 1596/2114 1594/2049 1597/2048
f 1601/1979 1598/2006 1599/2115 1602/2116
f 1602/2116 1599/2115 1597/2048 1600/2047
f 1558/1980 1601/1979 1602/2116 1560/2101
f 1560/2101 1602/2116 1600/2047 1559/2007
f 1510/2011 1508/1977 1558/1980 1556/2012
f 1604/2070 1606/2069 1608/2117 1605/2118
f 1610/2079 1604/2070 1605/2118 1611/2119
f 1613/2082 1610/2079 1611/2119 1614/2120
f 1616/2084 1613/2082 1614/2120 1617/2121
f 1619/2073 1616/2084 1617/2121 1620/2122
f 1622/2074 1619/2073 1620/2122 1623/2123
f 1625/2076 1622/2074 1623/2123 1626/2124
f 1628/2078 1625/2076 1626/2124 1629/2125
f 1631/2080 1628/2078 1629/2125 1632/2126
f 1634/2081 1631/2080 1632/2126 1635/2127
f 1637/2083 1634/2081 1635/2127 1638/2128
f 1640/2071 1637/2083 1638/2128 1641/2129
f 1643/2072 1640/2071 1641/2129 1644/2130
f 1646/2075 1643/2072 1644/2130 1647/2131
f 1649/2077 1646/2075 1647/2131 1650/2132
f 1606/2069 1649/2077 1650/2132 1608/2117
f 1686/2133 1690/2134 1476/2135 1475/2136
f 1630/2137 1627/2138 1711/2139 1714/2140
f 1609/2141 1603/2142 1687/2143 1693/2144
f 1612/2145 1609/2141 1693/2144 1696/2146
f 1633/2147 1630/2137 1714/2140 1717/2148
f 1636/2149 1633/2147 1717/2148 1720/2150
f 1615/2151 1612/2145 1696/2146 1699/2152
f 1639/2153 1636/2149 1720/2150 1723/2154
f 1618/2155 1615/2151 1699/2152 1702/2156
f 1642/2157 1639/2153 1723/2154 1726/2158
f 1621/2159 1618/2155 1702/2156 1705/2160
f 1645/2161 1642/2157 1726/2158 1729/2162
f 1624/2163 1621/2159 1705/2160 1708/2164
f 1648/2165 1645/2161 1729/2162 1732/2166
f 1627/2138 1624/2163 1708/2164 1711/2139
f 1607/2167 1648/2165 1732/2166 1689/2168
f 1698/2169 1695/2170 1478/2171 1479/2172
f 1722/2173 1719/2174 1486/2175 1487/2176
f 1701/2177 1698/2169 1479/2172 1480/2178
f 1725/2179 1722/2173 1487/2176 1488/2180
f 1704/2181 1701/2177 1480/2178 1481/2182
f 1728/2183 1725/2179 1488/2180 1489/2184
f 1707/2185 1704/2181 1481/2182 1482/2186
f 1731/2187 1728/2183 1489/2184 1490/2188
f 1710/2189 1707/2185 1482/2186 1483/2190
f 1713/2191 1710/2189 1483/2190 1484/2192
f 1692/2193 1686/2133 1475/2136 1477/2194
f 1695/2170 1692/2193 1477/2194 1478/2171
f 1716/2195 1713/2191 1484/2192 1485/2196
f 1690/2134 1731/2187 1490/2188 1476/2135
f 1719/2174 1716/2195 1485/2196 1486/2175
f 1605/2197 1608/2198 1607/2167 1603/2142
f 1611/2199 1605/2197 1603/2142 1609/2141
f 1614/2200 1611/2199 1609/2141 1612/2145
f 1617/2201 1614/2200 1612/2145 1615/2151
f 1620/2202 1617/2201 1615/2151 1618/2155
f 1623/2203 1620/2202 1618/2155 1621/2159
f 1626/2204 1623/2203 1621/2159 1624/2163
f 1629/2205 1626/2204 1624/2163 1627/2138
f 1632/2206 1629/2205 1627/2138 1630/2137
f 1635/2207 1632/2206 1630/2137 1633/2147
f 1638/2208 1635/2207 1633/2147 1636/2149
f 1641/2209 1638/2208 1636/2149 1639/2153
f 1644/2210 1641/2209 1639/2153 1642/2157
f 1647/2211 1644/2210 1642/2157 1645/2161
f 1650/2212 1647/2211 1645/2161 1648/2165
f 1608/2198 1650/2212 1648/2165 1607/2167
f 1687/2143 1689/2168 1691/2213 1688/2214
f 1688/2214 1691/2213 1690/2134 1686/2133
f 1693/2144 1687/2143 1688/2214 1694/2215
f 1694/2215 1688/2214 1686/2133 1692/2193
f 1696/2146 1693/2144 1694/2215 1697/2216
f 1697/2216 1694/2215 1692/2193 1695/2170
f 1699/2152 1696/2146 1697/2216 1700/2217
f 1700/2217 1697/2216 1695/2170 1698/2169
f 1702/2156 1699/2152 1700/2217 1703/2218
f 1703/2218 1700/2217 1698/2169 1701/2177
f 1705/2160 1702/2156 1703/2218 1706/2219
f 1706/2219 1703/2218 1701/2177 1704/2181
f 1708/2164 1705/2160 1706/2219 1709/2220
f 1709/2220 1706/2219 1704/2181 1707/2185
f 1711/2139 1708/2164 1709/2220 1712/2221
f 1712/2221 1709/2220 1707/2185 1710/2189
f 1714/2140 1711/2139 1712/2221 1715/2222
f 1715/2222 1712/2221 1710/2189 1713/2191
f 1717/2148 1714/2140 1715/2222 1718/2223
f 1718/2223 1715/2222 1713/2191 1716/2195
f 1720/2150 1717/2148 1718/2223 1721/2224
f 1721/2224 1718/2223 1716/2195 1719/2174
f 1723/2154 1720/2150 1721/2224 1724/2225
f 1724/2225 1721/2224 1719/2174 1722/2173
f 1726/2158 1723/2154 1724/2225 1727/2226
f 1727/2226 1724/2225 1722/2173 1725/2179
f 1729/2162 1726/2158 1727/2226 1730/2227
f 1730/2227 1727/2226 1725/2179 1728/2183
f 1732/2166 1729/2162 1730/2227 1733/2228
f 1733/2228 1730/2227 1728/2183 1731/2187
f 1689/2168 1732/2166 1733/2228 1691/2213
f 1691/2213 1733/2228 1731/2187 1690/2134
f 1603/2142 1607/2167 1689/2168 1687/2143
f 1483/2229 1482/2230 1495/2231 1503/2232
f 1475/2233 1476/2234 1501/2235 1500/2236
f 1476/2234 1490/2237 1499/2238 1501/2235
f 1484/2239 1483/2229 1503/2232 1504/2240
f 1477/2241 1475/2233 1500/2236 1491/2242
f 1485/2243 1484/2239 1504/2240 1496/2244
f 1478/2245 1477/2241 1491/2242 1502/2246
f 1486/2247 1485/2243 1496/2244 1505/2248
f 1479/2249 1478/2245 1502/2246 1492/2250
f 1487/2251 1486/2247 1505/2248 1506/2252
f 1480/2253 1479/2249 1492/2250 1493/2254
f 1488/2255 1487/2251 1506/2252 1497/2256
f 1481/2257 1480/2253 1493/2254 1494/2258
f 1489/2259 1488/2255 1497/2256 1498/2260
f 1482/2230 1481/2257 1494/2258 1495/2231
f 1490/2237 1489/2259 1498/2260 1499/2238
f 1491/2261 1500/2262 1734/2263 1502/2264
f 1500/2262 1501/2265 1737/2266 1734/2263
f 1501/2265 1499/2267 1740/2268 1737/2266
f 1499/2267 1498/2269 1497/2270 1740/2268
f 1502/2264 1734/2263 1735/2271 1492/2272
f 1734/2263 1737/2266 1738/2273 1735/2271
f 1737/2266 1740/2268 1741/2274 1738/2273
f 1740/2268 1497/2270 1506/2275 1741/2274
f 1492/2272 1735/2271 1736/2276 1493/2277
f 1735/2271 1738/2273 1739/2278 1736/2276
f 1738/2273 1741/2274 1742/2279 1739/2278
f 1741/2274 1506/2275 1505/2280 1742/2279
f 1493/2277 1736/2276 1495/2281 1494/2282
f 1736/2276 1739/2278 1503/2283 1495/2281
f 1739/2278 1742/2279 1504/2284 1503/2283
f 1742/2279 1505/2280 1496/2285 1504/2284
g Group8248
f 1751/2286 1750/2287 1763/2288 1771/2289
f 1743/2290 1744/2291 1769/2292 1768/2293
f 1744/2291 1758/2294 1767/2295 1769/2292
f 1752/2296 1751/2286 1771/2289 1772/2297
f 1745/2298 1743/2290 1768/2293 1759/2299
f 1753/2300 1752/2296 1772/2297 1764/2301
f 1746/2302 1745/2298 1759/2299 1770/2303
f 1754/2304 1753/2300 1764/2301 1773/2305
f 1747/2306 1746/2302 1770/2303 1760/2307
f 1755/2308 1754/2304 1773/2305 1774/2309
f 1748/2310 1747/2306 1760/2307 1761/2311
f 1756/2312 1755/2308 1774/2309 1765/2313
f 1749/2314 1748/2310 1761/2311 1762/2315
f 1757/2316 1756/2312 1765/2313 1766/2317
f 1750/2287 1749/2314 1762/2315 1763/2288
f 1758/2294 1757/2316 1766/2317 1767/2295
f 1743/2318 1745/2319 1746/2320 1747/2321
f 1813/2322 1743/2318 1747/2321
f 1744/2323 1743/2318 1813/2322
f 1758/2324 1744/2323 1813/2322
f 1757/2325 1758/2324 1813/2322
f 1756/2326 1757/2325 1813/2322
f 1747/2321 1748/2327 1749/2328
f 1814/2329 1747/2321 1749/2328
f 1813/2322 1747/2321 1814/2329
f 1814/2329 1749/2328 1750/2330
f 1814/2329 1750/2330 1751/2331
f 1814/2329 1751/2331 1752/2332
f 1754/2333 1755/2334 1756/2326
f 1756/2326 1813/2322 1814/2329
f 1754/2333 1756/2326 1814/2329
f 1754/2333 1814/2329 1752/2332
f 1754/2333 1752/2332 1753/2335
f 1761/2336 1760/2337 1770/2338 1759/2339
f 1811/2340 1761/2336 1759/2339
f 1762/2341 1761/2336 1811/2340
f 1763/2342 1762/2341 1811/2340
f 1771/2343 1763/2342 1811/2340
f 1772/2344 1771/2343 1811/2340
f 1759/2339 1768/2345 1769/2346
f 1812/2347 1759/2339 1769/2346
f 1811/2340 1759/2339 1812/2347
f 1812/2347 1769/2346 1767/2348
f 1812/2347 1767/2348 1766/2349
f 1812/2347 1766/2349 1765/2350
f 1773/2351 1764/2352 1772/2344
f 1772/2344 1811/2340 1812/2347
f 1773/2351 1772/2344 1812/2347
f 1773/2351 1812/2347 1765/2350
f 1773/2351 1765/2350 1774/2353
g Group8263
f 1786/2354 1785/2355 1809/2356 1810/2357
f 1777/2358 1776/2359 1800/2360 1801/2361
f 1775/2362 1786/2354 1810/2357 1799/2363
f 1780/2364 1779/2365 1803/2366 1804/2367
f 1778/2368 1777/2358 1801/2361 1802/2369
f 1781/2370 1780/2364 1804/2367 1805/2371
f 1779/2365 1778/2368 1802/2369 1803/2366
f 1785/2355 1784/2372 1808/2373 1809/2356
f 1784/2372 1783/2374 1807/2375 1808/2373
f 1783/2374 1782/2376 1806/2377 1807/2375
f 1776/2359 1775/2362 1799/2363 1800/2360
f 1782/2376 1781/2370 1805/2371 1806/2377
f 1800/2378 1788/2379 1787/2380 1801/2381
f 1803/2382 1790/2383 1791/2384 1804/2385
f 1804/2385 1791/2384 1792/2386 1805/2387
f 1805/2387 1792/2386 1793/2388 1806/2389
f 1806/2389 1793/2388 1794/2390 1807/2391
f 1807/2391 1794/2390 1795/2392 1808/2393
f 1808/2393 1795/2392 1796/2394 1809/2395
f 1809/2395 1796/2394 1797/2396 1810/2397
f 1810/2397 1797/2396 1798/2398 1799/2399
f 1801/2381 1787/2380 1789/2400 1802/2401
f 1802/2401 1789/2400 1790/2383 1803/2382
f 1799/2399 1798/2398 1788/2379 1800/2378
f 1797/2402 1796/2403 1847/2404
f 1847/2404 1796/2403 1795/2405
f 1798/2406 1797/2402 1847/2404
f 1847/2404 1795/2405 1794/2407
f 1788/2408 1798/2406 1847/2404
f 1787/2409 1788/2408 1848/2410
f 1848/2410 1788/2408 1847/2404
f 1789/2411 1787/2409 1848/2410
f 1790/2412 1789/2411 1848/2410
f 1791/2413 1790/2412 1848/2410
f 1792/2414 1791/2413 1848/2410
f 1848/2410 1847/2404 1794/2407
f 1792/2414 1848/2410 1794/2407
f 1793/2415 1792/2414 1794/2407
g Group8278
f 1815/2416 1816/2417 1818/2418 1817/2419
f 1817/2419 1818/2418 1820/2420 1819/2421
f 1819/2421 1820/2420 1822/2422 1821/2423
f 1821/2423 1822/2422 1824/2424 1823/2425
f 1823/2425 1824/2424 1826/2426 1825/2427
f 1825/2427 1826/2426 1828/2428 1827/2429
f 1827/2429 1828/2428 1830/2430 1829/2431
f 1829/2431 1830/2430 1832/2432 1831/2433
f 1831/2433 1832/2432 1834/2434 1833/2435
f 1833/2436 1834/2437 1836/2438 1835/2439
f 1835/2439 1836/2438 1838/2440 1837/2441
f 1837/2441 1838/2440 1840/2442 1839/2443
f 1839/2443 1840/2442 1842/2444 1841/2445
f 1841/2445 1842/2444 1844/2446 1843/2447
f 1843/2447 1844/2446 1846/2448 1845/2449
f 1845/2449 1846/2448 1816/2417 1815/2416
f 1842/2450 1840/2451 1849/2452
f 1849/2452 1840/2451 1838/2453
f 1844/2454 1842/2450 1849/2452
f 1849/2452 1838/2453 1836/2455
f 1846/2456 1844/2454 1850/2457
f 1850/2457 1844/2454 1849/2452
f 1816/2458 1846/2456 1850/2457
f 1818/2459 1816/2458 1850/2457
f 1820/2460 1818/2459 1851/2461
f 1851/2461 1818/2459 1850/2457
f 1822/2462 1820/2460 1851/2461
f 1824/2463 1822/2462 1851/2461
f 1826/2464 1824/2463 1852/2465
f 1852/2465 1824/2463 1851/2461
f 1828/2466 1826/2464 1852/2465
f 1830/2467 1828/2466 1852/2465
f 1832/2468 1830/2467 1853/2469
f 1853/2469 1830/2467 1852/2465
f 1834/2470 1832/2468 1853/2469
f 1836/2455 1834/2470 1853/2469
f 1849/2452 1836/2455 1853/2469
f 1851/2461 1850/2457 1849/2452
f 1851/2461 1849/2452 1853/2469
f 1852/2465 1851/2461 1853/2469
f 1854/2471 1839/2472 1841/2473
f 1837/2474 1839/2472 1854/2471
f 1835/2475 1837/2474 1854/2471
f 1854/2471 1841/2473 1843/2476
f 1855/2477 1835/2475 1854/2471
f 1833/2478 1835/2475 1855/2477
f 1831/2479 1833/2478 1855/2477
f 1829/2480 1831/2479 1855/2477
f 1856/2481 1829/2480 1855/2477
f 1827/2482 1829/2480 1856/2481
f 1825/2483 1827/2482 1856/2481
f 1823/2484 1825/2483 1856/2481
f 1857/2485 1823/2484 1856/2481
f 1821/2486 1823/2484 1857/2485
f 1819/2487 1821/2486 1857/2485
f 1817/2488 1819/2487 1857/2485
f 1858/2489 1817/2488 1857/2485
f 1815/2490 1817/2488 1858/2489
f 1845/2491 1815/2490 1858/2489
f 1843/2476 1845/2491 1858/2489
f 1854/2471 1843/2476 1858/2489
f 1856/2481 1855/2477 1854/2471
f 1856/2481 1854/2471 1858/2489
f 1856/2481 1858/2489 1857/2485

 