# File exported by ZBrush version 2024
# www.zbrush.com
#Vertex Count 1120
#UV Vertex Count 1494
#Face Count 998
#Auto scale x=0.215631 y=0.215631 z=0.215631
#Auto offset x=0.000000 y=-3.687343 z=-0.143315
mtllib clock_r.mtl
usemtl defaultMat
v -1.79684698 13.1350195 1.158667
v -1.20636793 13.21112549 0.85525901
v -2.23461704 14.6557462 1.158667
v -1.00554802 13.33933211 1.158667
v -2.31508092 13.41553651 0.85525901
v -2.53081311 14.16494481 0.85525901
v -0.84660999 13.51239165 1.158667
v -0.71093002 14.17246563 0.85525901
v -1.01163802 14.66080357 1.158667
v -2.54552884 13.93600433 1.158667
v -2.13234809 13.26500958 0.85525901
v -1.49417302 13.12133342 1.158667
v -1.49417302 13.12133342 0.85525901
v -1.31779894 13.16687296 1.158667
v -2.02653696 13.20773659 1.158667
v -2.45045219 13.6057241 1.158667
v -1.92236888 14.82820867 1.158667
v -1.32546391 14.83067322 1.158667
v -0.78971203 14.38935311 1.158667
v -0.78971203 14.38935311 0.85525901
v -1.32546502 14.83067322 0.85525901
v -1.56318706 14.87450338 0.85525901
v -2.13907918 14.72580635 0.85525901
v -2.23461704 14.6557462 0.85525901
v -2.49978393 14.27656295 0.85525901
v -0.91974793 13.42130151 1.158667
v -1.56318706 14.87450338 1.158667
v -1.92236888 14.82820867 0.85525901
v -2.4540321 14.3824769 0.85525901
v -2.38905585 13.50601742 1.158667
v -2.49717867 13.71125548 1.158667
v -2.53081311 14.16494481 1.158667
v -2.4540321 14.3824769 1.158667
v -2.13907918 14.72580635 1.158667
v -1.44332305 14.86006213 1.158667
v -1.21363002 14.78734393 1.158667
v -0.85110996 14.48905979 1.158667
v -0.74298493 14.28382172 1.158667
v -0.70935202 13.83013461 1.158667
v -0.78613302 13.6126003 1.158667
v -1.10108899 13.26927307 1.158667
v -2.02653696 13.20773659 1.00696301
v -2.31508092 13.41553651 1.00696398
v -2.45045219 13.6057241 1.00696398
v -2.53081311 14.16494481 1.00696398
v -2.23461704 14.6557462 1.00696398
v -1.56318706 14.87450338 1.00696398
v -1.32546391 14.83067322 1.00696301
v -0.92508503 14.5795418 1.00696301
v -0.70935202 13.83013461 1.00696301
v -1.00554802 13.33933101 0.85525901
v -0.74038099 13.71851647 0.85525901
v -0.69410403 13.94365562 0.85525901
v -0.92508503 14.5795418 0.85525901
v -2.03379988 14.78395392 0.85525901
v -2.54606206 14.0514249 0.85525901
v -2.45045219 13.60572631 0.85525901
v -1.91470404 13.1644073 0.85525901
v -1.67698104 13.12057714 0.85525901
v -0.84660999 13.51239165 0.85525901
v -0.84660999 13.51239165 1.00696301
v -0.69463496 14.05907729 1.158667
v -1.10781897 14.73006763 0.85525901
v -1.68506105 14.87399809 1.158667
v -1.80478602 14.85856836 0.85525901
v -1.68506105 14.87399809 1.00696398
v -2.32041788 14.5737768 1.158667
v -2.39355624 14.48268666 0.85525901
v -2.32041788 14.5737768 1.00696398
v -2.52923613 13.82261379 0.85525901
v -2.54552884 13.93600433 1.00696398
v -2.22852807 13.33427696 1.158667
v -2.13234809 13.26500958 1.00696398
v -1.55510898 13.12108022 1.158667
v -1.43538111 13.13651327 0.85525901
v -1.49417302 13.12133342 1.00696301
v -1.43538111 13.13651327 1.158667
v -1.91470404 13.1644073 1.158667
v -2.13234809 13.26500958 1.158667
v -2.52923613 13.82261379 1.158667
v -2.49978393 14.27656406 1.158667
v -2.39355624 14.48268666 1.158667
v -2.03379988 14.78395392 1.158667
v -1.80478602 14.85856836 1.158667
v -1.10781897 14.73006873 1.158667
v -0.71093002 14.17246563 1.158667
v -0.74038099 13.71851647 1.158667
v -1.20636793 13.21112549 1.158667
v -1.10108899 13.26927307 0.85525901
v -0.91974793 13.42130151 0.85525901
v -0.70935202 13.83013461 0.85525901
v -0.69463496 14.05907729 0.85525901
v -0.85110996 14.48905979 0.85525901
v -1.01163802 14.66080357 0.85525901
v -1.44332305 14.86006213 0.85525901
v -1.68506105 14.87399809 0.85525901
v -2.32041788 14.5737768 0.85525901
v -2.54552884 13.93600433 0.85525901
v -2.38905585 13.50601742 0.85525901
v -2.22852807 13.33427696 0.85525901
v -1.79684698 13.1350195 0.85525901
v -1.55510898 13.12108022 0.85525901
v -0.78613302 13.6126003 0.85525901
v -0.69410403 13.94365562 1.158667
v -0.74298493 14.28382172 0.85525901
v -0.92508503 14.5795418 1.158667
v -1.21363002 14.78734393 0.85525901
v -2.54606206 14.0514249 1.158667
v -2.49717867 13.71125659 0.85525901
v -2.31508092 13.41553651 1.158667
v -2.02653696 13.20773659 0.85525901
v -1.67698104 13.12057825 1.158667
v -1.31779894 13.16687296 0.85525901
v -1.31779894 13.16687296 1.00696301
v -2.4540321 14.3824769 1.00696398
v -1.10781897 14.73006873 1.00696301
v -0.78613302 13.6126003 1.00696301
v -1.20636793 13.21112549 1.00696301
v -0.78971203 14.38935311 1.00696301
v -2.13907918 14.72580635 1.00696398
v -2.49978393 14.27656295 1.00696398
v -2.54606206 14.0514249 1.00696398
v -1.79684698 13.1350195 1.00696301
v -1.55510898 13.12108022 1.00696301
v -2.22852807 13.33427696 1.00696398
v -2.38905585 13.50601742 1.00696398
v -1.44332305 14.86006213 1.00696301
v -1.01163802 14.66080357 1.00696301
v -0.85110996 14.48905979 1.00696301
v -0.69463496 14.05907729 1.00696301
v -0.91974793 13.42130151 1.00696301
v -1.10108899 13.26927307 1.00696301
v -0.74298493 14.28382172 1.00696301
v -1.21363002 14.78734393 1.00696301
v -1.92236888 14.82820867 1.00696398
v -2.49717867 13.71125659 1.00696398
v -1.43538111 13.13651327 1.00696301
v -2.52923613 13.82261379 1.00696398
v -2.39355624 14.48268666 1.00696398
v -1.80478602 14.85856836 1.00696398
v -0.71093002 14.17246563 1.00696301
v -1.00554802 13.33933211 1.00696301
v -0.74038099 13.71851647 1.00696301
v -0.69410403 13.94365562 1.00696301
v -2.03379988 14.78395392 1.00696398
v -1.91470404 13.1644073 1.00696301
v -1.67698104 13.12057825 1.00696301
v -1.2542399 13.30212386 0.85525901
v -1.77639319 13.23482348 0.85525901
v -1.9795049 13.29912636 0.85525901
v -2.16350884 14.57958603 0.85525901
v -0.81473497 13.84950608 0.85525901
v -1.20636793 13.21112549 0.85525901
v -2.31508092 13.41553651 0.85525901
v -2.53081311 14.16494481 0.85525901
v -1.77639319 13.23482348 -0.01998401
v -1.97950587 13.29912526 -0.01998401
v -2.42543016 14.14557334 -0.01998401
v -1.88739201 14.73208659 -0.01998401
v -1.35955596 14.73426699 -0.01998401
v -0.84217498 13.75080225 -0.01998401
v -1.258447 13.31012122 -0.03963501
v -1.97537201 13.3071569 -0.03963501
v -2.22759612 13.48879981 -0.03963501
v -2.41616983 14.1438717 -0.03963501
v -2.3490541 14.33401948 -0.03963501
v -1.57035102 14.76410923 -0.03963501
v -1.01257301 14.50627961 -0.03963501
v -0.89424202 14.34003215 -0.03963501
v -1.08290806 13.42218716 -0.03963501
v -0.93611092 13.56853132 0.85525901
v -0.94397595 13.57346374 -0.03963501
v -0.71093002 14.17246563 0.85525901
v -1.08204196 14.58405518 0.85525901
v -1.08204196 14.58405407 -0.01998401
v -1.08823003 14.57731054 -0.03963501
v -1.67754203 14.77257982 0.85525901
v -2.23226001 14.50123661 -0.03963501
v -2.43844398 13.9431249 0.85525901
v -2.42903301 13.94375292 -0.03963501
v -2.13234809 13.26500958 0.85525901
v -1.50874308 13.22272184 0.85525901
v -1.49417302 13.12133342 0.85525901
v -1.50874308 13.22272073 -0.01998401
v -1.51002401 13.23163028 -0.03963501
v -1.73258597 13.99753639 -0.043563
v -1.62008702 14.10408169 -0.043563
v -1.62008702 13.89099331 -0.043563
v -1.50758903 13.99753639 -0.043563
v -0.80125102 13.94989054 0.85525901
v -1.00550497 14.5121972 0.85525901
v -1.35955596 14.73426699 0.85525901
v -2.07902403 14.64153714 0.85525901
v -2.39799083 14.24427496 0.85525901
v -2.23466306 13.48288112 0.85525901
v -0.78971203 14.38935311 0.85525901
v -1.32546502 14.83067322 0.85525901
v -1.56318706 14.87450338 0.85525901
v -2.13907918 14.72580635 0.85525901
v -2.23461704 14.6557462 0.85525901
v -2.49978393 14.27656295 0.85525901
v -1.562628 13.2224996 -0.01998401
v -2.35436882 13.6510613 -0.01998401
v -2.43891417 14.04518999 -0.01998401
v -2.07902499 14.64153714 -0.01998401
v -0.88579796 14.34401591 -0.01998401
v -0.80125192 13.94989054 -0.01998401
v -1.00078704 13.4879805 -0.01998401
v -1.2542399 13.30212386 -0.01998401
v -1.56328906 13.23141025 -0.03963501
v -2.07374497 14.63413131 -0.03963501
v -0.81066897 13.95043785 -0.03963501
v -0.89111295 13.66105994 -0.03963501
v -0.81613102 14.15222509 0.85525901
v -0.82537594 14.15044606 -0.03963501
v -1.16709496 14.64530529 -0.01998401
v -1.17230408 14.63785523 -0.03963501
v -1.88739091 14.73208659 0.85525901
v -1.92236888 14.82820867 0.85525901
v -2.4540321 14.3824769 0.85525901
v -2.39568716 13.74438158 0.85525901
v -2.39568716 13.74438158 -0.01998401
v -1.35277705 13.26299172 -0.01998401
v -1.35585207 13.27143909 -0.03963501
v -0.79127802 13.73465825 0.85525901
v -1.78661891 13.18492094 0.85525901
v -1.23030406 13.25662523 0.85525901
v -1.04110398 13.37741275 0.85525901
v -2.47812288 14.15525907 0.85525901
v -1.07665884 13.4154945 0.85525901
v -0.84217498 13.75080225 0.85525901
v -0.88579796 14.34401481 0.85525901
v -1.56977206 14.7730232 0.85525901
v -1.98592806 14.69295556 0.85525901
v -2.43891417 14.04518888 0.85525901
v -2.35436882 13.6510613 0.85525901
v -1.880612 13.26081022 0.85525901
v -1.670397 13.2220529 0.85525901
v -1.00554802 13.33933101 0.85525901
v -0.74038099 13.71851647 0.85525901
v -0.69410403 13.94365562 0.85525901
v -0.92508503 14.5795418 0.85525901
v -2.03379988 14.78395392 0.85525901
v -2.54606206 14.0514249 0.85525901
v -2.45045219 13.60572631 0.85525901
v -1.91470404 13.1644073 0.85525901
v -1.67698104 13.12057714 0.85525901
v -0.76204301 13.83982034 0.85525901
v -2.19906301 14.61766667 0.85525901
v -1.670397 13.2220529 -0.01998401
v -1.880612 13.26081022 -0.01998401
v -2.23466306 13.48288112 -0.01998401
v -2.39799083 14.24427717 -0.01998401
v -2.16350884 14.57958603 -0.01998401
v -1.98592806 14.69295556 -0.01998401
v -1.56977206 14.7730232 -0.01998401
v -1.00550497 14.5121972 -0.01998401
v -1.07665884 13.4154945 -0.01998401
v -2.23466306 13.48288112 0.41763801
v -2.35436882 13.6510613 0.41763801
v -1.88739201 14.73208659 0.41763801
v -0.81473497 13.84950608 0.41763694
v -0.84217498 13.75080225 0.41763801
v -1.66981998 13.23097019 -0.03963501
v -1.87761603 13.26928192 -0.03963501
v -2.34592393 13.65504726 -0.03963501
v -2.42949905 14.04464046 -0.03963501
v -2.3890459 14.24144 -0.03963501
v -2.15725997 14.57289004 -0.03963501
v -1.98171999 14.68495599 -0.03963501
v -1.36255207 14.72579639 -0.03963501
v -0.85111998 13.75364163 -0.03963501
v -1.079783 13.41884138 -0.02980996
v -1.775494 13.2392097 -0.02980899
v -2.42079986 14.14472197 -0.02980899
v -0.81936596 13.85035745 -0.02980996
v -0.84664696 13.75221973 -0.02980899
v -0.84660999 13.51239165 0.85525901
v -0.93611092 13.56853132 -0.01998401
v -0.93611092 13.56853132 0.41763801
v -0.89136097 13.54046148 0.85525901
v -0.81613102 14.15222509 -0.01998401
v -1.16709496 14.64530529 0.85525901
v -1.10781897 14.73006763 0.85525901
v -1.04684106 14.62242771 0.85525901
v -1.08204196 14.58405407 0.41763801
v -1.7834141 14.75893465 0.85525901
v -1.80478602 14.85856836 0.85525901
v -1.7834141 14.75893465 -0.01998401
v -1.78153597 14.75017658 -0.03963501
v -1.67721185 14.76812505 -0.02980899
v -1.68130106 14.82328951 0.85525901
v -1.67754203 14.77257982 0.41763801
v -2.30405496 14.4265481 0.85525901
v -2.39355624 14.48268666 0.85525901
v -2.30405496 14.4265481 -0.01998401
v -2.29619 14.42161567 -0.03963501
v -2.27990006 14.5404373 0.85525901
v -2.42403617 13.84285543 0.85525901
v -2.52923613 13.82261379 0.85525901
v -2.42403617 13.84285543 -0.01998401
v -2.41479105 13.84463557 -0.03963501
v -2.49198697 13.93956351 0.85525901
v -2.07307106 13.34977303 0.85525901
v -2.07307106 13.34977303 -0.01998401
v -2.06786304 13.35722419 -0.03963501
v -2.07046802 13.35349805 -0.02980899
v -2.10270902 13.30739241 0.85525901
v -1.4567551 13.23614366 0.85525901
v -1.43538111 13.13651327 0.85525901
v -1.4567551 13.23614366 -0.01998401
v -1.45863198 13.24490062 -0.03963501
v -1.50874308 13.22272073 0.41763801
v -1.509383 13.22717661 -0.02980899
v -1.50145805 13.17202542 0.85525901
v -1.16114296 13.35354228 0.85525901
v -1.00078593 13.4879805 0.85525901
v -0.80172197 14.05195784 0.85525901
v -0.94008998 14.43218484 0.85525901
v -1.46377601 14.76025815 0.85525901
v -2.23938112 14.50709781 0.85525901
v -2.42543016 14.14557334 0.85525901
v -2.30007604 13.56289236 0.85525901
v -2.15812392 13.41102535 0.85525901
v -1.562628 13.2224996 0.85525901
v -1.10108899 13.26927307 0.85525901
v -0.91974793 13.42130151 0.85525901
v -0.70935202 13.83013461 0.85525901
v -0.69463496 14.05907729 0.85525901
v -0.85110996 14.48905979 0.85525901
v -1.01163802 14.66080357 0.85525901
v -1.44332305 14.86006213 0.85525901
v -1.68506105 14.87399809 0.85525901
v -2.32041788 14.5737768 0.85525901
v -2.54552884 13.93600433 0.85525901
v -2.38905585 13.50601742 0.85525901
v -2.22852807 13.33427696 0.85525901
v -1.79684698 13.1350195 0.85525901
v -1.55510898 13.12108022 0.85525901
v -2.15812392 13.41102535 -0.01998401
v -2.30007604 13.56289236 -0.01998401
v -2.43844398 13.9431249 -0.01998401
v -2.23938112 14.50709781 -0.01998401
v -1.67754203 14.77257982 -0.01998401
v -1.46377601 14.76025815 -0.01998401
v -0.94008998 14.43218484 -0.01998401
v -0.80172197 14.05195784 -0.01998401
v -0.81473497 13.84950608 -0.01998401
v -1.16114296 13.35354228 -0.01998401
v -1.77459494 13.24359482 -0.03963501
v -2.15193793 13.41776998 -0.03963501
v -2.29225711 13.56789002 -0.03963501
v -1.67688 14.76366695 -0.03963501
v -1.46557398 14.75148349 -0.03963501
v -0.94791002 14.42718608 -0.03963501
v -0.81113205 14.05133313 -0.03963501
v -0.82399702 13.85120882 -0.03963501
v -1.00790802 13.49383949 -0.03963501
v -1.16642105 13.36094921 -0.03963501
v -0.88263296 13.65714252 0.85525901
v -0.78613302 13.6126003 0.85525901
v -0.88263296 13.65714252 -0.01998401
v -0.84447797 14.25069563 0.85525901
v -0.74298493 14.28382172 0.85525901
v -0.84447797 14.25069563 -0.01998401
v -0.85339698 14.24778659 -0.03963501
v -1.26066195 14.69595305 0.85525901
v -1.21363002 14.78734393 0.85525901
v -1.26066195 14.69595305 -0.01998401
v -1.26479497 14.68792031 -0.03963501
v -1.88431699 14.72364143 -0.03963501
v -2.35753299 14.3379369 0.85525901
v -2.35753299 14.3379369 -0.01998401
v -2.49717867 13.71125659 0.85525901
v -2.38677014 13.74729504 -0.03963501
v -2.02653696 13.20773659 0.85525901
v -1.35277705 13.26299172 0.85525901
v -1.31779894 13.16687296 0.85525901
v -1.35277705 13.26299172 0.41763801
v -2.27487116 13.44920771 0.85525901
v -1.97743908 13.30314218 -0.02980899
v -2.39122906 13.74583776 -0.02980899
v -2.35329382 14.33597985 -0.02980899
v -1.88585402 14.72786401 -0.02980899
v -1.16970008 14.64158136 -0.02980899
v -0.88263296 13.65714252 0.41763801
v -0.88687303 13.65910068 -0.02980899
v -1.562628 13.2224996 0.41763801
v -1.00434801 13.49090944 -0.02980996
v -1.00903906 14.50923951 -0.02980899
v -1.36105498 14.73003446 -0.02980899
v -1.57006202 14.76856842 -0.02980899
v -2.07638505 14.63783643 -0.02980899
v -2.16038295 14.57624025 -0.02980899
v -2.39352003 14.24285748 -0.02980899
v -2.23112793 13.48584212 -0.02980899
v -2.40578199 14.36020635 0.85525901
v -2.43891417 14.04518999 0.41763801
v -2.39799083 14.24427717 0.41763801
v -2.16350884 14.57958603 0.41763801
v -2.07902499 14.64153714 0.41763801
v -1.56977206 14.7730232 0.41763801
v -1.00550497 14.5121972 0.41763801
v -0.88579796 14.34401591 0.41763801
v -0.80125192 13.94989054 0.41763694
v -1.00078593 13.48798161 0.41763801
v -1.2542399 13.30212386 0.41763801
v -2.44643416 13.72781964 0.85525901
v -2.40241106 13.6283938 0.85525901
v -0.83438299 13.63487307 0.85525901
v -0.76353 14.16234647 0.85525901
v -1.44606886 13.18632846 0.85525901
v -1.89765795 13.21260931 0.85525901
v -2.47663684 13.83273627 0.85525901
v -1.16114296 13.35354228 0.41763801
v -1.77639319 13.23482348 0.41763801
v -0.80172197 14.05195784 0.41763801
v -0.94008998 14.43218484 0.41763801
v -1.46377601 14.76025815 0.41763801
v -2.23938112 14.50709781 0.41763801
v -2.42543016 14.14557334 0.41763801
v -2.43844398 13.9431249 0.41763801
v -2.30007604 13.56289236 0.41763801
v -2.15812392 13.41102424 0.41763801
v -0.83775503 14.36668672 0.85525901
v -1.13745693 14.68768369 0.85525901
v -1.34251111 14.78247232 0.85525901
v -1.79410089 14.80874985 0.85525901
v -2.00986293 14.73845419 0.85525901
v -2.34880505 14.45461572 0.85525901
v -2.44888821 14.26042006 0.85525901
v -2.15503092 13.41439656 -0.02980899
v -2.29616817 13.5653934 -0.02980899
v -2.43373794 13.9434378 -0.02980899
v -2.23582001 14.50416998 -0.02980899
v -1.46467603 14.75586861 -0.02980899
v -1.08513593 14.58068065 -0.02980899
v -0.944 14.42968601 -0.02980899
v -0.80642697 14.05164272 -0.02980996
v -1.56295901 13.22695437 -0.02980899
v -1.1637829 13.35724409 -0.02980996
v -0.84893696 14.24924055 -0.02980899
v -0.84447797 14.25069563 0.41763801
v -0.74767701 13.94677142 0.85525901
v -1.26272901 14.69193723 -0.02980899
v -0.965295 14.54587171 0.85525901
v -1.26066195 14.69595305 0.41763801
v -1.56648004 14.82376384 0.85525901
v -2.35753299 14.3379369 0.41763801
v -2.39568716 13.74438158 0.41763801
v -2.49248922 14.04830689 0.85525901
v -1.9795049 13.29912636 0.41763801
v -1.35431394 13.26721541 -0.02980899
v -1.67368902 13.17131557 0.85525901
v -1.55886897 13.17178991 0.85525901
v -1.45769409 13.24052214 -0.02980899
v -1.4567551 13.23614366 0.41763801
v -2.19332606 13.37264949 0.85525901
v -2.07307106 13.34977303 0.41763801
v -2.42403617 13.84285543 0.41763801
v -2.41941306 13.8437466 -0.02980899
v -2.30405496 14.4265481 0.41763801
v -2.30012207 14.42408244 -0.02980899
v -1.7834141 14.75893465 0.41763801
v -1.78247607 14.75455617 -0.02980899
v -1.16709496 14.64530529 0.41763801
v -0.74817802 14.05551591 0.85525901
v -0.81613102 14.15222509 0.41763801
v -0.82075296 14.15133502 -0.02980899
v -0.960267 13.45464101 0.85525901
v -0.94004402 13.57099587 -0.02980899
v -1.256344 13.30612309 -0.02980899
v -1.670397 13.2220529 0.41763801
v -1.87911505 13.26504496 -0.02980899
v -1.67010801 13.2265121 -0.02980899
v -0.80596003 13.95016364 -0.02980996
v -0.89001999 14.34202459 -0.02980899
v -1.98382409 14.68895854 -0.02980899
v -2.43420702 14.04491578 -0.02980899
v -2.35014706 13.65305483 -0.02980899
v -2.10905077 14.68367008 0.85525901
v -1.90487886 14.78014929 0.85525901
v -1.45354905 14.81015738 0.85525901
v -1.23714599 14.74164739 0.85525901
v -0.8956 14.46062287 0.85525901
v -1.98592806 14.69295556 0.41763801
v -1.35955596 14.73426699 0.41763801
v -1.07665884 13.4154945 0.41763801
v -1.880612 13.26081022 0.41763801
v -2.34456699 13.53445544 0.85525901
v -2.003021 13.25343092 0.85525901
v -1.13111601 13.31140602 0.85525901
v -1.33528799 13.21493013 0.85525901
v -0.793732 14.26725978 0.85525901
v -2.02406909 13.57702181 -0.03963501
v -2.18822405 13.64028426 -0.03963501
v -2.26747805 13.75564069 -0.03963501
v -1.72807204 13.43661404 -0.03963501
v -1.56927091 13.35567403 -0.03963501
v -1.42249996 13.36687675 -0.03963501
v -1.27092499 13.44274502 -0.03963501
v -1.13186801 13.55435985 -0.03963501
v -1.02485598 13.69056494 -0.03963501
v -0.96003094 13.84615035 -0.03963501
v -0.94117299 14.0125338 -0.03963501
v -0.96866794 14.17835225 -0.03963501
v -1.04037596 14.33193749 -0.03963501
v -1.15149903 14.46268606 -0.03963501
v -1.29455995 14.56170169 -0.03963501
v -1.45982501 14.62226297 -0.03963501
v -1.63601499 14.64025676 -0.03963501
v -1.81111879 14.61445025 -0.03963501
v -1.97320185 14.54660146 -0.03963501
v -2.11122205 14.44133764 -0.03963501
v -2.21577007 14.30583244 -0.03963501
v -2.27972204 14.14931274 -0.03963501
v -2.29872491 13.98245163 -0.03963501
v -2.23680185 13.87267887 -0.03963501
v -2.13304591 13.77707204 -0.03963501
v -2.03603598 13.70287887 -0.03963501
v -1.83215002 13.70087317 -0.03963501
v -1.547869 13.58540506 -0.03963501
v -1.43059297 13.48601903 -0.03963501
v -1.30760211 13.60400366 -0.03963501
v -1.43573409 13.64336357 -0.03963501
v -1.18901211 13.71733671 -0.03963501
v -1.10895395 13.8322166 -0.03963501
v -1.07492092 13.95588331 -0.03963501
v -1.08344486 14.0856622 -0.03963501
v -1.12864005 14.21289804 -0.03963501
v -1.20569209 14.32680825 -0.03963501
v -1.309912 14.4180366 -0.03963501
v -1.435057 14.48005626 -0.03963501
v -1.57297382 14.50892218 -0.03963501
v -1.71426918 14.50292941 -0.03963501
v -1.84920592 14.46256223 -0.03963501
v -1.96851999 14.39054724 -0.03963501
v -2.06406684 14.29176159 -0.03963501
v -2.12934299 14.17291785 -0.03963501
v -2.15991498 14.0421162 -0.03963501
v -2.07032608 13.90408232 -0.03963501
v -1.89935503 13.85330629 -0.03963501
v -1.34336096 13.74351473 -0.03963501
v -1.24855202 13.84883051 -0.03963501
v -1.22881098 14.0291455 -0.03963501
v -1.21938397 14.14445439 -0.03963501
v -1.55818207 13.79214353 -0.03963501
v -1.73769296 13.90199701 -0.03963501
v -1.40022899 13.90874828 -0.03963501
v -1.56733197 13.98799329 -0.03963501
v -1.41761011 14.09758362 -0.03963501
v -1.37152105 14.26545863 -0.03963501
v -1.45662504 14.36546384 -0.03963501
v -1.643101 14.3661958 -0.03963501
v -1.77364088 14.37119567 -0.03963501
v -1.52734003 14.23369473 -0.03963501
v -1.60106508 14.12036279 -0.03963501
v -1.72096392 14.05334215 -0.03963501
v -1.68802205 14.2230957 -0.03963501
v -1.86574202 14.00078708 -0.03963501
v -1.98449993 13.9918311 -0.03963501
v -2.01978501 14.11978894 -0.03963501
v -1.83770992 14.16622408 -0.03963501
v -1.73258597 13.99753639 -0.81550998
v -1.7127052 13.99753639 -0.83106009
v -1.62008702 14.10408169 -0.81550998
v -1.62008702 14.085252 -0.83106009
v -1.62008702 13.909823 -0.83106009
v -1.62008702 13.89099331 -0.81550998
v -1.50758903 13.99753639 -0.81550998
v -1.52746911 13.99753639 -0.83106009
v -1.37768699 14.39411969 1.18041699
v -1.38604108 13.59571661 1.18041603
v -2.11344791 13.94400944 1.18041699
v -1.28165697 14.32281012 1.18041699
v -1.326413 14.36242434 1.18041506
v -1.28853594 13.66520954 1.18041603
v -1.33411307 13.6264456 1.18041699
v -2.11223885 14.05954831 1.18041603
v -2.1181979 14.00182974 1.18041699
v -1.58028995 14.04797298 1.18041603
v -1.64082897 13.85971369 1.18041506
v -1.73743105 13.91375036 1.18041699
v -1.56551105 13.86838884 1.18041506
v -1.60257806 13.85935435 1.18041699
v -1.75511705 14.05154984 1.18041699
v -1.70833086 14.10812183 1.18041699
v -1.58135997 13.9455983 1.18041603
v -1.55466491 14.00495991 1.18041603
v -1.56865698 13.95739366 1.18041603
v -1.68791701 14.01448974 1.18041603
v -1.55484002 13.98812265 1.18041603
v -1.6904269 13.99781502 1.18041603
v -1.59684595 13.93732341 1.18041603
v -1.6140749 13.93312515 1.18041603
v -1.63185405 13.93329211 1.18041603
v -1.64899095 13.93781322 1.18041603
v -1.67675396 13.95840868 1.18041603
v -1.68497398 14.02245947 1.18041603
v -1.61273606 14.06105756 1.18041603
v -1.59559806 14.05653645 1.18041603
v -1.66322903 14.04875137 1.18041603
v -1.47513795 13.97768064 1.18041506
v -1.47475801 14.01390484 1.18041699
v -1.76144788 14.03440852 1.18041699
v -1.76684801 13.99852929 1.18041699
v -1.56783505 14.0359432 1.18041603
v -1.735661 14.08274432 1.18041506
v -1.67593092 14.03695932 1.18041603
v -1.76219892 13.9625605 1.18041699
v -1.66429905 13.9463778 1.18041603
v -1.63051604 14.06122452 1.18041603
v -1.63794896 14.13495883 1.18041699
v -1.71063703 13.88786535 1.18041506
v -1.67769807 13.86944034 1.18041699
v -1.55961503 13.97189241 1.18041603
v -1.485409 13.94276113 1.18041699
v -1.64774402 14.05702626 1.18041603
v -1.675015 14.12592545 1.18041506
v -1.75622701 13.94530308 1.18041506
v -1.53219395 13.88619135 1.18041699
v -1.50486492 13.91156554 1.18041506
v -1.55909702 14.02127639 1.18041603
v -1.48429794 14.04901231 1.18041506
v -1.68549199 13.97307217 1.18041603
v -1.68826696 13.98109607 1.18041603
v -1.50309597 14.08056282 1.18041699
v -1.52988903 14.10644784 1.18041506
v -1.56282799 14.12487174 1.18041699
v -1.59969694 14.13459949 1.18041506
v -1.05600298 14.21234852 1.18041506
v -1.03122199 14.14072384 1.18041699
v -1.01641593 14.06666998 1.18041699
v -1.84748203 14.53154434 1.18041506
v -1.77185494 14.55501345 1.18041699
v -1.69366004 14.56903565 1.18041699
v -2.09916906 14.35235051 1.18041506
v -2.04606392 14.40848907 1.18041699
v -1.98574811 14.45766297 1.18041699
v -1.91920498 14.49895229 1.18041699
v -2.22253115 14.07798549 1.18041506
v -2.20618012 14.15174855 1.18041699
v -2.17990493 14.22289337 1.18041699
v -2.1440749 14.29016168 1.18041699
v -2.18451685 13.78196356 1.18041506
v -2.20929909 13.85358713 1.18041603
v -2.22410398 13.9276432 1.18041603
v -2.22859095 14.00286465 1.18041603
v -1.99530987 13.54359939 1.18041506
v -2.05458593 13.59389335 1.18041699
v -2.10650702 13.65101486 1.18041699
v -2.15010402 13.71403626 1.18041603
v -1.70560896 13.42676356 1.18041506
v -1.78349703 13.44225079 1.18041699
v -1.85861786 13.46713737 1.18041699
v -1.92964603 13.5010684 1.18041699
v -1.39304002 13.46276663 1.18041603
v -1.46866697 13.43929752 1.18041699
v -1.54686297 13.42527532 1.18041699
v -1.62628807 13.42103062 1.18041699
v -1.14135209 13.64195825 1.18041603
v -1.19445606 13.5858208 1.18041699
v -1.25477297 13.536648 1.18041699
v -1.32131403 13.4953609 1.18041699
v -1.24521011 14.45071268 1.18041506
v -1.18593391 14.40041762 1.18041699
v -1.13401496 14.34329722 1.18041699
v -1.09041595 14.28027582 1.18041699
v -1.61423508 14.57328477 1.18041699
v -1.53491184 14.5675463 1.18041506
v -1.45702599 14.55206019 1.18041699
v -1.38190405 14.5271747 1.18041699
v -1.31087394 14.49324257 1.18041699
v -1.01192999 13.99144853 1.18041699
v -1.01798799 13.9163277 1.18041603
v -1.03434096 13.84256242 1.18041699
v -1.06061601 13.7714154 1.18041699
v -1.09644404 13.70414819 1.18041699
v -0.93744602 14.24779433 1.18909103
v -0.91356097 14.17875914 1.189092
v -0.89219597 14.07184566 1.189092
v -1.88491004 14.64382589 1.18909007
v -1.81201591 14.66644584 1.189092
v -1.69912402 14.68667863 1.189092
v -2.19085985 14.43186752 1.18909007
v -2.13967403 14.48597605 1.189092
v -2.0525899 14.55695502 1.189092
v -1.98845287 14.59675499 1.189092
v -2.34391823 14.10342934 1.18909007
v -2.3281579 14.17452771 1.189092
v -2.29021313 14.2772352 1.189092
v -2.25568005 14.34207213 1.18909297
v -2.30307202 13.74651775 1.18909007
v -2.32695797 13.81555183 1.189092
v -2.34832297 13.92246752 1.189092
v -2.352647 13.99497011 1.189092
v -2.07926893 13.4567617 1.18909007
v -2.13640316 13.50523681 1.189092
v -2.21135096 13.58771261 1.189092
v -2.25337098 13.64845411 1.189092
v -1.73247416 13.31180517 1.18909007
v -1.80754607 13.32673071 1.189092
v -1.91599492 13.36266744 1.189092
v -1.98445598 13.39537117 1.189092
v -1.35561187 13.3504884 1.18909103
v -1.428506 13.32786624 1.189092
v -1.54139899 13.30763234 1.189092
v -1.61795403 13.30353802 1.189092
v -1.04965999 13.56244567 1.18909103
v -1.10084484 13.50833713 1.189092
v -1.1879309 13.43735595 1.18909297
v -1.25206697 13.39755709 1.18909297
v -1.16124994 14.53755038 1.18909007
v -1.10411702 14.48907416 1.189092
v -1.02917006 14.40660057 1.18909297
v -0.98714699 14.34585797 1.18909297
v -1.62257009 14.69077185 1.189092
v -1.50804706 14.6825058 1.18909007
v -1.43297598 14.66758248 1.189092
v -1.32452588 14.63164243 1.189092
v -1.25606413 14.59894091 1.189092
v -0.88787201 13.99934196 1.189092
v -0.89660306 13.89088053 1.18909007
v -0.91236297 13.81978436 1.189092
v -0.95030699 13.71707466 1.18909297
v -0.98483902 13.65223884 1.18909297
v -0.98483902 13.65223884 1.25849399
v -0.95030699 13.71707466 1.25849399
v -0.91236297 13.81978436 1.25849399
v -0.89660306 13.89088053 1.25849206
v -0.88787201 13.99934196 1.25849399
v -1.25606413 14.59894091 1.25849399
v -1.32452588 14.63164243 1.25849399
v -1.43297598 14.66758248 1.25849399
v -1.50804706 14.6825058 1.25849206
v -1.62257009 14.69077185 1.25849399
v -0.98714699 14.34585797 1.25849399
v -1.02917006 14.40660057 1.25849399
v -1.10411702 14.48907416 1.25849399
v -1.16124994 14.53755038 1.25849206
v -1.25206697 13.39755709 1.25849399
v -1.1879309 13.43735595 1.25849399
v -1.10084484 13.50833713 1.25849399
v -1.04965999 13.56244567 1.25849206
v -1.61795403 13.30353802 1.25849399
v -1.54139899 13.30763234 1.25849399
v -1.428506 13.32786624 1.25849399
v -1.35561187 13.3504884 1.25849206
v -1.98445598 13.39537117 1.25849399
v -1.91599492 13.36266744 1.25849399
v -1.80754607 13.32673071 1.25849399
v -1.73247416 13.31180517 1.25849206
v -2.25337098 13.64845411 1.25849399
v -2.21135096 13.58771261 1.25849399
v -2.13640316 13.50523681 1.25849289
v -2.07926893 13.4567617 1.25849206
v -2.352647 13.99497011 1.25849399
v -2.34832297 13.92246752 1.25849399
v -2.32695797 13.81555183 1.25849289
v -2.30307202 13.74651775 1.25849206
v -2.25568005 14.34207213 1.25849399
v -2.29021313 14.2772352 1.25849399
v -2.3281579 14.17452771 1.25849289
v -2.34391823 14.10342934 1.25849206
v -1.98845287 14.59675499 1.25849399
v -2.0525899 14.55695502 1.25849399
v -2.13967403 14.48597605 1.25849399
v -2.19085916 14.43186752 1.25849206
v -1.69912402 14.68667863 1.25849399
v -1.81201591 14.66644584 1.25849399
v -1.88491004 14.64382589 1.25849206
v -0.89219597 14.07184566 1.25849399
v -0.91356097 14.17875914 1.25849399
v -0.93744602 14.24779433 1.25849206
v -1.09644404 13.70414819 1.267169
v -1.06061601 13.7714154 1.267169
v -1.03434096 13.84256242 1.267169
v -1.01798799 13.9163277 1.26716803
v -1.01192999 13.99144853 1.267169
v -1.31087394 14.49324257 1.267169
v -1.38190405 14.5271747 1.267169
v -1.45702599 14.55206019 1.267169
v -1.53491184 14.5675463 1.26716803
v -1.61423508 14.57328477 1.267169
v -1.09041595 14.28027582 1.267169
v -1.13401496 14.34329722 1.267169
v -1.18593391 14.40041762 1.267169
v -1.32131403 13.4953609 1.267169
v -1.19445606 13.5858208 1.267169
v -1.14135209 13.64195825 1.26716803
v -1.62628807 13.42103062 1.267169
v -1.54686297 13.42527532 1.267169
v -1.46866697 13.43929752 1.267169
v -1.39304002 13.46276663 1.26716803
v -1.92964603 13.5010684 1.267169
v -1.85861786 13.46713737 1.267169
v -1.78349703 13.44225079 1.267169
v -1.70560896 13.42676356 1.26716693
v -2.15010402 13.71403626 1.267169
v -2.10650702 13.65101486 1.267169
v -2.05458593 13.59389335 1.267169
v -1.9953089 13.54359939 1.26716693
v -2.22410398 13.9276432 1.267169
v -2.20929909 13.85358713 1.267169
v -2.18451685 13.78196356 1.26716693
v -2.1440749 14.29016168 1.267169
v -2.17990493 14.22289337 1.267169
v -2.20618012 14.15174855 1.267169
v -2.22253115 14.07798549 1.26716693
v -1.91920498 14.49895229 1.267169
v -1.98574811 14.45766297 1.267169
v -2.04606392 14.40848907 1.267169
v -2.09916906 14.35235051 1.26716693
v -1.69366004 14.56903565 1.267169
v -1.77185494 14.55501345 1.267169
v -1.84748203 14.53154434 1.26716693
v -1.01641593 14.06666998 1.267169
v -1.03122199 14.14072384 1.267169
v -1.05600298 14.21234852 1.26716803
v -1.59969694 14.13459949 1.26716693
v -1.56282799 14.12487174 1.267169
v -1.50309597 14.08056282 1.267169
v -1.68826696 13.98109607 1.267169
v -1.68549199 13.97307217 1.26716803
v -1.48429794 14.04901231 1.26716693
v -1.55909702 14.02127639 1.26716803
v -1.50486492 13.91156554 1.26716693
v -1.75622701 13.94530308 1.26716693
v -1.675015 14.12592545 1.26716693
v -1.64774402 14.05702626 1.26716803
v -1.485409 13.94276113 1.267169
v -1.55961503 13.97189241 1.267169
v -1.67769807 13.86944034 1.267169
v -1.71063703 13.88786535 1.26716693
v -1.63794896 14.13495883 1.267169
v -1.63051604 14.06122452 1.267169
v -1.66429905 13.9463778 1.26716803
v -1.76219892 13.9625605 1.267169
v -1.67593092 14.03695932 1.26716803
v -1.73566197 14.08274432 1.26716693
v -1.56783505 14.0359432 1.267169
v -1.76144788 14.03440852 1.267169
v -1.47475801 14.01390484 1.267169
v -1.47513795 13.97768064 1.26716693
v -1.66322903 14.04875137 1.267169
v -1.59559806 14.05653645 1.267169
v -1.61273606 14.06105756 1.26716803
v -1.68497398 14.02245947 1.267169
v -1.67675396 13.95840868 1.267169
v -1.64899095 13.93781322 1.267169
v -1.63185405 13.93329211 1.26716803
v -1.6140749 13.93312515 1.267169
v -1.59684595 13.93732341 1.26716803
v -1.6904269 13.99781502 1.267169
v -1.55484002 13.98812265 1.26716803
v -1.68791701 14.01448974 1.267169
v -1.56865698 13.95739366 1.26716803
v -1.55466491 14.00495991 1.267169
v -1.58135997 13.9455983 1.267169
v -1.70833086 14.10812183 1.267169
v -1.75511705 14.05154984 1.267169
v -1.60257806 13.85935435 1.267169
v -1.56551105 13.86838884 1.26716693
v -1.73743105 13.91375036 1.267169
v -1.64082897 13.85971369 1.26716693
v -1.58028995 14.04797298 1.26716803
v -1.28853594 13.66520954 1.26716803
v -1.28165697 14.32281012 1.267169
v -2.21917611 14.332173 1.267169
v -2.16782997 14.40327691 1.26716693
v -2.04908297 13.47857008 1.26716693
v -2.11685713 13.53607415 1.267169
v -1.13340794 13.52684838 1.267169
v -1.20237105 13.47062579 1.267169
v -1.70418305 14.65102938 1.267169
v -1.61336989 14.65588772 1.267169
v -0.98037796 13.73905111 1.267169
v -1.02134207 13.66213797 1.267169
v -1.97400401 13.42994238 1.267169
v -1.07268904 13.59103296 1.26716803
v -1.79358979 14.63499705 1.267169
v -0.95033511 13.82039801 1.267169
v -2.31067963 13.91767552 1.267169
v -2.31580804 14.00368285 1.267169
v -1.88006013 14.60816116 1.26716693
v -0.93163804 13.90473799 1.26716803
v -2.29375005 13.83300274 1.267169
v -1.53633996 13.34328381 1.267169
v -1.62715202 13.33842656 1.267169
v -1.96206602 14.57089651 1.267169
v -0.92471097 13.99063033 1.267169
v -2.26541596 13.75111073 1.26716693
v -1.44693198 13.35931613 1.267169
v -0.9298409 14.07663324 1.267169
v -1.34772894 14.60316571 1.267169
v -1.26651803 14.56436969 1.267169
v -2.22606808 13.67344352 1.267169
v -1.36046192 13.38615092 1.26716803
v -0.94676896 14.16131045 1.267169
v -1.43362184 14.6316181 1.267169
v -2.26014215 14.25526097 1.267169
v -1.27845396 13.42341778 1.267169
v -0.97510298 14.24320134 1.26716803
v -1.52267504 14.64932553 1.26716803
v -2.2901841 14.17391517 1.267169
v -1.892792 13.39114527 1.267169
v -1.014451 14.32086634 1.267169
v -2.30888111 14.0895763 1.26716693
v -1.80690021 13.36269508 1.267169
v -1.06429992 14.39292224 1.267169
v -1.71784591 13.34498765 1.26716693
v -1.12366402 14.45823792 1.267169
v -2.03815003 14.52368518 1.267169
v -1.19143687 14.51574089 1.26716803
v -2.10711169 14.46746148 1.267169
v -2.17621999 13.60138763 1.267169
v -2.21917611 14.332173 1.18041699
v -2.16782997 14.40327691 1.18041506
v -2.04908297 13.47857008 1.18041506
v -2.11685713 13.53607415 1.18041699
v -1.13340794 13.52684838 1.18041699
v -1.20237105 13.47062579 1.18041699
v -1.70418305 14.65102938 1.18041699
v -1.61336989 14.65588772 1.18041699
v -0.98037796 13.73905111 1.18041699
v -1.02134207 13.66213797 1.18041699
v -1.97400401 13.42994238 1.18041699
v -1.07268904 13.59103296 1.18041603
v -1.79358979 14.63499705 1.18041699
v -0.95033511 13.82039801 1.18041699
v -2.31067963 13.91767552 1.18041699
v -2.31580804 14.00368285 1.18041699
v -1.88006013 14.60816116 1.18041506
v -0.93163804 13.90473799 1.18041603
v -2.29375005 13.83300274 1.18041699
v -1.53633996 13.34328381 1.18041699
v -1.62715202 13.33842656 1.18041699
v -1.96206602 14.57089651 1.18041699
v -0.92471097 13.99063033 1.18041699
v -2.26541596 13.75110963 1.18041506
v -1.44693198 13.35931613 1.18041699
v -0.9298409 14.07663324 1.18041699
v -1.34773004 14.60316571 1.18041699
v -1.26651803 14.56436969 1.18041699
v -2.22606808 13.67344352 1.18041699
v -1.36046192 13.38615092 1.18041603
v -0.94676896 14.16131045 1.18041699
v -1.43362184 14.6316181 1.18041699
v -2.26014215 14.25526097 1.18041699
v -1.27845396 13.42341778 1.18041699
v -0.97510298 14.24320134 1.18041506
v -1.52267504 14.64932553 1.18041506
v -2.2901841 14.17391517 1.18041699
v -1.892792 13.39114527 1.18041699
v -1.014451 14.32086634 1.18041699
v -2.30888111 14.0895763 1.18041506
v -1.80690021 13.36269508 1.18041699
v -1.06429992 14.39292224 1.18041699
v -1.71784591 13.34498765 1.18041506
v -1.12366402 14.45823792 1.18041699
v -2.03815003 14.52368518 1.18041699
v -1.19143687 14.51574089 1.18041506
v -2.10711169 14.46746148 1.18041699
v -2.17621999 13.60138763 1.18041699
v -2.11223885 14.05954831 1.267169
v -1.28165697 14.32281012 1.267169
v -2.11344791 13.94400944 1.267169
v -1.38604108 13.59571661 1.26716803
v -1.37768699 14.39411969 1.267169
v -0.98483902 13.65223884 1.25849399
v -0.95030699 13.71707466 1.25849399
v -0.91236297 13.81978436 1.25849399
v -0.89660306 13.89088053 1.25849206
v -0.88787201 13.99934196 1.25849399
v -1.25606413 14.59894091 1.25849399
v -1.32452588 14.63164243 1.25849399
v -1.43297598 14.66758248 1.25849399
v -1.50804706 14.6825058 1.25849206
v -1.62257009 14.69077185 1.25849399
v -0.98714699 14.34585797 1.25849399
v -1.02917006 14.40660057 1.25849399
v -1.10411702 14.48907416 1.25849399
v -1.16124994 14.53755038 1.25849206
v -1.25206697 13.39755709 1.25849399
v -1.1879309 13.43735595 1.25849399
v -1.10084484 13.50833713 1.25849399
v -1.04965999 13.56244567 1.25849206
v -1.61795403 13.30353802 1.25849399
v -1.54139899 13.30763234 1.25849399
v -1.428506 13.32786624 1.25849399
v -1.35561187 13.3504884 1.25849206
v -1.98445598 13.39537117 1.25849399
v -1.91599492 13.36266744 1.25849399
v -1.80754607 13.32673071 1.25849399
v -1.73247416 13.31180517 1.25849206
v -2.25337098 13.64845411 1.25849399
v -2.21135096 13.58771261 1.25849399
v -2.13640316 13.50523681 1.25849289
v -2.07926893 13.4567617 1.25849206
v -2.352647 13.99497011 1.25849399
v -2.34832297 13.92246752 1.25849399
v -2.32695797 13.81555183 1.25849289
v -2.30307202 13.74651775 1.25849206
v -2.25568005 14.34207213 1.25849399
v -2.29021313 14.2772352 1.25849399
v -2.3281579 14.17452771 1.25849289
v -2.34391823 14.10342934 1.25849206
v -1.98845287 14.59675499 1.25849399
v -2.0525899 14.55695502 1.25849399
v -2.13967403 14.48597605 1.25849399
v -2.19085916 14.43186752 1.25849206
v -1.69912402 14.68667863 1.25849399
v -1.81201591 14.66644584 1.25849399
v -1.88491004 14.64382589 1.25849206
v -0.89219597 14.07184566 1.25849399
v -0.91356097 14.17875914 1.25849399
v -0.93744602 14.24779433 1.25849206
v -1.09644404 13.70414819 1.267169
v -1.06061601 13.7714154 1.267169
v -1.03434096 13.84256242 1.267169
v -1.01798799 13.9163277 1.26716803
v -1.01192999 13.99144853 1.267169
v -1.31087394 14.49324257 1.267169
v -1.38190405 14.5271747 1.267169
v -1.45702599 14.55206019 1.267169
v -1.53491184 14.5675463 1.26716803
v -1.61423508 14.57328477 1.267169
v -1.09041595 14.28027582 1.267169
v -1.13401496 14.34329722 1.267169
v -1.18593391 14.40041762 1.267169
v -1.24521011 14.45071268 1.26716803
v -1.32131403 13.4953609 1.267169
v -1.25477297 13.536648 1.267169
v -1.19445606 13.5858208 1.267169
v -1.14135209 13.64195825 1.26716803
v -1.62628807 13.42103062 1.267169
v -1.54686297 13.42527532 1.267169
v -1.46866697 13.43929752 1.267169
v -1.39304002 13.46276663 1.26716803
v -1.92964603 13.5010684 1.267169
v -1.85861786 13.46713737 1.267169
v -1.78349703 13.44225079 1.267169
v -1.70560896 13.42676356 1.26716693
v -2.15010402 13.71403626 1.267169
v -2.10650702 13.65101486 1.267169
v -2.05458593 13.59389335 1.267169
v -1.9953089 13.54359939 1.26716693
v -2.22859095 14.00286465 1.267169
v -2.22410398 13.9276432 1.267169
v -2.20929909 13.85358713 1.267169
v -2.18451685 13.78196356 1.26716693
v -2.1440749 14.29016168 1.267169
v -2.17990493 14.22289337 1.267169
v -2.20618012 14.15174855 1.267169
v -2.22253115 14.07798549 1.26716693
v -1.91920498 14.49895229 1.267169
v -1.98574811 14.45766297 1.267169
v -2.04606392 14.40848907 1.267169
v -2.09916906 14.35235051 1.26716693
v -1.69366004 14.56903565 1.267169
v -1.77185494 14.55501345 1.267169
v -1.84748203 14.53154434 1.26716693
v -1.01641593 14.06666998 1.267169
v -1.03122199 14.14072384 1.267169
v -1.05600298 14.21234852 1.26716803
v -1.59969694 14.13459949 1.26716693
v -1.56282799 14.12487174 1.267169
v -1.52988903 14.10644784 1.26716693
v -1.50309597 14.08056282 1.267169
v -1.68826696 13.98109607 1.267169
v -1.68549199 13.97307217 1.26716803
v -1.48429794 14.04901231 1.26716693
v -1.55909702 14.02127639 1.26716803
v -1.50486492 13.91156554 1.26716693
v -1.53219395 13.88619135 1.267169
v -1.75622701 13.94530308 1.26716693
v -1.675015 14.12592545 1.26716693
v -1.64774402 14.05702626 1.26716803
v -1.485409 13.94276113 1.267169
v -1.55961503 13.97189241 1.267169
v -1.67769807 13.86944034 1.267169
v -1.71063703 13.88786535 1.26716693
v -1.63794896 14.13495883 1.267169
v -1.63051604 14.06122452 1.267169
v -1.66429905 13.9463778 1.26716803
v -1.76219892 13.9625605 1.267169
v -1.67593092 14.03695932 1.26716803
v -1.73566197 14.08274432 1.26716693
v -1.56783505 14.0359432 1.267169
v -1.76684801 13.99852929 1.267169
v -1.76144788 14.03440852 1.267169
v -1.47475801 14.01390484 1.267169
v -1.47513795 13.97768064 1.26716693
v -1.66322903 14.04875137 1.267169
v -1.59559806 14.05653645 1.267169
v -1.61273606 14.06105756 1.26716803
v -1.68497398 14.02245947 1.267169
v -1.67675396 13.95840868 1.267169
v -1.64899095 13.93781322 1.267169
v -1.63185405 13.93329211 1.26716803
v -1.6140749 13.93312515 1.267169
v -1.59684595 13.93732341 1.26716803
v -1.6904269 13.99781502 1.267169
v -1.55484002 13.98812265 1.26716803
v -1.68791701 14.01448974 1.267169
v -1.56865698 13.95739366 1.26716803
v -1.55466491 14.00495991 1.267169
v -1.58135997 13.9455983 1.267169
v -1.70833086 14.10812183 1.267169
v -1.75511705 14.05154984 1.267169
v -1.60257806 13.85935435 1.267169
v -1.56551105 13.86838884 1.26716693
v -1.73743105 13.91375036 1.267169
v -1.64082897 13.85971369 1.26716693
v -1.58028995 14.04797298 1.26716803
v -2.1181979 14.00182974 1.267169
v -2.11223885 14.05954831 1.267169
v -1.33411307 13.6264456 1.267169
v -1.28853594 13.66520954 1.26716803
v -1.326413 14.36242434 1.26716693
vt 0.58727 0.46814
vt 0.59646 0.46813
vt 0.59646 0.47544
vt 0.58728 0.47545
vt 0.58728 0.4828
vt 0.59647 0.4828
vt 0.59648 0.49006
vt 0.58729 0.49007
vt 0.58733 0.55382
vt 0.59652 0.55382
vt 0.59652 0.56076
vt 0.58734 0.56076
vt 0.58734 0.56778
vt 0.59652 0.56777
vt 0.59653 0.57476
vt 0.58734 0.57476
vt 0.58734 0.61057
vt 0.59653 0.61057
vt 0.59653 0.61783
vt 0.58734 0.61783
vt 0.5873 0.72556
vt 0.59649 0.72557
vt 0.59649 0.7325
vt 0.5873 0.7325
vt 0.58733 0.66909
vt 0.59652 0.66909
vt 0.59652 0.67627
vt 0.58733 0.67627
vt 0.58734 0.62518
vt 0.59653 0.62519
vt 0.59653 0.6325
vt 0.58734 0.63249
vt 0.58734 0.58185
vt 0.59653 0.58185
vt 0.59653 0.58892
vt 0.58734 0.58893
vt 0.58733 0.5399
vt 0.59651 0.53989
vt 0.59652 0.54683
vt 0.58733 0.54683
vt 0.58726 0.45339
vt 0.59645 0.45338
vt 0.59645 0.45706
vt 0.58726 0.45707
vt 0.58733 0.66181
vt 0.59652 0.66181
vt 0.58732 0.70462
vt 0.5965 0.70462
vt 0.5965 0.71164
vt 0.58731 0.71163
vt 0.58727 0.77502
vt 0.59646 0.77503
vt 0.59646 0.78231
vt 0.58727 0.78231
vt 0.58731 0.71857
vt 0.5965 0.71858
vt 0.58732 0.69054
vt 0.59651 0.69054
vt 0.59651 0.69763
vt 0.58732 0.69763
vt 0.59651 0.68346
vt 0.58733 0.68346
vt 0.58734 0.64719
vt 0.59652 0.64719
vt 0.59652 0.65455
vt 0.58733 0.65454
vt 0.59653 0.63988
vt 0.58734 0.63988
vt 0.59653 0.59611
vt 0.58734 0.59611
vt 0.58731 0.5188
vt 0.5965 0.51879
vt 0.5965 0.52588
vt 0.58732 0.52589
vt 0.5873 0.50453
vt 0.59649 0.50452
vt 0.59649 0.51171
vt 0.58731 0.51172
vt 0.57808 0.45707
vt 0.58727 0.46076
vt 0.57808 0.46076
vt 0.59645 0.46075
vt 0.57811 0.50454
vt 0.57812 0.51173
vt 0.57811 0.49736
vt 0.5873 0.49735
vt 0.59648 0.49735
vt 0.57813 0.5188
vt 0.57813 0.5259
vt 0.57814 0.54684
vt 0.57815 0.55383
vt 0.57815 0.56076
vt 0.57815 0.56778
vt 0.57815 0.58893
vt 0.57816 0.59611
vt 0.58734 0.60329
vt 0.57816 0.60329
vt 0.59653 0.60329
vt 0.57815 0.63249
vt 0.57815 0.63987
vt 0.57815 0.64718
vt 0.57815 0.65454
vt 0.57814 0.67627
vt 0.57814 0.68346
vt 0.57814 0.69053
vt 0.57813 0.69762
vt 0.57812 0.71857
vt 0.57812 0.72556
vt 0.57813 0.71163
vt 0.5781 0.75358
vt 0.58729 0.75359
vt 0.58728 0.76066
vt 0.5781 0.76066
vt 0.59647 0.75359
vt 0.59647 0.76067
vt 0.57809 0.77502
vt 0.57808 0.7823
vt 0.57809 0.76784
vt 0.58728 0.76785
vt 0.59646 0.76786
vt 0.57811 0.73951
vt 0.5873 0.73951
vt 0.58729 0.7465
vt 0.5781 0.74649
vt 0.59648 0.73952
vt 0.59648 0.74651
vt 0.57813 0.70461
vt 0.57815 0.6618
vt 0.57814 0.66909
vt 0.58732 0.53288
vt 0.57813 0.53288
vt 0.59651 0.53287
vt 0.58726 0.78957
vt 0.57808 0.78956
vt 0.59645 0.78957
vt 0.57807 0.4534
vt 0.58726 0.79692
vt 0.57807 0.79692
vt 0.59645 0.79693
vt 0.5781 0.49007
vt 0.57814 0.5399
vt 0.57815 0.58185
vt 0.57815 0.57476
vt 0.57815 0.62518
vt 0.57815 0.61783
vt 0.57811 0.73249
vt 0.57816 0.61057
vt 0.5781 0.48281
vt 0.57809 0.47546
vt 0.57808 0.46814
vt 0.5302 0.50484
vt 0.53623 0.5022
vt 0.53759 0.50511
vt 0.53119 0.50791
vt 0.46663 0.47174
vt 0.46913 0.47811
vt 0.46636 0.47955
vt 0.46372 0.47279
vt 0.49191 0.5022
vt 0.49794 0.50484
vt 0.49695 0.50792
vt 0.49055 0.50512
vt 0.47241 0.48413
vt 0.47638 0.4896
vt 0.47407 0.49175
vt 0.46985 0.48594
vt 0.48633 0.41061
vt 0.48115 0.41481
vt 0.47912 0.41236
vt 0.48463 0.40791
vt 0.49808 0.4045
vt 0.49204 0.40714
vt 0.49068 0.40422
vt 0.49709 0.40143
vt 0.54193 0.49872
vt 0.54711 0.49452
vt 0.54914 0.49696
vt 0.54364 0.50142
vt 0.55904 0.47811
vt 0.56155 0.47174
vt 0.56446 0.47279
vt 0.5618 0.47955
vt 0.56326 0.46503
vt 0.56412 0.45819
vt 0.56719 0.45841
vt 0.56628 0.46566
vt 0.55583 0.42529
vt 0.55187 0.41981
vt 0.55419 0.41767
vt 0.55839 0.42348
vt 0.48104 0.49452
vt 0.48621 0.49872
vt 0.4845 0.50142
vt 0.47901 0.49697
vt 0.51736 0.50754
vt 0.52384 0.50664
vt 0.52443 0.50983
vt 0.51756 0.51078
vt 0.47649 0.41972
vt 0.47251 0.42519
vt 0.46996 0.42338
vt 0.47418 0.41758
vt 0.46416 0.45809
vt 0.46415 0.46156
vt 0.46108 0.46199
vt 0.46108 0.4583
vt 0.46416 0.45113
vt 0.46109 0.45092
vt 0.54205 0.41068
vt 0.53636 0.40719
vt 0.53772 0.40428
vt 0.54377 0.40798
vt 0.55911 0.43131
vt 0.56188 0.42988
vt 0.56329 0.4444
vt 0.5616 0.43769
vt 0.56451 0.43664
vt 0.56631 0.44378
vt 0.50444 0.40271
vt 0.50385 0.39952
vt 0.46922 0.43121
vt 0.46646 0.42978
vt 0.46672 0.43758
vt 0.46501 0.4443
vt 0.46199 0.44367
vt 0.4638 0.43654
vt 0.46493 0.46502
vt 0.46191 0.46566
vt 0.5043 0.50664
vt 0.5037 0.50983
vt 0.49894 0.50176
vt 0.50491 0.50345
vt 0.46501 0.46492
vt 0.46199 0.46556
vt 0.46723 0.46114
vt 0.46803 0.46429
vt 0.46795 0.46439
vt 0.46955 0.4707
vt 0.48793 0.49602
vt 0.49328 0.49929
vt 0.47198 0.43265
vt 0.46963 0.43863
vt 0.46803 0.44493
vt 0.47507 0.427
vt 0.51092 0.40182
vt 0.51072 0.39857
vt 0.51111 0.40506
vt 0.50504 0.4059
vt 0.49906 0.40758
vt 0.55177 0.4896
vt 0.55575 0.48413
vt 0.55831 0.48594
vt 0.55409 0.49174
vt 0.54946 0.48746
vt 0.55319 0.48233
vt 0.56413 0.45124
vt 0.5672 0.45103
vt 0.56106 0.45145
vt 0.56027 0.44503
vt 0.55868 0.43873
vt 0.55635 0.43275
vt 0.55327 0.42709
vt 0.54722 0.41489
vt 0.54926 0.41244
vt 0.54519 0.41733
vt 0.54034 0.41338
vt 0.53499 0.41011
vt 0.53033 0.40454
vt 0.53133 0.40147
vt 0.52933 0.40762
vt 0.4787 0.48746
vt 0.48307 0.49208
vt 0.51078 0.50754
vt 0.51057 0.51078
vt 0.51098 0.5043
vt 0.52397 0.40274
vt 0.5175 0.40183
vt 0.51771 0.39858
vt 0.52458 0.39955
vt 0.52337 0.40592
vt 0.51729 0.40507
vt 0.46723 0.45135
vt 0.46723 0.45787
vt 0.48318 0.41725
vt 0.47881 0.42186
vt 0.54955 0.42195
vt 0.56105 0.45798
vt 0.54508 0.49208
vt 0.51716 0.5043
vt 0.52324 0.50345
vt 0.55863 0.4707
vt 0.56024 0.46439
vt 0.55628 0.47667
vt 0.53487 0.49928
vt 0.54022 0.49602
vt 0.4934 0.41005
vt 0.48804 0.41331
vt 0.47189 0.47667
vt 0.47498 0.48233
vt 0.52921 0.50176
vt 0.86212 0.91927
vt 0.8404 0.93291
vt 0.83638 0.92673
vt 0.85848 0.91372
vt 0.84311 0.70527
vt 0.81997 0.69422
vt 0.82296 0.68772
vt 0.84577 0.69943
vt 0.82477 0.80882
vt 0.79914 0.80948
vt 0.79886 0.80205
vt 0.82449 0.80214
vt 0.83046 0.8479
vt 0.80535 0.85308
vt 0.80379 0.84602
vt 0.82904 0.84159
vt 0.83386 0.86037
vt 0.80911 0.86706
vt 0.80714 0.86014
vt 0.83207 0.8542
vt 0.859 0.85279
vt 0.85741 0.84738
vt 0.85804 0.84724
vt 0.85962 0.85264
vt 0.85599 0.84185
vt 0.85474 0.83631
vt 0.85537 0.83621
vt 0.85662 0.84174
vt 0.85097 0.8074
vt 0.85072 0.80148
vt 0.85136 0.8015
vt 0.85161 0.8074
vt 0.86712 0.71589
vt 0.86945 0.71074
vt 0.87002 0.71105
vt 0.86769 0.71618
vt 0.89117 0.91461
vt 0.88752 0.90975
vt 0.88802 0.90936
vt 0.89167 0.91422
vt 0.88403 0.90479
vt 0.88075 0.89981
vt 0.88127 0.89944
vt 0.88454 0.90441
vt 0.86987 0.93005
vt 0.84889 0.94485
vt 0.84461 0.93899
vt 0.86595 0.92475
vt 0.85379 0.75979
vt 0.8549 0.75404
vt 0.85553 0.75414
vt 0.85442 0.75986
vt 0.82797 0.75513
vt 0.80288 0.74982
vt 0.80431 0.74257
vt 0.82922 0.74863
vt 0.85064 0.79548
vt 0.85073 0.78951
vt 0.85137 0.78956
vt 0.85128 0.79552
vt 0.8244 0.79537
vt 0.79878 0.79453
vt 0.79892 0.78706
vt 0.82451 0.78864
vt 0.85365 0.83064
vt 0.85273 0.82495
vt 0.85337 0.82489
vt 0.85428 0.83056
vt 0.8278 0.83515
vt 0.80243 0.83882
vt 0.8013 0.8316
vt 0.82676 0.82869
vt 0.86263 0.86352
vt 0.86076 0.8582
vt 0.86137 0.85799
vt 0.86322 0.86326
vt 0.83801 0.87261
vt 0.81371 0.88076
vt 0.81132 0.87397
vt 0.83586 0.86654
vt 0.87807 0.94022
vt 0.85757 0.95578
vt 0.85547 0.95324
vt 0.876 0.93775
vt 0.8991 0.92412
vt 0.89696 0.92183
vt 0.89745 0.92143
vt 0.89957 0.92369
vt 0.82689 0.76177
vt 0.80166 0.7572
vt 0.85284 0.76566
vt 0.85347 0.76571
vt 0.83609 0.72335
vt 0.81208 0.71438
vt 0.81453 0.70755
vt 0.83827 0.71723
vt 0.86094 0.73178
vt 0.86286 0.7264
vt 0.86347 0.72658
vt 0.86156 0.73194
vt 0.88717 0.68081
vt 0.89077 0.67595
vt 0.89127 0.67634
vt 0.88768 0.68119
vt 0.86492 0.72114
vt 0.86551 0.72138
vt 0.8576 0.74274
vt 0.8592 0.73719
vt 0.85982 0.73734
vt 0.85823 0.74287
vt 0.85618 0.74832
vt 0.8568 0.74844
vt 0.85144 0.7775
vt 0.85206 0.77153
vt 0.85269 0.77156
vt 0.85208 0.77752
vt 0.85099 0.78347
vt 0.85162 0.78351
vt 0.85198 0.81915
vt 0.85261 0.8191
vt 0.86933 0.87932
vt 0.86691 0.87408
vt 0.86748 0.87379
vt 0.86989 0.87901
vt 0.87468 0.88965
vt 0.87191 0.88449
vt 0.87245 0.88416
vt 0.87522 0.88931
vt 0.85168 0.9023
vt 0.82886 0.91399
vt 0.82539 0.90745
vt 0.84855 0.89645
vt 0.84563 0.8906
vt 0.82216 0.9009
vt 0.81912 0.89422
vt 0.84289 0.88464
vt 0.80036 0.82427
vt 0.82591 0.82211
vt 0.79928 0.77952
vt 0.82481 0.78185
vt 0.82531 0.77514
vt 0.79986 0.77206
vt 0.80066 0.76457
vt 0.82601 0.7684
vt 0.80595 0.73535
vt 0.83067 0.74215
vt 0.83229 0.73581
vt 0.80779 0.72828
vt 0.80985 0.72125
vt 0.83411 0.72951
vt 0.84059 0.71123
vt 0.81714 0.70087
vt 0.86552 0.66603
vt 0.8448 0.65099
vt 0.84889 0.64548
vt 0.86938 0.66084
vt 0.88666 0.68044
vt 0.89026 0.67557
vt 0.88326 0.68531
vt 0.86183 0.67132
vt 0.8408 0.65669
vt 0.87699 0.69521
vt 0.85489 0.6823
vt 0.85826 0.67678
vt 0.88003 0.69026
vt 0.83316 0.6687
vt 0.83689 0.66264
vt 0.86432 0.7209
vt 0.86655 0.71559
vt 0.86225 0.72622
vt 0.85698 0.74261
vt 0.85858 0.73705
vt 0.85555 0.74821
vt 0.85427 0.75395
vt 0.85081 0.77749
vt 0.85143 0.7715
vt 0.85036 0.78344
vt 0.8501 0.78945
vt 0.85134 0.81919
vt 0.82525 0.81552
vt 0.85076 0.81335
vt 0.79965 0.81693
vt 0.8521 0.82501
vt 0.85679 0.8475
vt 0.85536 0.84196
vt 0.86015 0.8584
vt 0.85837 0.85294
vt 0.86877 0.87964
vt 0.86635 0.87438
vt 0.87136 0.88481
vt 0.87415 0.88999
vt 0.87709 0.89509
vt 0.85498 0.90802
vt 0.83251 0.92038
vt 0.87762 0.89473
vt 0.87814 0.89438
vt 0.85139 0.81333
vt 0.85203 0.8133
vt 0.87753 0.69556
vt 0.88055 0.69061
vt 0.88108 0.69097
vt 0.87806 0.6959
vt 0.89504 0.91941
vt 0.89554 0.91902
vt 0.89646 0.92222
vt 0.89453 0.91978
vt 0.87393 0.93523
vt 0.85329 0.95053
vt 0.88378 0.68567
vt 0.8843 0.68604
vt 0.87198 0.70562
vt 0.87465 0.70058
vt 0.8752 0.70092
vt 0.87253 0.70594
vt 0.87143 0.70529
vt 0.87411 0.70025
vt 0.84863 0.69363
vt 0.85166 0.68795
vt 0.82618 0.68126
vt 0.82956 0.67495
vt 0.86033 0.73162
vt 0.85221 0.7656
vt 0.85316 0.75972
vt 0.86469 0.86884
vt 0.86527 0.86856
vt 0.86412 0.86913
vt 0.84037 0.87868
vt 0.81632 0.88755
vt 0.8733 0.65587
vt 0.89404 0.67079
vt 0.85295 0.64029
vt 0.89454 0.67117
vt 0.89503 0.67157
vt 0.89858 0.66643
vt 0.89906 0.66685
vt 0.89807 0.66604
vt 0.89861 0.92453
vt 0.87725 0.65102
vt 0.85698 0.63534
vt 0.88023 0.90018
vt 0.86205 0.86378
vt 0.85301 0.83072
vt 0.85411 0.8364
vt 0.85001 0.79544
vt 0.85009 0.80147
vt 0.89066 0.91499
vt 0.88702 0.91014
vt 0.88353 0.90517
vt 0.86889 0.71043
vt 0.85034 0.80741
vt 0.11511 0.46824
vt 0.11279 0.47416
vt 0.10973 0.47974
vt 0.10605 0.48482
vt 0.11669 0.44288
vt 0.11748 0.44599
vt 0.11748 0.44922
vt 0.09643 0.47704
vt 0.10172 0.48938
vt 0.09256 0.48696
vt 0.09692 0.49328
vt 0.09163 0.49651
vt 0.08556 0.49173
vt 0.08603 0.49896
vt 0.08013 0.50063
vt 0.10501 0.45915
vt 0.11669 0.46201
vt 0.11748 0.45567
vt 0.10995 0.44955
vt 0.10931 0.44066
vt 0.11511 0.43665
vt 0.11279 0.43074
vt 0.10475 0.43146
vt 0.10973 0.42515
vt 0.10605 0.42008
vt 0.09803 0.42301
vt 0.10172 0.41552
vt 0.09692 0.41163
vt 0.08981 0.4165
vt 0.09163 0.40841
vt 0.08603 0.40596
vt 0.0804 0.41253
vt 0.08013 0.40429
vt 0.07412 0.40346
vt 0.07033 0.41135
vt 0.06801 0.40346
vt 0.06201 0.4043
vt 0.06028 0.41297
vt 0.05611 0.40598
vt 0.05051 0.40843
vt 0.05096 0.41728
vt 0.04522 0.41165
vt 0.04041 0.41555
vt 0.04302 0.42397
vt 0.03609 0.42011
vt 0.0324 0.42519
vt 0.03699 0.43261
vt 0.02935 0.43078
vt 0.02703 0.43669
vt 0.03328 0.44261
vt 0.02545 0.44292
vt 0.02466 0.44926
vt 0.03214 0.45327
vt 0.02466 0.45572
vt 0.02545 0.46206
vt 0.03366 0.46388
vt 0.02703 0.46829
vt 0.02935 0.4742
vt 0.03773 0.47371
vt 0.0324 0.47978
vt 0.03609 0.48485
vt 0.04407 0.4821
vt 0.04041 0.48941
vt 0.04522 0.4933
vt 0.05225 0.48846
vt 0.05051 0.49653
vt 0.05611 0.49897
vt 0.06171 0.49238
vt 0.06201 0.50064
vt 0.06801 0.50147
vt 0.07181 0.49357
vt 0.07412 0.50147
vt 0.07848 0.48985
vt 0.08429 0.48359
vt 0.08881 0.47773
vt 0.08898 0.46538
vt 0.09604 0.4482
vt 0.10209 0.44112
vt 0.09498 0.43364
vt 0.09256 0.44139
vt 0.08814 0.42643
vt 0.08121 0.42155
vt 0.07373 0.41946
vt 0.06587 0.41995
vt 0.05815 0.42265
vt 0.05123 0.42729
vt 0.04568 0.43358
vt 0.04189 0.44114
vt 0.04011 0.44949
vt 0.04044 0.45804
vt 0.04285 0.46623
vt 0.04718 0.47347
vt 0.05314 0.47928
vt 0.06032 0.48326
vt 0.06823 0.48515
vt 0.07662 0.47976
vt 0.07973 0.46942
vt 0.08652 0.43577
vt 0.08017 0.43
vt 0.06925 0.42876
vt 0.06227 0.42816
vt 0.08352 0.44877
vt 0.07683 0.45961
vt 0.0765 0.43917
vt 0.07166 0.44927
vt 0.06506 0.44018
vt 0.05491 0.43735
vt 0.04883 0.44248
vt 0.04874 0.45377
vt 0.0484 0.46167
vt 0.05679 0.44679
vt 0.06364 0.45128
vt 0.06766 0.45856
vt 0.05739 0.45652
vt 0.07081 0.46734
vt 0.07132 0.47454
vt 0.06357 0.47664
vt 0.0608 0.4656
vt 0.51344 0.99
vt 0.50407 0.98949
vt 0.50407 0.9801
vt 0.51344 0.98061
vt 0.7416 0.05399
vt 0.74805 0.0608
vt 0.71411 0.09294
vt 0.70766 0.08613
vt 0.6731 0.13249
vt 0.66664 0.12568
vt 0.70058 0.09353
vt 0.70704 0.10034
vt 0.70735 0.08763
vt 0.71266 0.09324
vt 0.70735 0.09885
vt 0.70203 0.09324
vt 0.74805 0.12567
vt 0.7416 0.13249
vt 0.70766 0.10034
vt 0.71411 0.09353
vt 0.70058 0.09294
vt 0.70704 0.08613
vt 0.66664 0.0608
vt 0.6731 0.05399
vt 0.11922 0.98474
vt 0.11922 0.99
vt 0.11176 0.99
vt 0.11176 0.98474
vt 0.14792 0.98474
vt 0.14792 0.98999
vt 0.14572 0.98999
vt 0.14572 0.98474
vt 0.15015 0.98474
vt 0.15015 0.98999
vt 0.17 0.98473
vt 0.17 0.98999
vt 0.08867 0.98474
vt 0.08867 0.98999
vt 0.0841 0.98999
vt 0.0841 0.98474
vt 0.09324 0.98474
vt 0.09324 0.98999
vt 0.10244 0.98474
vt 0.10244 0.99
vt 0.09783 0.98999
vt 0.09783 0.98474
vt 0.13909 0.98474
vt 0.1391 0.98999
vt 0.17746 0.98473
vt 0.17746 0.98998
vt 0.07037 0.98474
vt 0.07037 0.98999
vt 0.06575 0.98999
vt 0.06576 0.98473
vt 0.07496 0.98474
vt 0.07496 0.98999
vt 0.07954 0.98474
vt 0.07954 0.98999
vt 0.14352 0.98999
vt 0.14352 0.98474
vt 0.10708 0.98474
vt 0.10708 0.99
vt 0.06111 0.98473
vt 0.06111 0.98999
vt 0.05643 0.98998
vt 0.05643 0.98473
vt 0.14132 0.98474
vt 0.14132 0.98999
vt 0.60573 0.68032
vt 0.61099 0.68033
vt 0.61046 0.6826
vt 0.60625 0.68259
vt 0.60639 0.52454
vt 0.61059 0.52453
vt 0.61061 0.52898
vt 0.6064 0.52899
vt 0.60646 0.57162
vt 0.61067 0.57162
vt 0.61119 0.57392
vt 0.60594 0.57392
vt 0.6061 0.45688
vt 0.6103 0.45686
vt 0.61083 0.45905
vt 0.60558 0.45908
vt 0.60646 0.5574
vt 0.61066 0.55739
vt 0.61119 0.55969
vt 0.60593 0.5597
vt 0.60586 0.52226
vt 0.61111 0.52224
vt 0.60591 0.60795
vt 0.61116 0.60796
vt 0.61064 0.61014
vt 0.60643 0.61014
vt 0.60621 0.70137
vt 0.61041 0.70138
vt 0.61093 0.70364
vt 0.60567 0.70363
vt 0.60628 0.67273
vt 0.61048 0.67274
vt 0.611 0.67494
vt 0.60575 0.67493
vt 0.60645 0.60028
vt 0.61065 0.60028
vt 0.61117 0.60254
vt 0.60592 0.60253
vt 0.60562 0.72309
vt 0.61088 0.7231
vt 0.61034 0.72539
vt 0.60614 0.72538
vt 0.60553 0.45007
vt 0.61079 0.45004
vt 0.61027 0.45222
vt 0.60607 0.45224
vt 0.60617 0.47141
vt 0.61037 0.47139
vt 0.61091 0.47356
vt 0.60565 0.47359
vt 0.60632 0.65829
vt 0.61052 0.6583
vt 0.61104 0.66048
vt 0.60579 0.66047
vt 0.60558 0.73731
vt 0.61083 0.73732
vt 0.6103 0.73959
vt 0.6061 0.73958
vt 0.60585 0.63695
vt 0.6111 0.63696
vt 0.61057 0.63915
vt 0.60637 0.63914
vt 0.60644 0.54321
vt 0.61064 0.5432
vt 0.61117 0.54548
vt 0.60591 0.54549
vt 0.60549 0.76591
vt 0.61074 0.76593
vt 0.61021 0.76814
vt 0.60601 0.76813
vt 0.60642 0.61473
vt 0.61063 0.61474
vt 0.61115 0.61697
vt 0.60589 0.61695
vt 0.60577 0.66592
vt 0.61103 0.66594
vt 0.61049 0.66817
vt 0.60629 0.66816
vt 0.6063 0.50036
vt 0.61051 0.50034
vt 0.61104 0.50254
vt 0.60579 0.50256
vt 0.60568 0.47909
vt 0.61093 0.47906
vt 0.61042 0.48127
vt 0.60622 0.48129
vt 0.60608 0.744
vt 0.61029 0.74402
vt 0.6108 0.74632
vt 0.60555 0.7463
vt 0.60643 0.5388
vt 0.61063 0.53879
vt 0.60624 0.6871
vt 0.61044 0.68711
vt 0.61096 0.68933
vt 0.60571 0.68932
vt 0.60602 0.44236
vt 0.61022 0.44234
vt 0.61076 0.44456
vt 0.6055 0.44459
vt 0.60604 0.75829
vt 0.61024 0.7583
vt 0.61076 0.76058
vt 0.60551 0.76057
vt 0.60592 0.55071
vt 0.61117 0.5507
vt 0.61065 0.55299
vt 0.60645 0.553
vt 0.60566 0.70888
vt 0.61091 0.70889
vt 0.61038 0.71119
vt 0.60618 0.71118
vt 0.60639 0.62925
vt 0.6106 0.62926
vt 0.61112 0.63146
vt 0.60586 0.63144
vt 0.60594 0.57919
vt 0.61119 0.57919
vt 0.61067 0.58143
vt 0.60646 0.58143
vt 0.60617 0.71559
vt 0.61037 0.7156
vt 0.61089 0.71788
vt 0.60564 0.71787
vt 0.60613 0.72978
vt 0.61033 0.72979
vt 0.61085 0.73209
vt 0.6056 0.73208
vt 0.60575 0.49355
vt 0.611 0.49353
vt 0.61049 0.49577
vt 0.60628 0.49579
vt 0.6059 0.5365
vt 0.61115 0.53649
vt 0.60561 0.46458
vt 0.61086 0.46456
vt 0.61035 0.46674
vt 0.60615 0.46676
vt 0.60581 0.65146
vt 0.61106 0.65147
vt 0.61053 0.65368
vt 0.60633 0.65367
vt 0.60588 0.62243
vt 0.61114 0.62245
vt 0.61061 0.62462
vt 0.6064 0.62461
vt 0.60646 0.5859
vt 0.61066 0.5859
vt 0.61119 0.58819
vt 0.60593 0.58818
vt 0.60594 0.56492
vt 0.61119 0.56492
vt 0.61067 0.56719
vt 0.60646 0.5672
vt 0.60593 0.59353
vt 0.61118 0.59353
vt 0.61066 0.59574
vt 0.60645 0.59574
vt 0.60624 0.48592
vt 0.61044 0.4859
vt 0.61098 0.48807
vt 0.60572 0.4881
vt 0.60554 0.75157
vt 0.61079 0.75159
vt 0.61026 0.75383
vt 0.60605 0.75381
vt 0.60634 0.51021
vt 0.61055 0.5102
vt 0.61056 0.51471
vt 0.60636 0.51472
vt 0.60599 0.43777
vt 0.61019 0.43774
vt 0.6102 0.77268
vt 0.606 0.77266
vt 0.60622 0.69692
vt 0.61042 0.69694
vt 0.61056 0.64379
vt 0.60636 0.64378
vt 0.60584 0.51695
vt 0.61109 0.51693
vt 0.60588 0.53125
vt 0.61114 0.53124
vt 0.60583 0.64596
vt 0.61108 0.64597
vt 0.60543 0.43016
vt 0.61068 0.43014
vt 0.61071 0.43555
vt 0.60546 0.43558
vt 0.61106 0.50792
vt 0.60581 0.50795
vt 0.61095 0.69465
vt 0.6057 0.69463
vt 0.61072 0.77493
vt 0.60546 0.77492
vt 0.0656 0.91268
vt 0.06722 0.9074
vt 0.06885 0.90781
vt 0.06621 0.91277
vt 0.0662 0.90907
vt 0.06915 0.91342
vt 0.06766 0.91386
vt 0.06568 0.90887
vt 0.07043 0.90843
vt 0.06674 0.91273
vt 0.06115 0.91013
vt 0.05643 0.91018
vt 0.05726 0.9089
vt 0.06192 0.91088
vt 0.06617 0.91412
vt 0.06508 0.90883
vt 0.06151 0.90897
vt 0.05722 0.91219
vt 0.05671 0.9116
vt 0.06179 0.90965
vt 0.07174 0.90934
vt 0.06715 0.91226
vt 0.06281 0.91239
vt 0.06092 0.9074
vt 0.06248 0.90717
vt 0.06347 0.91245
vt 0.06491 0.91257
vt 0.06561 0.90717
vt 0.06403 0.90709
vt 0.06418 0.9125
vt 0.06181 0.91156
vt 0.0579 0.90844
vt 0.05937 0.90781
vt 0.06224 0.91217
vt 0.06243 0.9086
vt 0.06011 0.91368
vt 0.05858 0.91311
vt 0.06191 0.90858
vt 0.06371 0.90878
vt 0.06318 0.9142
vt 0.06166 0.91402
vt 0.06303 0.9087
vt 0.06467 0.91423
vt 0.06441 0.90882
vt 0.067 0.91045
vt 0.07169 0.91184
vt 0.07055 0.91276
vt 0.06661 0.90963
vt 0.06758 0.91149
vt 0.07235 0.91062
vt 0.14723 0.346
vt 0.14197 0.346
vt 0.14197 0.33923
vt 0.14723 0.33923
vt 0.14722 0.42415
vt 0.14197 0.42415
vt 0.14197 0.41692
vt 0.14722 0.41691
vt 0.14723 0.44854
vt 0.14198 0.44854
vt 0.14198 0.44623
vt 0.14723 0.44623
vt 0.14723 0.45762
vt 0.14198 0.45762
vt 0.14198 0.45539
vt 0.14723 0.45539
vt 0.14198 0.45314
vt 0.14723 0.45314
vt 0.14723 0.45085
vt 0.14198 0.45085
vt 0.14198 0.31793
vt 0.14723 0.31793
vt 0.14198 0.44392
vt 0.14723 0.44392
vt 0.14723 0.45872
vt 0.14198 0.45872
vt 0.14722 0.40254
vt 0.14197 0.40254
vt 0.14197 0.39772
vt 0.14722 0.39772
vt 0.14722 0.40735
vt 0.14197 0.40735
vt 0.14722 0.41214
vt 0.14197 0.41214
vt 0.14722 0.3833
vt 0.14197 0.3833
vt 0.14197 0.37854
vt 0.14722 0.37854
vt 0.14722 0.3881
vt 0.14197 0.3881
vt 0.14722 0.39291
vt 0.14197 0.39291
vt 0.14722 0.36442
vt 0.14197 0.36442
vt 0.14197 0.35977
vt 0.14722 0.35978
vt 0.14722 0.36909
vt 0.14197 0.36909
vt 0.14722 0.3738
vt 0.14197 0.3738
vt 0.14722 0.35058
vt 0.14197 0.35057
vt 0.14722 0.35516
vt 0.14197 0.35516
vt 0.12732 0.44049
vt 0.13257 0.44049
vt 0.1326 0.46178
vt 0.12734 0.46179
vt 0.13261 0.46856
vt 0.12735 0.46856
vt 0.12731 0.36983
vt 0.13257 0.36984
vt 0.13256 0.37465
vt 0.12731 0.37464
vt 0.1273 0.40589
vt 0.13256 0.40589
vt 0.13256 0.42567
vt 0.12731 0.42567
vt 0.12731 0.42798
vt 0.13256 0.42798
vt 0.13257 0.4303
vt 0.12731 0.4303
vt 0.12732 0.43938
vt 0.13257 0.43938
vt 0.12732 0.36504
vt 0.13257 0.36504
vt 0.12732 0.36027
vt 0.13257 0.36027
vt 0.1273 0.39865
vt 0.13256 0.39865
vt 0.1273 0.39388
vt 0.13256 0.39388
vt 0.1273 0.38909
vt 0.13256 0.38909
vt 0.1273 0.38428
vt 0.13256 0.38428
vt 0.12731 0.37946
vt 0.13256 0.37946
vt 0.12731 0.43261
vt 0.13257 0.43261
vt 0.13257 0.43489
vt 0.12732 0.4349
vt 0.12732 0.43716
vt 0.13257 0.43715
vt 0.12734 0.33687
vt 0.13259 0.33687
vt 0.13259 0.34149
vt 0.12734 0.34149
vt 0.12735 0.33228
vt 0.1326 0.33228
vt 0.12735 0.3277
vt 0.1326 0.32771
vt 0.12732 0.35552
vt 0.13258 0.35553
vt 0.12733 0.35081
vt 0.13258 0.35082
vt 0.12733 0.34613
vt 0.13259 0.34614
vt 0.11095 0.15495
vt 0.10568 0.1546
vt 0.10575 0.15003
vt 0.11102 0.14973
vt 0.07697 0.14848
vt 0.07281 0.15044
vt 0.07222 0.14959
vt 0.07571 0.14665
vt 0.07783 0.15165
vt 0.07321 0.15192
vt 0.07301 0.15092
vt 0.0774 0.1495
vt 0.06222 0.15767
vt 0.06596 0.15472
vt 0.06676 0.15539
vt 0.06395 0.15913
vt 0.06025 0.19125
vt 0.06135 0.18635
vt 0.06612 0.18697
vt 0.06571 0.19196
vt 0.09895 0.15393
vt 0.07765 0.15384
vt 0.09907 0.15042
vt 0.05591 0.17713
vt 0.05228 0.18339
vt 0.04814 0.18108
vt 0.05269 0.17542
vt 0.07629 0.15687
vt 0.07249 0.15434
vt 0.07298 0.15343
vt 0.07733 0.1549
vt 0.03097 0.16963
vt 0.03574 0.16744
vt 0.03809 0.17141
vt 0.03367 0.17417
vt 0.09194 0.18544
vt 0.08906 0.18127
vt 0.09291 0.1785
vt 0.09635 0.18228
vt 0.07142 0.14891
vt 0.07398 0.14519
vt 0.10651 0.16997
vt 0.1018 0.16774
vt 0.1037 0.16353
vt 0.10868 0.16516
vt 0.06828 0.16055
vt 0.06877 0.15605
vt 0.06984 0.15599
vt 0.07059 0.16042
vt 0.04098 0.17504
vt 0.03697 0.17832
vt 0.06772 0.15585
vt 0.06601 0.16011
vt 0.0728 0.15972
vt 0.07087 0.15567
vt 0.07177 0.1551
vt 0.07474 0.15851
vt 0.05018 0.13092
vt 0.06319 0.14581
vt 0.06165 0.14746
vt 0.04758 0.13344
vt 0.04515 0.18523
vt 0.04988 0.18786
vt 0.06012 0.15157
vt 0.06498 0.15188
vt 0.06503 0.1529
vt 0.06024 0.15376
vt 0.105 0.15912
vt 0.11016 0.16012
vt 0.04082 0.18203
vt 0.04435 0.17828
vt 0.06096 0.15584
vt 0.06537 0.15387
vt 0.09855 0.14695
vt 0.05319 0.12885
vt 0.06514 0.1446
vt 0.0606 0.14942
vt 0.0652 0.15088
vt 0.06569 0.14997
vt 0.08329 0.19188
vt 0.08202 0.18999
vt 0.08714 0.18802
vt 0.0876 0.19022
vt 0.07046 0.14846
vt 0.07192 0.14421
vt 0.06734 0.14391
vt 0.06833 0.14832
vt 0.06731 0.14864
vt 0.06601 0.1102
vt 0.06672 0.11233
vt 0.06125 0.11299
vt 0.0614 0.11075
vt 0.04502 0.12581
vt 0.04157 0.12903
vt 0.04887 0.12305
vt 0.09636 0.17528
vt 0.10029 0.1786
vt 0.07312 0.15293
vt 0.04982 0.17321
vt 0.10426 0.13014
vt 0.09983 0.1329
vt 0.09694 0.12927
vt 0.10095 0.12599
vt 0.04599 0.11888
vt 0.04159 0.12203
vt 0.06222 0.1179
vt 0.05755 0.11906
vt 0.05591 0.11432
vt 0.09357 0.12603
vt 0.0971 0.12228
vt 0.09819 0.12029
vt 0.09277 0.11909
vt 0.09454 0.11759
vt 0.06641 0.1492
vt 0.07192 0.19412
vt 0.07122 0.19199
vt 0.07668 0.19133
vt 0.07653 0.19356
vt 0.07222 0.11236
vt 0.07181 0.11735
vt 0.067 0.11732
vt 0.02912 0.13386
vt 0.03142 0.13434
vt 0.02926 0.13915
vt 0.0273 0.13792
vt 0.03556 0.12468
vt 0.03765 0.12571
vt 0.03424 0.12983
vt 0.03268 0.12816
vt 0.11036 0.14455
vt 0.10517 0.14551
vt 0.10397 0.14109
vt 0.10899 0.1395
vt 0.02542 0.14429
vt 0.02777 0.14418
vt 0.02698 0.14936
vt 0.02475 0.14865
vt 0.06941 0.14826
vt 0.06965 0.14377
vt 0.11327 0.14904
vt 0.11271 0.14468
vt 0.08486 0.18353
vt 0.05307 0.12079
vt 0.0508 0.11629
vt 0.03613 0.13657
vt 0.03424 0.14078
vt 0.08298 0.11444
vt 0.08122 0.11917
vt 0.07658 0.11797
vt 0.07767 0.11307
vt 0.08979 0.12323
vt 0.08565 0.12093
vt 0.08804 0.11645
vt 0.03294 0.14519
vt 0.03225 0.14971
vt 0.11098 0.13829
vt 0.10695 0.13467
vt 0.10926 0.13422
vt 0.07571 0.18641
vt 0.08038 0.18525
vt 0.03859 0.13263
vt 0.04937 0.19005
vt 0.05495 0.18988
vt 0.05364 0.19175
vt 0.02691 0.15457
vt 0.03218 0.15427
vt 0.03276 0.1588
vt 0.02757 0.15975
vt 0.05465 0.11244
vt 0.05034 0.1141
vt 0.10219 0.13687
vt 0.05671 0.18515
vt 0.10881 0.17044
vt 0.11064 0.16639
vt 0.02694 0.16601
vt 0.02893 0.1648
vt 0.02866 0.17008
vt 0.07093 0.18699
vt 0.06035 0.19349
vt 0.06495 0.19409
vt 0.08856 0.11426
vt 0.08429 0.11256
vt 0.03395 0.16321
vt 0.10585 0.12848
vt 0.10307 0.12498
vt 0.1037 0.17447
vt 0.09934 0.17168
vt 0.03207 0.17583
vt 0.03485 0.17933
vt 0.11252 0.16001
vt 0.11318 0.15565
vt 0.07757 0.11083
vt 0.07298 0.11023
vt 0.09368 0.18694
vt 0.09739 0.18428
vt 0.03973 0.18402
vt 0.04338 0.18672
vt 0.02466 0.15526
vt 0.02521 0.15962
vt 0.10238 0.17962
vt 0.10525 0.17615
vt 0.04426 0.11737
vt 0.04054 0.12003
vt 0.63469 0.97016
vt 0.6319 0.96564
vt 0.63662 0.96343
vt 0.63906 0.96739
vt 0.64159 0.91801
vt 0.64593 0.91483
vt 0.64889 0.919
vt 0.64509 0.92178
vt 0.69711 0.91808
vt 0.70103 0.92178
vt 0.69708 0.92507
vt 0.69365 0.92184
vt 0.66706 0.98786
vt 0.66159 0.98717
vt 0.66259 0.98226
vt 0.66737 0.98287
vt 0.7072 0.93045
vt 0.70934 0.93527
vt 0.70435 0.93687
vt 0.70248 0.93265
vt 0.65068 0.91223
vt 0.65305 0.91672
vt 0.70441 0.92592
vt 0.70004 0.9287
vt 0.65626 0.9858
vt 0.65793 0.98107
vt 0.71079 0.94032
vt 0.70562 0.94129
vt 0.62751 0.94537
vt 0.6282 0.9402
vt 0.63339 0.94119
vt 0.63278 0.94571
vt 0.65116 0.9838
vt 0.65347 0.97932
vt 0.71155 0.9455
vt 0.70628 0.94582
vt 0.6296 0.93516
vt 0.63461 0.93678
vt 0.67203 0.90823
vt 0.67749 0.90892
vt 0.6765 0.91383
vt 0.67172 0.91322
vt 0.64637 0.98119
vt 0.64928 0.97703
vt 0.71159 0.95072
vt 0.70632 0.95038
vt 0.63167 0.93034
vt 0.63642 0.93256
vt 0.68282 0.91028
vt 0.68116 0.91502
vt 0.7109 0.95589
vt 0.70572 0.9549
vt 0.68841 0.98386
vt 0.68333 0.98585
vt 0.68161 0.98111
vt 0.68605 0.97937
vt 0.63439 0.92582
vt 0.6388 0.92861
vt 0.68793 0.91228
vt 0.68563 0.91677
vt 0.7095 0.96093
vt 0.70449 0.95931
vt 0.67802 0.98719
vt 0.67696 0.98228
vt 0.62976 0.96081
vt 0.63475 0.95921
vt 0.69272 0.91489
vt 0.68981 0.91905
vt 0.70743 0.96575
vt 0.70268 0.96353
vt 0.67256 0.98786
vt 0.67219 0.98287
vt 0.62831 0.95577
vt 0.63348 0.9548
vt 0.65576 0.91024
vt 0.65749 0.91498
vt 0.70471 0.97027
vt 0.7003 0.96748
vt 0.62755 0.95059
vt 0.63282 0.95027
vt 0.66107 0.9089
vt 0.66213 0.91381
vt 0.70138 0.9744
vt 0.69739 0.9711
vt 0.66652 0.90822
vt 0.6669 0.91322
vt 0.69751 0.97808
vt 0.694 0.97432
vt 0.64199 0.978
vt 0.64544 0.97425
vt 0.69316 0.98126
vt 0.6902 0.97709
vt 0.63807 0.9743
vt 0.64202 0.97101
vt 0.63771 0.92169
vt 0.64171 0.925
vt 0.6622 0.9527
vt 0.66117 0.95074
vt 0.66553 0.94929
vt 0.66601 0.9502
vt 0.66284 0.94249
vt 0.66457 0.94105
vt 0.66712 0.94478
vt 0.66631 0.94545
vt 0.67536 0.94173
vt 0.6769 0.94338
vt 0.67284 0.94587
vt 0.67213 0.9451
vt 0.67794 0.94535
vt 0.67333 0.94679
vt 0.66788 0.95629
vt 0.66568 0.95558
vt 0.66763 0.95154
vt 0.66865 0.95187
vt 0.66069 0.94748
vt 0.66113 0.94533
vt 0.66551 0.94677
vt 0.66531 0.94777
vt 0.6784 0.94751
vt 0.67354 0.94779
vt 0.66891 0.93965
vt 0.67123 0.9398
vt 0.67021 0.9442
vt 0.66913 0.94414
vt 0.66374 0.95436
vt 0.66673 0.95097
vt 0.66157 0.94431
vt 0.66572 0.9463
vt 0.67827 0.9497
vt 0.67348 0.9488
vt 0.67343 0.94051
vt 0.67123 0.94453
vt 0.67753 0.95177
vt 0.67314 0.94977
vt 0.67246 0.95601
vt 0.67019 0.95644
vt 0.66972 0.95194
vt 0.67078 0.95174
vt 0.66086 0.94967
vt 0.66539 0.94879
vt 0.66664 0.94008
vt 0.66808 0.94433
vt 0.67626 0.9536
vt 0.67255 0.95062
vt 0.67453 0.95504
vt 0.67174 0.95129
vt 0.63946 0.94613
vt 0.64 0.94266
vt 0.63956 0.94964
vt 0.68847 0.92691
vt 0.69105 0.92945
vt 0.68546 0.92483
vt 0.68569 0.9714
vt 0.68856 0.96921
vt 0.68245 0.97309
vt 0.69446 0.9134
vt 0.69816 0.91608
vt 0.63597 0.97532
vt 0.63312 0.97182
vt 0.6328 0.92416
vt 0.6356 0.92067
vt 0.69859 0.98008
vt 0.69492 0.98276
vt 0.64463 0.98268
vt 0.64093 0.98
vt 0.66118 0.90666
vt 0.66578 0.90609
vt 0.7063 0.97194
vt 0.70349 0.97542
vt 0.62595 0.95565
vt 0.62531 0.95128
vt 0.65018 0.91004
vt 0.65446 0.90836
vt 0.67791 0.98943
vt 0.67331 0.99
vt 0.71149 0.96215
vt 0.70974 0.96622
vt 0.62959 0.9661
vt 0.6278 0.96203
vt 0.6841 0.9084
vt 0.6884 0.91009
vt 0.68891 0.98606
vt 0.68463 0.98773
vt 0.71384 0.95141
vt 0.71325 0.95577
vt 0.62761 0.93394
vt 0.62936 0.92988
vt 0.67275 0.9061
vt 0.67735 0.90668
vt 0.71315 0.94044
vt 0.71379 0.94481
vt 0.65499 0.98768
vt 0.65069 0.98599
vt 0.62527 0.94468
vt 0.62585 0.94032
vt 0.70312 0.92077
vt 0.70597 0.92426
vt 0.7095 0.92998
vt 0.7113 0.93405
vt 0.66634 0.98999
vt 0.66173 0.9894
vt 0.6405 0.91601
vt 0.64417 0.91334
g Group8008
f 147/1 112/2 1/3 123/4
f 146/5 78/6 15/7 42/8
f 122/9 108/10 32/11 45/12
f 121/13 81/14 33/15 115/16
f 145/17 83/18 17/19 135/20
f 144/21 104/22 39/23 50/24
f 116/25 85/26 9/27 128/28
f 140/29 84/30 64/31 66/32
f 139/33 82/34 67/35 69/36
f 138/37 80/38 10/39 71/40
f 137/41 77/42 12/43 76/44
f 134/45 36/46 85/26 116/25
f 133/47 38/48 86/49 141/50
f 132/51 41/52 88/53 118/54
f 130/55 62/56 104/22 144/21
f 129/57 37/58 19/59 119/60
f 128/28 9/27 106/61 49/62
f 127/63 35/64 18/65 48/66
f 66/32 64/31 27/67 47/68
f 69/36 67/35 3/69 46/70
f 45/12 32/11 81/14 121/13
f 71/40 10/39 108/10 122/9
f 126/71 30/72 16/73 44/74
f 125/75 72/76 110/77 43/78
f 13/79 76/44 124/80 102/81
f 76/44 12/43 74/82 124/80
f 100/83 125/75 43/78 5/84
f 11/85 73/86 125/75 100/83
f 73/86 79/87 72/76 125/75
f 99/88 126/71 44/74 57/89
f 5/84 43/78 126/71 99/88
f 43/78 110/77 30/72 126/71
f 98/90 71/40 122/9 56/91
f 6/92 45/12 121/13 25/93
f 97/94 69/36 46/70 24/95
f 24/95 46/70 120/96 23/97
f 46/70 3/69 34/98 120/96
f 96/99 66/32 47/68 22/100
f 95/101 127/63 48/66 21/102
f 22/100 47/68 127/63 95/101
f 47/68 27/67 35/64 127/63
f 94/103 128/28 49/62 54/104
f 93/105 129/57 119/60 20/106
f 54/104 49/62 129/57 93/105
f 49/62 106/61 37/58 129/57
f 92/107 130/55 144/21 53/108
f 8/109 141/50 130/55 92/107
f 141/50 86/49 62/56 130/55
f 60/110 61/111 131/112 90/113
f 61/111 7/114 26/115 131/112
f 89/116 132/51 118/54 2/117
f 51/118 142/119 132/51 89/116
f 142/119 4/120 41/52 132/51
f 52/121 143/122 117/123 103/124
f 143/122 87/125 40/126 117/123
f 105/127 133/47 141/50 8/109
f 20/106 119/60 133/47 105/127
f 119/60 19/59 38/48 133/47
f 107/128 134/45 116/25 63/129
f 21/102 48/66 134/45 107/128
f 48/66 18/65 36/46 134/45
f 57/89 44/74 136/130 109/131
f 44/74 16/73 31/132 136/130
f 2/117 118/54 114/133 113/134
f 118/54 88/53 14/135 114/133
f 75/136 137/41 76/44 13/79
f 113/134 114/133 137/137 75/138
f 114/133 14/135 77/139 137/137
f 111/140 42/8 73/86 11/85
f 42/8 15/7 79/87 73/86
f 70/141 138/37 71/40 98/90
f 109/131 136/130 138/37 70/141
f 136/130 31/132 80/38 138/37
f 68/142 139/33 69/36 97/94
f 29/143 115/16 139/33 68/142
f 115/16 33/15 82/34 139/33
f 65/144 140/29 66/32 96/99
f 28/145 135/20 140/29 65/144
f 135/20 17/19 84/30 140/29
f 63/129 116/25 128/28 94/103
f 103/124 117/123 61/111 60/110
f 117/123 40/126 7/114 61/111
f 90/113 131/112 142/119 51/118
f 131/112 26/115 4/120 142/119
f 91/146 50/24 143/122 52/121
f 50/24 39/23 87/125 143/122
f 53/108 144/21 50/24 91/146
f 55/147 145/17 135/20 28/145
f 23/97 120/96 145/17 55/147
f 120/96 34/98 83/18 145/17
f 25/93 121/13 115/16 29/143
f 56/91 122/9 45/12 6/92
f 58/148 146/5 42/8 111/140
f 101/149 123/4 146/5 58/148
f 123/4 1/3 78/6 146/5
f 59/150 147/1 123/4 101/149
f 102/81 124/80 147/1 59/150
f 124/80 74/82 112/2 147/1
g Group8038
f 494/151 425/152 196/153 364/154
f 493/155 227/156 153/157 378/158
f 410/159 225/160 240/161 361/162
f 492/163 228/164 239/165 326/166
f 490/167 380/168 154/169 336/170
f 408/171 409/172 245/173 374/174
f 485/175 446/176 242/177 330/178
f 484/179 427/180 197/181 368/182
f 483/183 448/184 198/185 332/186
f 481/187 249/188 200/189 199/190
f 470/191 281/192 278/193 327/194
f 467/195 411/196 173/197 329/198
f 458/199 308/200 181/201 337/202
f 455/203 315/204 183/205 339/206
f 454/207 455/203 339/206 247/208
f 228/164 470/191 327/194 239/165
f 430/209 397/210 220/211 295/212
f 429/213 481/187 199/190 243/214
f 428/215 482/216 219/217 288/218
f 414/219 408/171 374/174 300/220
f 308/200 491/221 376/222 181/201
f 413/223 226/224 338/225 246/226
f 281/192 410/159 361/162 278/193
f 412/227 493/155 378/158 310/228
f 225/160 248/229 328/230 240/161
f 231/231 152/232 248/229 225/160
f 315/204 412/233 310/234 183/205
f 182/235 309/236 412/233 315/204
f 309/237 377/238 493/155 412/227
f 171/239 360/240 410/159 281/192
f 491/221 413/223 246/226 376/222
f 150/241 237/242 413/223 491/221
f 237/242 149/243 226/224 413/223
f 304/244 150/241 491/221 308/200
f 303/245 414/219 300/220 335/246
f 179/247 299/248 414/219 303/245
f 299/248 221/249 408/171 414/219
f 285/250 426/251 284/252 331/253
f 174/254 283/255 426/251 285/250
f 292/256 428/215 288/218 333/257
f 177/258 287/259 428/215 292/256
f 287/259 218/260 482/216 428/215
f 482/216 429/213 243/214 219/217
f 218/260 234/261 429/213 482/216
f 234/261 193/262 481/187 429/213
f 298/263 430/209 295/212 334/264
f 321/265 294/266 430/209 298/263
f 294/266 372/267 397/210 430/209
f 397/210 431/268 201/269 220/211
f 372/267 194/270 431/268 397/210
f 230/271 317/272 470/191 228/164
f 248/229 444/273 241/274 328/230
f 152/232 190/275 444/273 248/229
f 229/276 451/277 244/278 155/279
f 322/280 235/281 451/277 229/276
f 226/224 454/207 247/208 338/225
f 149/243 238/282 454/207 226/224
f 238/282 325/283 455/203 454/207
f 325/283 182/235 315/204 455/203
f 380/168 458/199 337/202 154/169
f 195/284 324/285 458/199 380/168
f 324/285 304/244 308/200 458/199
f 451/277 303/245 335/246 244/278
f 235/281 179/247 303/245 451/277
f 249/188 298/263 334/264 200/189
f 151/286 321/265 298/263 249/188
f 448/184 292/256 333/257 198/185
f 233/287 177/258 292/256 448/184
f 446/176 285/250 331/253 242/177
f 191/288 174/254 285/250 446/176
f 444/273 467/195 329/198 241/274
f 190/275 318/289 467/195 444/273
f 318/289 214/290 411/196 467/195
f 317/272 171/239 281/192 470/191
f 431/268 229/276 155/279 201/269
f 194/270 322/280 229/276 431/268
f 193/262 151/286 249/188 481/187
f 427/180 483/183 332/186 197/181
f 192/291 320/292 483/183 427/180
f 320/292 233/287 448/184 483/183
f 426/251 484/179 368/182 284/252
f 283/255 367/293 484/179 426/251
f 367/293 192/291 427/180 484/179
f 425/152 485/175 330/178 196/153
f 232/294 319/295 485/175 425/152
f 319/295 191/288 446/176 485/175
f 221/249 236/296 409/172 408/171
f 409/172 490/167 336/170 245/173
f 236/296 323/297 490/167 409/172
f 323/297 195/284 380/168 490/167
f 227/156 492/163 326/166 153/157
f 148/298 316/299 492/163 227/156
f 316/299 230/271 228/164 492/163
f 360/240 231/231 225/160 410/159
f 377/238 148/298 227/156 493/155
f 411/196 494/151 364/154 173/197
f 214/290 363/300 494/151 411/196
f 363/300 232/294 425/152 494/151
f 489/301 237/302 150/303 452/304
f 405/305 190/306 152/307 262/308
f 486/309 234/310 218/311 261/312
f 399/313 194/314 372/315 449/316
f 398/317 235/318 322/319 421/320
f 479/321 275/322 165/323 267/324
f 395/325 383/326 166/327 268/328
f 478/329 384/330 371/331 270/332
f 476/333 276/334 357/335 212/336
f 475/337 274/338 350/339 264/340
f 474/341 381/342 163/343 265/344
f 473/345 238/346 149/347 416/348
f 385/349 437/350 176/351 217/352
f 466/353 283/354 174/355 286/356
f 465/357 291/358 353/359 290/360
f 464/361 287/362 177/363 293/364
f 463/365 435/366 178/367 297/368
f 462/369 294/370 321/371 420/372
f 461/373 434/374 180/375 302/376
f 460/377 299/378 179/379 422/380
f 457/381 309/382 182/383 313/384
f 456/385 314/386 185/387 312/388
f 447/389 367/390 283/354 466/353
f 445/391 385/349 217/352 370/392
f 443/393 363/394 214/395 468/396
f 442/397 469/398 215/399 366/400
f 441/401 472/402 162/403 359/404
f 439/405 476/333 212/336 356/406
f 438/407 477/408 169/409 355/410
f 437/350 390/411 168/412 176/351
f 436/413 391/414 271/415 354/416
f 291/358 392/417 167/418 353/359
f 435/366 394/419 269/420 178/367
f 275/322 395/325 268/328 165/323
f 434/374 479/321 267/324 180/375
f 433/421 480/422 266/423 352/424
f 432/425 396/426 164/427 351/428
f 424/429 324/430 195/431 259/432
f 423/433 323/434 236/435 260/436
f 422/380 179/379 235/318 398/317
f 421/320 322/319 194/314 399/313
f 420/372 321/371 151/437 400/438
f 293/364 177/363 233/439 402/440
f 419/441 320/442 192/443 487/444
f 286/356 174/355 191/445 403/446
f 418/447 319/448 232/449 404/450
f 417/451 318/452 190/306 405/305
f 415/453 316/454 148/455 407/456
f 349/457 415/453 407/456 209/458
f 258/459 488/460 415/453 349/457
f 488/460 230/461 316/454 415/453
f 279/462 280/463 406/464 208/465
f 280/463 171/466 317/467 406/464
f 347/468 417/451 405/305 207/469
f 282/470 468/396 417/451 347/468
f 468/396 214/395 318/452 417/451
f 346/471 418/447 404/450 206/472
f 257/473 403/446 418/447 346/471
f 403/446 191/445 319/448 418/447
f 175/474 286/356 403/446 257/473
f 345/475 419/441 487/444 160/476
f 256/477 402/440 419/441 345/475
f 402/440 233/439 320/442 419/441
f 344/478 293/364 402/440 256/477
f 254/479 400/438 401/480 205/481
f 400/438 151/437 193/482 401/480
f 343/483 420/372 400/438 254/479
f 158/484 421/320 399/313 253/485
f 342/486 422/380 398/317 204/487
f 341/488 423/433 260/436 203/489
f 252/490 259/432 423/433 341/488
f 259/432 195/431 323/434 423/433
f 340/491 424/429 259/432 252/490
f 305/492 459/493 424/429 340/491
f 459/493 304/494 324/430 424/429
f 307/495 432/425 351/428 306/496
f 305/492 340/491 432/425 307/495
f 340/491 252/490 396/426 432/425
f 396/426 433/421 352/424 164/427
f 252/490 341/488 433/421 396/426
f 341/488 203/489 480/422 433/421
f 342/486 204/487 479/321 434/374
f 158/484 253/485 395/325 275/322
f 343/483 254/479 394/419 435/366
f 394/419 393/497 211/498 269/420
f 254/479 205/481 393/497 394/419
f 344/478 256/477 392/417 291/358
f 392/417 436/413 354/416 167/418
f 256/477 345/475 436/413 392/417
f 345/475 160/476 391/414 436/413
f 175/474 257/473 390/411 437/350
f 390/411 438/407 355/410 168/412
f 257/473 346/471 438/407 390/411
f 346/471 206/472 477/408 438/407
f 469/398 439/405 356/406 215/399
f 282/470 347/468 439/405 469/398
f 347/468 207/469 476/333 439/405
f 471/499 389/500 358/501 172/502
f 279/462 208/465 389/500 471/499
f 314/386 440/503 210/504 185/387
f 184/505 202/506 440/503 314/386
f 184/505 313/384 388/507 202/506
f 313/384 182/383 325/508 388/507
f 273/509 441/401 359/404 170/510
f 258/459 349/457 441/401 273/509
f 349/457 209/458 472/402 441/401
f 277/511 387/512 213/513 272/514
f 161/515 362/516 387/512 277/511
f 161/515 263/517 386/518 362/516
f 263/517 231/519 360/520 386/518
f 477/408 442/397 366/400 169/409
f 206/472 365/521 442/397 477/408
f 365/521 282/470 469/398 442/397
f 365/521 443/393 468/396 282/470
f 206/472 404/450 443/393 365/521
f 404/450 232/449 363/394 443/393
f 391/414 445/391 370/392 271/415
f 160/476 369/522 445/391 391/414
f 369/522 216/523 385/349 445/391
f 369/522 447/389 466/353 216/523
f 160/476 487/444 447/389 369/522
f 487/444 192/443 367/390 447/389
f 480/422 382/524 375/525 266/423
f 203/489 222/526 382/524 480/422
f 203/489 260/436 450/527 222/526
f 260/436 236/435 221/528 450/527
f 209/458 407/456 379/529 223/530
f 407/456 148/455 377/531 379/529
f 472/402 453/532 224/533 162/403
f 209/458 223/530 453/532 472/402
f 453/532 456/534 312/535 224/533
f 223/530 311/536 456/534 453/532
f 311/537 184/505 314/386 456/385
f 311/537 457/381 313/384 184/505
f 223/530 379/529 457/538 311/536
f 379/529 377/531 309/539 457/538
f 157/540 452/304 459/493 305/492
f 452/304 150/303 304/494 459/493
f 381/342 307/495 306/496 163/343
f 157/540 305/492 307/495 381/342
f 301/541 460/377 422/380 342/486
f 222/526 450/527 460/377 301/541
f 450/527 221/528 299/378 460/377
f 382/524 461/373 302/376 375/525
f 222/526 301/541 461/373 382/524
f 301/541 342/486 434/374 461/373
f 296/542 462/369 420/372 343/483
f 373/543 449/316 462/369 296/542
f 449/316 372/315 294/370 462/369
f 383/326 463/365 297/368 166/327
f 373/543 296/542 463/365 383/326
f 296/542 343/483 435/366 463/365
f 289/544 464/361 293/364 344/478
f 159/545 261/312 464/361 289/544
f 261/312 218/311 287/362 464/361
f 384/330 465/357 290/360 371/331
f 159/545 289/544 465/357 384/330
f 289/544 344/478 291/358 465/357
f 216/523 466/353 286/356 175/474
f 216/523 175/474 437/350 385/349
f 362/516 386/518 280/463 279/462
f 386/518 360/520 171/466 280/463
f 387/512 471/499 172/502 213/513
f 362/516 279/462 471/499 387/512
f 250/546 473/345 416/348 156/547
f 202/506 388/507 473/345 250/546
f 388/507 325/508 238/346 473/345
f 274/338 474/341 265/344 350/339
f 156/547 251/548 474/341 274/338
f 251/548 157/540 381/342 474/341
f 440/503 475/337 264/340 210/504
f 202/506 250/546 475/337 440/503
f 250/546 156/547 274/338 475/337
f 389/500 273/509 170/510 358/501
f 208/465 258/459 273/509 389/500
f 276/334 277/511 272/514 357/335
f 348/549 161/515 277/511 276/334
f 207/469 348/549 276/334 476/333
f 393/497 478/329 270/332 211/498
f 205/481 255/550 478/329 393/497
f 255/550 159/545 384/330 478/329
f 253/485 373/543 383/326 395/325
f 204/487 158/484 275/322 479/321
f 204/487 398/317 421/320 158/484
f 253/485 399/313 449/316 373/543
f 255/550 486/309 261/312 159/545
f 205/481 401/480 486/309 255/550
f 401/480 193/482 234/310 486/309
f 207/469 405/305 262/308 348/549
f 348/549 262/308 263/517 161/515
f 262/308 152/307 231/519 263/517
f 208/465 406/464 488/460 258/459
f 406/464 317/467 230/461 488/460
f 251/548 489/301 452/304 157/540
f 156/547 416/348 489/301 251/548
f 416/348 149/347 237/302 489/301
f 265/551 163/552 306/553 351/554
f 312/555 185/556 210/557
f 495/558 351/554 164/559
f 265/551 351/554 495/558
f 496/560 164/559 352/561
f 495/558 164/559 496/560
f 496/560 352/561 266/562
f 497/563 266/562 375/564
f 496/560 266/562 497/563
f 497/563 375/564 302/565
f 498/566 265/551 495/558
f 350/567 265/551 498/566
f 264/568 350/567 498/566
f 499/569 264/568 498/566
f 210/557 264/568 499/569
f 312/555 210/557 499/569
f 500/570 312/555 499/569
f 224/571 312/555 500/570
f 162/572 224/571 500/570
f 501/573 162/572 500/570
f 359/574 162/572 501/573
f 170/575 359/574 501/573
f 502/576 170/575 501/573
f 358/577 170/575 502/576
f 172/578 358/577 502/576
f 503/579 172/578 502/576
f 213/580 172/578 503/579
f 272/581 213/580 503/579
f 504/582 272/581 503/579
f 357/583 272/581 504/582
f 212/584 357/583 504/582
f 505/585 212/584 504/582
f 356/586 212/584 505/585
f 215/587 356/586 505/585
f 506/588 215/587 505/585
f 366/589 215/587 506/588
f 169/590 366/589 506/588
f 507/591 169/590 506/588
f 355/592 169/590 507/591
f 168/593 355/592 507/591
f 508/594 168/593 507/591
f 176/595 168/593 508/594
f 217/596 176/595 508/594
f 509/597 217/596 508/594
f 370/598 217/596 509/597
f 271/599 370/598 509/597
f 510/600 271/599 509/597
f 354/601 271/599 510/600
f 167/602 354/601 510/600
f 511/603 167/602 510/600
f 353/604 167/602 511/603
f 290/605 353/604 511/603
f 512/606 290/605 511/603
f 371/607 290/605 512/606
f 270/608 371/607 512/606
f 513/609 270/608 512/606
f 211/610 270/608 513/609
f 269/611 211/610 513/609
f 514/612 269/611 513/609
f 178/613 269/611 514/612
f 297/614 178/613 514/612
f 515/615 297/614 514/612
f 166/616 297/614 515/615
f 268/617 166/616 515/615
f 516/618 268/617 515/615
f 165/619 268/617 516/618
f 267/620 165/619 516/618
f 517/621 267/620 516/618
f 180/622 267/620 517/621
f 302/565 180/622 517/621
f 518/623 302/565 517/621
f 497/563 302/565 518/623
f 519/624 497/563 518/623
f 496/560 497/563 519/624
f 520/625 496/560 519/624
f 495/558 496/560 520/625
f 521/626 495/558 520/625
f 498/566 495/558 521/626
f 522/627 498/566 521/626
f 499/569 498/566 522/627
f 523/628 499/569 522/627
f 500/570 499/569 523/628
f 501/573 500/570 523/628
f 524/629 501/573 523/628
f 502/576 501/573 524/629
f 525/630 523/628 522/627
f 524/629 523/628 525/630
f 526/631 502/576 524/629
f 503/579 502/576 526/631
f 527/632 503/579 526/631
f 504/582 503/579 527/632
f 528/633 504/582 527/632
f 505/585 504/582 528/633
f 529/634 505/585 528/633
f 506/588 505/585 529/634
f 530/635 506/588 529/634
f 507/591 506/588 530/635
f 531/636 507/591 530/635
f 508/594 507/591 531/636
f 532/637 508/594 531/636
f 509/597 508/594 532/637
f 533/638 509/597 532/637
f 510/600 509/597 533/638
f 534/639 510/600 533/638
f 511/603 510/600 534/639
f 535/640 511/603 534/639
f 512/606 511/603 535/640
f 536/641 512/606 535/640
f 513/609 512/606 536/641
f 537/642 513/609 536/641
f 514/612 513/609 537/642
f 538/643 514/612 537/642
f 515/615 514/612 538/643
f 539/644 515/615 538/643
f 516/618 515/615 539/644
f 540/645 516/618 539/644
f 517/621 516/618 540/645
f 518/623 517/621 540/645
f 541/646 518/623 540/645
f 519/624 518/623 541/646
f 520/625 519/624 541/646
f 542/647 520/625 541/646
f 521/626 520/625 542/647
f 543/648 524/629 525/630
f 526/631 524/629 543/648
f 544/649 526/631 543/648
f 527/632 526/631 544/649
f 528/633 527/632 544/649
f 545/650 528/633 544/649
f 529/634 528/633 545/650
f 546/651 529/634 545/650
f 530/635 529/634 546/651
f 531/636 530/635 546/651
f 547/652 522/627 521/626
f 525/630 522/627 547/652
f 543/648 525/630 547/652
f 548/653 521/626 542/647
f 547/652 521/626 548/653
f 549/654 543/648 547/652
f 544/649 543/648 549/654
f 545/650 544/649 549/654
f 550/655 547/652 548/653
f 549/654 547/652 550/655
f 551/656 549/654 550/655
f 545/650 549/654 551/656
f 546/651 545/650 551/656
f 552/657 546/651 551/656
f 531/636 546/651 552/657
f 532/637 531/636 552/657
f 553/658 532/637 552/657
f 533/638 532/637 553/658
f 534/639 533/638 553/658
f 554/659 534/639 553/658
f 535/640 534/639 554/659
f 555/660 535/640 554/659
f 536/641 535/640 555/660
f 537/642 536/641 555/660
f 556/661 552/657 551/656
f 553/658 552/657 556/661
f 554/659 553/658 556/661
f 557/662 551/656 550/655
f 556/661 551/656 557/662
f 558/663 550/655 548/653
f 557/662 550/655 558/663
f 559/664 556/661 557/662
f 554/659 556/661 559/664
f 555/660 554/659 559/664
f 559/664 557/662 558/663
f 560/665 548/653 542/647
f 558/663 548/653 560/665
f 561/666 542/647 541/646
f 560/665 542/647 561/666
f 561/666 541/646 540/645
f 562/667 540/645 539/644
f 561/666 540/645 562/667
f 562/667 539/644 538/643
f 560/665 561/666 562/667
f 563/668 560/665 562/667
f 558/663 560/665 563/668
f 559/664 558/663 563/668
f 555/660 559/664 563/668
f 538/643 537/642 555/660
f 538/643 555/660 563/668
f 538/643 563/668 562/667
g Group8053
f 186/669 188/670 189/671 187/672
f 186/673 187/674 566/675 564/676
f 189/677 188/678 569/679 570/680
f 565/681 567/682 571/683 568/684
f 187/685 189/686 570/687 566/688
f 569/689 564/690 565/681 568/684
f 564/676 566/675 567/682 565/681
f 566/688 570/687 571/683 567/682
f 570/680 569/679 568/684 571/683
f 188/691 186/692 564/690 569/689
g Group8083
f 868/693 575/694 666/695 787/696
f 831/697 617/698 603/699 844/700
f 827/701 622/702 617/698 831/697
f 867/703 577/704 622/702 827/701
f 817/705 633/706 674/707 779/708
f 818/709 632/710 633/706 817/705
f 785/711 668/712 631/713 819/714
f 819/714 631/713 632/710 818/709
f 822/715 627/716 575/694 868/693
f 789/717 662/718 577/704 867/703
f 776/719 677/720 678/721 775/722
f 777/723 676/724 677/720 776/719
f 778/725 675/726 676/724 777/723
f 779/708 674/707 675/726 778/725
f 844/700 603/699 604/727 843/728
f 786/729 667/730 668/712 785/711
f 787/696 666/695 667/730 786/729
f 790/731 661/732 662/733 789/734
f 775/722 678/721 661/732 790/731
f 825/735 624/736 627/716 822/715
f 843/728 604/727 624/736 825/735
f 915/737 963/738 686/739 767/740
f 727/741 726/742 725/743 728/744
f 774/745 679/746 951/747 903/748
f 752/749 701/750 959/751 911/752
f 772/753 681/754 942/755 894/756
f 878/757 926/758 726/742 727/741
f 896/759 944/760 721/761 732/762
f 762/763 691/764 949/765 901/766
f 766/767 687/768 961/769 913/770
f 740/771 713/772 962/773 914/774
f 884/775 932/776 696/777 757/778
f 909/779 957/780 702/781 751/782
f 746/783 707/784 936/785 888/786
f 771/787 682/788 933/789 885/790
f 887/791 935/792 694/793 759/794
f 876/795 924/796 717/797 736/798
f 730/799 723/800 934/801 886/802
f 872/803 920/804 698/805 755/806
f 733/807 720/808 943/809 895/810
f 890/811 938/812 688/813 765/814
f 914/774 962/773 944/760 896/759
f 742/815 711/816 922/817 874/818
f 893/819 941/820 706/821 747/822
f 760/823 693/824 940/825 892/826
f 729/827 724/828 723/800 730/799
f 768/829 685/830 918/831 870/832
f 750/833 703/834 954/835 906/836
f 754/837 699/838 964/839 916/840
f 891/841 939/842 722/843 731/844
f 905/845 953/846 690/847 763/848
f 916/840 964/839 920/804 872/803
f 735/849 718/850 952/851 904/852
f 907/853 955/854 716/855 737/856
f 764/857 689/858 956/859 908/860
f 758/861 695/862 931/863 883/864
f 902/865 950/866 712/867 741/868
f 882/869 930/870 724/828 729/827
f 889/871 937/872 708/873 745/874
f 881/875 929/876 683/877 770/878
f 900/879 948/880 719/881 734/882
f 738/883 715/884 958/885 910/886
f 899/887 947/888 680/889 773/890
f 912/891 960/892 714/893 739/894
f 748/895 705/896 946/897 898/898
f 897/899 945/900 700/901 753/902
f 913/770 961/769 963/738 915/737
f 732/762 721/761 720/808 733/807
f 734/882 719/881 718/850 735/849
f 911/752 959/751 937/872 889/871
f 737/856 716/855 715/884 738/883
f 739/894 714/893 713/772 740/771
f 910/886 958/885 960/892 912/891
f 741/868 712/867 711/816 742/815
f 743/903 710/904 709/905 744/906
f 908/860 956/859 932/776 884/775
f 745/874 708/873 707/784 746/783
f 747/822 706/821 705/896 748/895
f 906/836 954/835 957/780 909/779
f 749/907 704/908 703/834 750/833
f 751/782 702/781 701/750 752/749
f 904/852 952/851 924/796 876/795
f 753/902 700/901 699/838 754/837
f 903/748 951/747 955/854 907/853
f 755/806 698/805 697/909 756/910
f 757/778 696/777 695/862 758/861
f 901/766 949/765 953/846 905/845
f 759/794 694/793 693/824 760/823
f 761/911 692/912 691/764 762/763
f 763/848 690/847 689/858 764/857
f 898/898 946/897 950/866 902/865
f 765/814 688/813 687/768 766/767
f 767/740 686/739 685/830 768/829
f 895/810 943/809 948/880 900/879
f 736/798 717/797 684/913 769/914
f 894/756 942/755 947/888 899/887
f 770/878 683/877 682/788 771/787
f 731/844 722/843 681/754 772/753
f 892/826 940/825 945/900 897/899
f 773/890 680/889 679/746 774/745
f 888/786 936/785 941/820 893/819
f 886/802 934/801 939/842 891/841
f 885/790 933/789 938/812 890/811
f 883/864 931/863 935/792 887/791
f 880/915 928/916 926/758 878/757
f 877/917 925/918 930/870 882/869
f 875/919 923/920 929/876 881/875
f 871/921 919/922 927/923 879/924
f 874/818 922/817 921/925 873/926
f 870/832 918/831 917/927 869/928
f 869/928 917/927 692/912 761/911
f 756/910 697/909 919/929 871/930
f 873/926 921/925 710/904 743/903
f 769/914 684/913 923/920 875/919
f 728/744 725/743 925/918 877/917
f 879/924 927/923 704/908 749/907
f 744/906 709/905 928/916 880/915
f 846/931 601/932 581/933 866/934
f 857/935 590/936 588/937 859/938
f 866/934 581/933 607/939 841/940
f 854/941 593/942 591/943 856/944
f 859/938 588/937 594/945 853/946
f 824/947 625/948 626/949 823/950
f 841/940 607/939 623/951 826/952
f 845/953 602/954 618/955 830/956
f 847/957 600/958 601/932 846/931
f 830/956 618/955 612/959 836/960
f 848/961 599/962 609/963 839/964
f 837/965 611/966 598/967 849/968
f 851/969 596/970 597/971 850/972
f 850/972 597/971 611/966 837/965
f 853/946 594/945 595/973 852/974
f 852/974 595/973 596/970 851/969
f 849/968 598/967 625/948 824/947
f 823/950 626/949 593/942 854/941
f 836/960 612/959 600/958 847/957
f 855/975 592/976 616/977 832/978
f 856/944 591/943 599/962 848/961
f 832/978 616/977 590/936 857/935
f 839/964 609/963 602/954 845/953
f 858/979 589/980 592/976 855/975
f 826/952 623/951 589/980 858/979
f 803/981 647/982 574/983 967/984
f 968/985 573/986 664/987 788/988
f 865/989 582/990 585/991 862/992
f 828/993 620/994 583/995 864/996
f 864/996 583/995 614/997 834/998
f 833/999 615/1000 582/990 865/989
f 967/984 574/983 610/1001 838/1002
f 862/992 585/991 584/1003 863/1004
f 863/1004 584/1003 573/986 968/985
f 834/998 614/997 615/1000 833/999
f 838/1005 610/1006 620/994 828/993
f 792/1007 659/1008 660/1009 791/1010
f 793/1011 658/1012 659/1008 792/1007
f 794/1013 657/1014 658/1012 793/1011
f 788/988 664/987 657/1014 794/1013
f 796/1015 655/1016 656/1017 795/1018
f 797/1019 654/1020 655/1016 796/1015
f 798/1021 653/1022 654/1020 797/1019
f 791/1010 660/1009 653/1022 798/1021
f 800/1023 651/1024 652/1025 799/1026
f 801/1027 650/1028 651/1024 800/1023
f 802/1029 649/1030 650/1028 801/1027
f 795/1018 656/1017 649/1030 802/1029
f 804/1031 646/1032 647/982 803/981
f 805/1033 645/1034 646/1032 804/1031
f 799/1026 652/1025 645/1034 805/1033
f 842/1035 605/1036 579/1037 965/1038
f 965/1038 579/1037 641/1039 809/1040
f 815/1041 635/1042 636/1043 814/1044
f 969/1045 572/1046 629/1047 821/1048
f 820/1049 630/1050 613/1051 835/1052
f 861/1053 586/1054 605/1036 842/1035
f 816/1055 634/1056 635/1042 815/1041
f 810/1057 640/1058 634/1056 816/1055
f 780/1059 673/1060 572/1046 969/1045
f 821/1048 629/1047 630/1050 820/1049
f 781/1061 672/1062 673/1060 780/1059
f 782/1063 671/1064 672/1062 781/1061
f 783/1065 670/1066 671/1064 782/1063
f 784/1067 669/1068 670/1066 783/1065
f 829/1069 619/1070 587/1071 860/1072
f 835/1052 613/1051 619/1070 829/1069
f 840/1073 608/1074 586/1054 861/1053
f 807/1075 643/1076 644/1077 806/1078
f 808/1079 642/1080 643/1076 807/1075
f 809/1081 641/1082 642/1080 808/1079
f 811/1083 639/1084 640/1058 810/1057
f 860/1072 587/1071 608/1074 840/1073
f 812/1085 638/1086 639/1084 811/1083
f 813/1087 637/1088 638/1086 812/1085
f 806/1078 644/1077 637/1088 813/1087
f 814/1044 636/1043 669/1068 784/1067
f 956/1089 641/1090 648/1091 932/1092
f 620/1093 625/1094 598/1095 583/1096
f 606/1097 593/1098 626/1099 610/1100
f 627/1101 607/1102 581/1103 628/1104
f 948/1105 671/1106 670/1107 952/1108
f 579/1109 605/1110 606/1097 580/1111
f 572/1112 673/1113 665/1114 576/1115
f 608/1116 609/1117 599/1118 586/1119
f 951/1120 631/1121 668/1122 955/1123
f 938/1124 640/1125 639/1126 961/1127
f 641/1090 579/1109 580/1111 648/1091
f 583/1096 598/1095 611/1128 614/1129
f 917/1130 644/1131 643/1132 949/1133
f 630/1134 600/1135 612/1136 613/1137
f 955/1123 668/1122 667/1138 958/1139
f 628/1104 581/1103 601/1140 629/1141
f 619/1142 618/1143 602/1144 587/1145
f 629/1141 601/1140 600/1135 630/1134
f 578/1146 621/1147 622/1148 577/1149
f 962/1150 665/1114 673/1113 944/1151
f 603/1152 592/1153 589/1154 604/1155
f 949/1133 643/1132 642/1156 953/1157
f 960/1158 666/1159 665/1114 962/1150
f 624/1160 623/1161 607/1102 627/1101
f 613/1137 612/1136 618/1143 619/1142
f 580/1111 606/1097 610/1100 574/1162
f 573/1163 584/1164 621/1147 578/1146
f 617/1165 616/1166 592/1153 603/1152
f 622/1148 590/1167 616/1166 617/1165
f 683/1168 929/1169 933/1170 682/1171
f 614/1129 611/1128 597/1172 615/1173
f 585/1174 595/1175 594/1176 584/1164
f 708/1177 937/1178 936/1179 707/1180
f 663/1181 578/1146 577/1149 662/1182
f 664/1183 573/1163 578/1146 663/1181
f 587/1145 602/1144 609/1117 608/1116
f 961/1127 639/1126 638/1184 963/1185
f 605/1110 591/1186 593/1098 606/1097
f 628/1104 576/1115 575/1187 627/1101
f 945/1188 652/1189 651/1190 964/1191
f 629/1141 572/1112 576/1115 628/1104
f 950/1192 664/1183 663/1181 922/1193
f 936/1179 659/1194 658/1195 941/1196
f 964/1191 651/1190 650/1197 920/1198
f 698/1199 920/1198 919/1200 697/1201
f 584/1164 594/1176 588/1202 621/1147
f 604/1155 589/1154 623/1161 624/1160
f 717/1203 924/1204 923/1205 684/1206
f 953/1157 642/1156 641/1090 956/1089
f 959/1207 653/1208 660/1209 937/1178
f 621/1147 588/1202 590/1167 622/1148
f 726/1210 926/1211 925/1212 725/1213
f 576/1115 665/1114 666/1159 575/1187
f 710/1214 921/1215 928/1216 709/1217
f 931/1218 647/1219 646/1220 935/1221
f 724/1222 930/1223 934/1224 723/1225
f 648/1091 580/1111 574/1162 647/1219
f 615/1173 597/1172 596/1226 582/1227
f 696/1228 932/1092 931/1218 695/1229
f 922/1193 663/1181 662/1182 921/1215
f 933/1170 634/1230 640/1125 938/1124
f 941/1196 658/1195 657/1231 946/1232
f 926/1211 678/1233 677/1234 925/1212
f 954/1235 655/1236 654/1237 957/1238
f 919/1200 649/1239 656/1240 927/1241
f 930/1223 676/1242 675/1243 934/1224
f 694/1244 935/1221 940/1245 693/1246
f 923/1205 636/1247 635/1248 929/1169
f 937/1178 660/1209 659/1194 936/1179
f 921/1215 662/1182 661/1249 928/1216
f 929/1169 635/1248 634/1230 933/1170
f 932/1092 648/1091 647/1219 931/1218
f 928/1216 661/1249 678/1233 926/1211
f 721/1250 944/1151 943/1251 720/1252
f 925/1212 677/1234 676/1242 930/1223
f 939/1253 674/1254 633/1255 942/1256
f 706/1257 941/1196 946/1232 705/1258
f 935/1221 646/1220 645/1259 940/1245
f 944/1151 673/1113 672/1260 943/1251
f 940/1245 645/1259 652/1189 945/1188
f 692/1261 917/1130 949/1133 691/1262
f 943/1251 672/1260 671/1106 948/1105
f 680/1263 947/1264 951/1120 679/1265
f 924/1204 669/1266 636/1247 923/1205
f 958/1139 667/1138 666/1159 960/1158
f 934/1224 675/1243 674/1254 939/1253
f 610/1100 626/1099 625/1094 620/1093
f 586/1119 599/1118 591/1186 605/1110
f 719/1267 948/1105 952/1108 718/1268
f 920/1198 650/1197 649/1239 919/1200
f 704/1269 927/1241 954/1235 703/1270
f 942/1256 633/1255 632/1271 947/1264
f 700/1272 945/1188 964/1191 699/1273
f 918/1274 637/1275 644/1131 917/1130
f 716/1276 955/1123 958/1139 715/1277
f 946/1232 657/1231 664/1183 950/1192
f 690/1278 953/1157 956/1089 689/1279
f 702/1280 957/1238 959/1207 701/1281
f 952/1108 670/1107 669/1266 924/1204
f 947/1264 632/1271 631/1121 951/1120
f 582/1227 596/1226 595/1175 585/1174
f 688/1282 938/1124 961/1127 687/1283
f 957/1238 654/1237 653/1208 959/1207
f 714/1284 960/1158 962/1150 713/1285
f 722/1286 939/1253 942/1256 681/1287
f 686/1288 963/1185 918/1274 685/1289
f 963/1185 638/1184 637/1275 918/1274
f 712/1290 950/1192 922/1193 711/1291
f 927/1241 656/1240 655/1236 954/1235
f 870/1292 869/1293 1052/1294 1059/1295
f 872/1296 871/1297 1047/1298 1046/1299
f 874/1300 873/1301 1034/1302 1033/1303
f 876/1304 875/1305 1060/1306 1027/1307
f 878/1308 877/1309 1019/1310 1018/1311
f 871/1297 879/1312 1040/1313 1047/1298
f 873/1301 880/1314 1035/1315 1034/1302
f 875/1305 881/1316 1061/1317 1060/1306
f 877/1309 882/1318 1020/1319 1019/1310
f 884/1320 883/1321 1049/1322 1048/1323
f 880/1314 878/1308 1018/1311 1035/1315
f 881/1316 885/1324 1062/1325 1061/1317
f 882/1318 886/1326 1021/1327 1020/1319
f 883/1321 887/1328 1050/1329 1049/1322
f 889/1330 888/1331 1037/1332 1036/1333
f 885/1324 890/1334 1056/1335 1062/1325
f 886/1326 891/1336 1022/1337 1021/1327
f 887/1328 892/1338 1051/1339 1050/1329
f 888/1331 893/1340 1038/1341 1037/1332
f 891/1336 894/1342 1063/1343 1022/1337
f 896/1344 895/1345 1024/1346 1023/1347
f 892/1338 897/1348 1044/1349 1051/1339
f 893/1340 898/1350 1039/1351 1038/1341
f 894/1342 899/1352 1064/1353 1063/1343
f 895/1345 900/1354 1025/1355 1024/1346
f 869/1293 901/1356 1053/1357 1052/1294
f 898/1350 902/1358 1032/1359 1039/1351
f 899/1352 903/1360 1065/1361 1064/1353
f 900/1354 904/1362 1026/1363 1025/1355
f 901/1356 905/1364 1054/1365 1053/1357
f 879/1312 906/1366 1041/1367 1040/1313
f 903/1360 907/1368 1028/1369 1065/1361
f 904/1362 876/1304 1027/1307 1026/1363
f 905/1364 908/1370 1055/1371 1054/1365
f 906/1366 909/1372 1042/1373 1041/1367
f 907/1368 910/1374 1029/1375 1028/1369
f 908/1370 884/1320 1048/1323 1055/1371
f 909/1372 911/1376 1043/1377 1042/1373
f 910/1374 912/1378 1030/1379 1029/1375
f 890/1334 913/1380 1057/1381 1056/1335
f 911/1376 889/1330 1036/1333 1043/1377
f 912/1378 914/1382 1031/1383 1030/1379
f 913/1380 915/1384 1058/1385 1057/1381
f 897/1348 916/1386 1045/1387 1044/1349
f 914/1382 896/1344 1023/1347 1031/1383
f 915/1384 870/1292 1059/1295 1058/1385
f 916/1386 872/1296 1046/1299 1045/1387
f 902/1358 874/1300 1033/1303 1032/1359
f 1088/1388 1110/1389 1097/1390 1087/1391
f 1113/1392 1082/1393 1085/1394 1098/1395
f 1075/1396 1074/1397 1106/1398 1108/1399
f 1074/1397 1079/1400 1080/1401 1106/1398
f 1083/1402 1077/1403 1078/1404 1084/1405
f 1090/1406 1086/1407 1070/1408 1103/1409
f 1079/1400 1093/1410 1104/1411 1080/1401
f 1114/1412 1111/1413 1101/1414 1100/1415
f 1077/1403 1109/1416 1094/1417 1078/1404
f 1086/1407 1076/1418 1071/1419 1070/1408
f 1093/1410 1092/1420 1107/1421 1104/1411
f 1111/1413 1112/1422 1102/1423 1101/1414
f 1092/1420 1072/1424 1073/1425 1107/1421
f 1067/1426 1066/1427 1096/1428 1095/1429
f 1110/1389 1091/1430 1105/1431 1097/1390
f 1082/1393 1081/1432 1099/1433 1085/1394
f 1072/1424 1069/1434 1089/1435 1073/1425
f 1066/1427 1083/1402 1084/1405 1096/1428
f 1091/1430 1090/1406 1103/1409 1105/1431
f 1081/1432 1114/1412 1100/1415 1099/1433
f 1069/1434 1068/1436 1115/1437 1089/1435
f 1109/1416 1088/1388 1087/1391 1094/1417
f 1076/1418 1113/1392 1098/1395 1071/1419
f 1068/1436 1067/1426 1095/1429 1115/1437
f 1112/1422 1075/1396 1108/1399 1102/1423
f 1116/1438 967/1439 1086/1407 1090/1406
f 1117/1440 1116/1438 1090/1406 1091/1430
f 1118/1441 1119/1442 1074/1397 1075/1396
f 968/1443 1118/1441 1075/1396 1112/1422
f 1120/1444 966/1445 1030/1379 1031/1383
f 969/1446 1120/1444 1031/1383 1023/1347
f 1055/1371 1048/1323 1116/1438 1117/1440
f 1048/1323 1049/1322 967/1439 1116/1438
f 1067/1426 1068/1436 1120/1444 969/1446
f 1068/1436 1069/1434 966/1445 1120/1444
f 1032/1359 1033/1303 1118/1441 968/1443
f 1033/1303 1034/1302 1119/1442 1118/1441
f 984/1447 985/1448 874/1300 902/1358
f 1010/1449 1011/1450 870/1292 915/1384
f 996/1451 997/1452 916/1386 897/1348
f 982/1453 983/1454 914/1382 912/1378
f 1008/1455 1009/1456 913/1380 890/1334
f 994/1457 995/1458 911/1376 909/1372
f 980/1459 981/1460 910/1374 907/1368
f 1006/1461 1007/1462 908/1370 905/1364
f 992/1463 993/1464 906/1366 879/1312
f 977/1465 978/1466 904/1362 900/1354
f 1016/1467 1017/1468 903/1360 899/1352
f 1004/1469 1005/1470 901/1356 869/1293
f 990/1471 991/1472 898/1350 893/1340
f 975/1473 976/1474 895/1345 896/1344
f 974/1475 1015/1476 894/1342 891/1336
f 1002/1477 1003/1478 892/1338 887/1328
f 988/1479 989/1480 888/1331 889/1330
f 972/1481 973/1482 886/1326 882/1318
f 1013/1483 1014/1484 885/1324 881/1316
f 1000/1485 1001/1486 883/1321 884/1320
f 986/1487 987/1488 880/1314 873/1301
f 970/1489 971/1490 877/1309 878/1308
f 979/1491 1012/1492 875/1305 876/1304
f 998/1493 999/1494 871/1297 872/1296

 